static  FONT8x12[8*12*0x10000]: u8{
[8*12*' ']: 0,0,0,0,0,0,0,0,0,0,0,0,
[8*12*'!']: 0,0,0,0,64,64,64,64,64,0,0,64,
[8*12*'\"']: 0,0,0,0,0,160,160,0,0,0,0,0,
[8*12*'#']: 0,0,0,0,160,160,224,160,160,224,160,160,
[8*12*'$']: 0,0,0,0,64,96,128,64,32,32,192,64,
[8*12*'%']: 0,0,0,0,0,128,0,32,64,128,0,32,
[8*12*'&']: 0,0,0,0,64,160,160,64,64,160,128,96,
[8*12*'\'']: 0,0,0,0,0,64,64,0,0,0,0,0,
[8*12*'(']: 0,0,0,0,32,64,64,64,64,64,64,32,
[8*12*')']: 0,0,0,0,128,64,64,64,64,64,64,128,
[8*12*'*']: 0,0,0,0,0,0,0,160,64,224,64,160,
[8*12*'+']: 0,0,0,0,0,0,0,64,64,224,64,64,
[8*12*',']: 0,0,0,0,0,0,0,0,0,0,64,128,
[8*12*'-']: 0,0,0,0,0,0,0,0,0,224,0,0,
[8*12*'.']: 0,0,0,0,0,0,0,0,0,0,0,64,
[8*12*'/']: 0,0,0,0,32,32,64,64,64,64,128,128,
[8*12*'0']: 0,0,0,0,64,160,160,224,160,160,160,64,
[8*12*'1']: 0,0,0,0,64,192,64,64,64,64,64,224,
[8*12*'2']: 0,0,0,0,64,160,160,32,64,64,128,224,
[8*12*'3']: 0,0,0,0,64,160,32,64,32,160,160,64,
[8*12*'4']: 0,0,0,0,32,96,96,160,160,224,32,32,
[8*12*'5']: 0,0,0,0,224,128,192,160,32,160,160,64,
[8*12*'6']: 0,0,0,0,64,160,128,192,160,160,160,64,
[8*12*'7']: 0,0,0,0,224,160,32,64,64,64,64,64,
[8*12*'8']: 0,0,0,0,64,160,160,64,64,160,160,64,
[8*12*'9']: 0,0,0,0,64,160,160,160,96,32,160,64,
[8*12*':']: 0,0,0,0,0,0,0,64,0,0,0,64,
[8*12*';']: 0,0,0,0,0,0,64,0,0,0,64,128,
[8*12*'<']: 0,0,0,0,0,0,0,32,64,128,64,32,
[8*12*'=']: 0,0,0,0,0,0,0,0,224,0,224,0,
[8*12*'>']: 0,0,0,0,0,0,0,128,64,32,64,128,
[8*12*'?']: 0,0,0,0,64,160,32,64,64,0,0,64,
[8*12*'@']: 0,0,0,0,64,160,160,224,160,192,128,96,
[8*12*'A']: 0,0,0,0,64,160,160,160,224,160,160,160,
[8*12*'B']: 0,0,0,0,192,160,160,192,160,160,160,192,
[8*12*'C']: 0,0,0,0,64,160,160,128,128,160,160,64,
[8*12*'D']: 0,0,0,0,192,160,160,160,160,160,160,192,
[8*12*'E']: 0,0,0,0,224,128,128,192,128,128,128,224,
[8*12*'F']: 0,0,0,0,224,128,128,192,128,128,128,128,
[8*12*'G']: 0,0,0,0,64,160,128,128,160,160,160,96,
[8*12*'H']: 0,0,0,0,160,160,160,224,160,160,160,160,
[8*12*'I']: 0,0,0,0,224,64,64,64,64,64,64,224,
[8*12*'J']: 0,0,0,0,32,32,32,32,32,160,160,64,
[8*12*'K']: 0,0,0,0,160,160,160,192,192,160,160,160,
[8*12*'L']: 0,0,0,0,128,128,128,128,128,128,128,224,
[8*12*'M']: 0,0,0,0,160,224,224,224,160,160,160,160,
[8*12*'N']: 0,0,0,0,192,160,160,160,160,160,160,160,
[8*12*'O']: 0,0,0,0,64,160,160,160,160,160,160,64,
[8*12*'P']: 0,0,0,0,192,160,160,160,192,128,128,128,
[8*12*'Q']: 0,0,0,0,64,160,160,160,160,224,160,96,
[8*12*'R']: 0,0,0,0,192,160,160,192,160,160,160,160,
[8*12*'S']: 0,0,0,0,64,160,128,64,32,160,160,64,
[8*12*'T']: 0,0,0,0,224,64,64,64,64,64,64,64,
[8*12*'U']: 0,0,0,0,160,160,160,160,160,160,160,224,
[8*12*'V']: 0,0,0,0,160,160,160,160,160,160,64,64,
[8*12*'W']: 0,0,0,0,160,160,160,160,224,224,224,160,
[8*12*'X']: 0,0,0,0,160,160,160,64,64,160,160,160,
[8*12*'Y']: 0,0,0,0,160,160,160,64,64,64,64,64,
[8*12*'Z']: 0,0,0,0,224,32,32,64,64,128,128,224,
[8*12*'[']: 0,0,0,0,96,64,64,64,64,64,64,96,
[8*12*'\\']: 0,0,0,0,128,128,64,64,64,64,32,32,
[8*12*']']: 0,0,0,0,192,64,64,64,64,64,64,192,
[8*12*'^']: 0,0,0,0,0,64,160,0,0,0,0,0,
[8*12*'_']: 0,0,0,0,0,0,0,0,0,0,0,224,
[8*12*'`']: 0,0,0,0,0,128,64,0,0,0,0,0,
[8*12*'a']: 0,0,0,0,0,0,0,192,32,96,160,96,
[8*12*'b']: 0,0,0,0,128,128,128,192,160,160,160,192,
[8*12*'c']: 0,0,0,0,0,0,0,96,128,128,128,96,
[8*12*'d']: 0,0,0,0,32,32,32,96,160,160,160,96,
[8*12*'e']: 0,0,0,0,0,0,0,64,160,224,128,96,
[8*12*'f']: 0,0,0,0,96,64,64,224,64,64,64,64,
[8*12*'g']: 0,0,0,0,0,0,0,96,160,96,32,192,
[8*12*'h']: 0,0,0,0,128,128,128,192,160,160,160,160,
[8*12*'i']: 0,0,0,0,64,0,0,64,64,64,64,64,
[8*12*'j']: 0,0,0,0,32,0,32,32,32,32,160,64,
[8*12*'k']: 0,0,0,0,128,128,128,160,160,192,160,160,
[8*12*'l']: 0,0,0,0,192,64,64,64,64,64,64,64,
[8*12*'m']: 0,0,0,0,0,0,0,192,224,224,224,160,
[8*12*'n']: 0,0,0,0,0,0,0,192,160,160,160,160,
[8*12*'o']: 0,0,0,0,0,0,0,64,160,160,160,64,
[8*12*'p']: 0,0,0,0,0,0,0,192,160,160,192,128,
[8*12*'q']: 0,0,0,0,0,0,0,96,160,160,96,32,
[8*12*'r']: 0,0,0,0,0,0,0,160,192,128,128,128,
[8*12*'s']: 0,0,0,0,0,0,0,96,128,64,32,192,
[8*12*'t']: 0,0,0,0,0,64,64,224,64,64,64,96,
[8*12*'u']: 0,0,0,0,0,0,0,160,160,160,160,224,
[8*12*'v']: 0,0,0,0,0,0,0,160,160,160,64,64,
[8*12*'w']: 0,0,0,0,0,0,0,160,160,224,224,160,
[8*12*'x']: 0,0,0,0,0,0,0,160,160,64,160,160,
[8*12*'y']: 0,0,0,0,0,0,0,160,160,96,32,192,
[8*12*'z']: 0,0,0,0,0,0,0,224,32,64,128,224,
[8*12*'{']: 0,0,0,0,96,64,64,128,64,64,64,96,
[8*12*'|']: 0,0,0,0,64,64,64,64,64,64,64,64,
[8*12*'}']: 0,0,0,0,192,64,64,32,64,64,64,192,
[8*12*'~']: 0,0,0,0,0,0,0,0,192,96,0,0,
[8*12*'¢']: 0,0,0,0,64,64,96,128,128,96,64,64,
[8*12*'£']: 0,0,0,0,32,64,64,224,64,64,128,224,
[8*12*'¥']: 0,0,0,0,160,160,64,224,64,224,64,64,
[8*12*'¦']: 0,0,0,0,64,64,64,0,0,64,64,64,
[8*12*'§']: 0,0,0,0,56,68,48,72,36,24,68,56,
[8*12*'¨']: 0,0,0,0,0,40,0,0,0,0,0,0,
[8*12*'¬']: 0,0,0,0,0,0,0,0,224,32,32,0,
[8*12*'­']: 0,0,0,0,0,0,0,0,0,24,0,0,
[8*12*'¯']: 0,0,0,0,0,224,0,0,0,0,0,0,
[8*12*'°']: 0,0,0,0,0,64,160,64,0,0,0,0,
[8*12*'±']: 0,0,0,0,16,16,254,16,16,0,0,254,
[8*12*'´']: 0,0,0,0,0,8,16,0,0,0,0,0,
[8*12*'¶']: 0,0,0,0,60,116,116,52,20,20,20,20,
[8*12*'×']: 0,0,0,0,0,130,68,40,16,40,68,130,
[8*12*'÷']: 0,0,0,0,0,16,0,0,254,0,0,16,
[8*12*'Α']: 0,0,0,0,16,16,40,40,68,124,130,130,
[8*12*'Β']: 0,0,0,0,124,66,66,124,66,66,66,124,
[8*12*'Γ']: 0,0,0,0,126,64,64,64,64,64,64,64,
[8*12*'Δ']: 0,0,0,0,16,40,40,68,68,68,130,254,
[8*12*'Ε']: 0,0,0,0,126,64,64,124,64,64,64,126,
[8*12*'Ζ']: 0,0,0,0,126,2,4,8,16,32,64,126,
[8*12*'Η']: 0,0,0,0,66,66,66,126,66,66,66,66,
[8*12*'Θ']: 0,0,0,0,60,66,66,90,66,66,66,60,
[8*12*'Ι']: 0,0,0,0,56,16,16,16,16,16,16,56,
[8*12*'Κ']: 0,0,0,0,66,68,72,80,104,68,68,66,
[8*12*'Λ']: 0,0,0,0,16,40,40,68,68,68,130,130,
[8*12*'Μ']: 0,0,0,0,130,198,198,170,170,146,146,130,
[8*12*'Ν']: 0,0,0,0,66,98,82,82,74,74,70,66,
[8*12*'Ξ']: 0,0,0,0,126,0,0,60,0,0,0,126,
[8*12*'Ο']: 0,0,0,0,60,66,66,66,66,66,66,60,
[8*12*'Π']: 0,0,0,0,126,66,66,66,66,66,66,66,
[8*12*'Ρ']: 0,0,0,0,124,66,66,66,124,64,64,64,
[8*12*'Σ']: 0,0,0,0,126,32,16,8,8,16,32,126,
[8*12*'Τ']: 0,0,0,0,254,16,16,16,16,16,16,16,
[8*12*'Υ']: 0,0,0,0,130,68,68,40,16,16,16,16,
[8*12*'Φ']: 0,0,0,0,16,124,146,146,146,146,124,16,
[8*12*'Χ']: 0,0,0,0,130,68,40,16,16,40,68,130,
[8*12*'Ψ']: 0,0,0,0,146,84,84,84,56,16,16,16,
[8*12*'Ω']: 0,0,0,0,56,68,130,130,130,68,40,238,
[8*12*'α']: 0,0,0,0,0,0,0,26,36,68,72,54,
[8*12*'β']: 0,0,0,0,12,18,28,36,34,34,92,64,
[8*12*'γ']: 0,0,0,0,0,0,0,50,76,8,16,16,
[8*12*'δ']: 0,0,0,0,28,34,24,36,68,68,72,48,
[8*12*'ε']: 0,0,0,0,0,0,24,36,16,32,68,56,
[8*12*'ζ']: 0,0,0,0,44,16,32,64,64,56,4,24,
[8*12*'η']: 0,0,0,0,0,0,44,82,18,36,36,4,
[8*12*'θ']: 0,0,0,0,28,34,34,126,66,68,68,56,
[8*12*'ι']: 0,0,0,0,0,0,0,16,16,32,40,16,
[8*12*'κ']: 0,0,0,0,0,0,0,36,40,48,80,76,
[8*12*'λ']: 0,0,0,0,48,8,8,8,20,36,36,66,
[8*12*'μ']: 0,0,0,0,0,0,0,36,36,36,90,64,
[8*12*'ν']: 0,0,0,0,0,0,0,68,36,36,40,48,
[8*12*'ξ']: 0,0,0,0,28,32,56,64,64,56,4,24,
[8*12*'ο']: 0,0,0,0,0,0,0,24,36,68,72,48,
[8*12*'π']: 0,0,0,0,0,0,0,62,84,20,36,70,
[8*12*'ρ']: 0,0,0,0,0,0,0,28,34,34,92,64,
[8*12*'σ']: 0,0,0,0,0,0,0,30,36,68,72,48,
[8*12*'τ']: 0,0,0,0,0,0,0,62,72,16,20,8,
[8*12*'υ']: 0,0,0,0,0,0,0,100,36,68,72,48,
[8*12*'φ']: 0,0,0,0,4,4,4,60,74,74,60,16,
[8*12*'χ']: 0,0,0,0,0,0,0,50,12,24,40,70,
[8*12*'ψ']: 0,0,0,0,4,4,8,42,74,74,60,16,
[8*12*'ω']: 0,0,0,0,0,0,0,36,66,146,146,108,
[8*12*'Ё']: 0,0,0,0,36,126,64,64,124,64,64,126,
[8*12*'А']: 0,0,0,0,16,16,40,40,68,124,130,130,
[8*12*'Б']: 0,0,0,0,124,64,64,124,66,66,66,124,
[8*12*'В']: 0,0,0,0,124,66,66,124,66,66,66,124,
[8*12*'Г']: 0,0,0,0,126,64,64,64,64,64,64,64,
[8*12*'Д']: 0,0,0,0,60,36,36,36,68,68,254,130,
[8*12*'Е']: 0,0,0,0,126,64,64,124,64,64,64,126,
[8*12*'Ж']: 0,0,0,0,146,84,84,56,84,84,84,146,
[8*12*'З']: 0,0,0,0,60,66,2,28,2,2,66,60,
[8*12*'И']: 0,0,0,0,66,70,74,74,82,82,98,66,
[8*12*'Й']: 0,0,0,0,36,24,66,70,74,82,98,66,
[8*12*'К']: 0,0,0,0,70,72,72,80,104,68,68,66,
[8*12*'Л']: 0,0,0,0,62,34,34,34,34,34,34,194,
[8*12*'М']: 0,0,0,0,68,68,170,170,170,146,146,130,
[8*12*'Н']: 0,0,0,0,66,66,66,126,66,66,66,66,
[8*12*'О']: 0,0,0,0,60,66,66,66,66,66,66,60,
[8*12*'П']: 0,0,0,0,126,66,66,66,66,66,66,66,
[8*12*'Р']: 0,0,0,0,124,66,66,66,124,64,64,64,
[8*12*'С']: 0,0,0,0,28,34,64,64,64,64,34,28,
[8*12*'Т']: 0,0,0,0,254,16,16,16,16,16,16,16,
[8*12*'У']: 0,0,0,0,66,34,36,20,8,8,16,96,
[8*12*'Ф']: 0,0,0,0,16,124,146,146,146,146,124,16,
[8*12*'Х']: 0,0,0,0,130,68,40,16,16,40,68,130,
[8*12*'Ц']: 0,0,0,0,68,68,68,68,68,68,126,2,
[8*12*'Ч']: 0,0,0,0,66,66,66,70,58,2,2,2,
[8*12*'Ш']: 0,0,0,0,146,146,146,146,146,146,146,254,
[8*12*'Щ']: 0,0,0,0,146,146,146,146,146,146,254,2,
[8*12*'Ъ']: 0,0,0,0,192,64,64,120,68,68,68,120,
[8*12*'Ы']: 0,0,0,0,130,130,130,242,138,138,138,242,
[8*12*'Ь']: 0,0,0,0,64,64,64,120,68,68,68,120,
[8*12*'Э']: 0,0,0,0,56,68,2,62,2,2,68,56,
[8*12*'Ю']: 0,0,0,0,156,162,162,226,162,162,162,156,
[8*12*'Я']: 0,0,0,0,62,66,66,66,62,18,34,66,
[8*12*'а']: 0,0,0,0,0,0,0,56,4,60,68,60,
[8*12*'б']: 0,0,0,0,8,48,64,120,68,68,68,56,
[8*12*'в']: 0,0,0,0,0,0,0,120,68,120,68,120,
[8*12*'г']: 0,0,0,0,0,0,0,124,64,64,64,64,
[8*12*'д']: 0,0,0,0,0,0,0,60,36,36,126,66,
[8*12*'е']: 0,0,0,0,0,0,0,56,68,124,64,56,
[8*12*'ж']: 0,0,0,0,0,0,0,146,84,56,84,146,
[8*12*'з']: 0,0,0,0,0,0,0,56,68,24,68,56,
[8*12*'и']: 0,0,0,0,0,0,0,68,76,84,100,68,
[8*12*'й']: 0,0,0,0,0,40,16,68,76,84,100,68,
[8*12*'к']: 0,0,0,0,0,0,0,76,80,112,72,68,
[8*12*'л']: 0,0,0,0,0,0,0,60,36,36,36,196,
[8*12*'м']: 0,0,0,0,0,0,0,68,108,84,84,68,
[8*12*'н']: 0,0,0,0,0,0,0,68,68,124,68,68,
[8*12*'о']: 0,0,0,0,0,0,0,56,68,68,68,56,
[8*12*'п']: 0,0,0,0,0,0,0,124,68,68,68,68,
[8*12*'р']: 0,0,0,0,0,0,0,120,68,120,64,64,
[8*12*'с']: 0,0,0,0,0,0,0,56,68,64,68,56,
[8*12*'т']: 0,0,0,0,0,0,0,124,16,16,16,16,
[8*12*'у']: 0,0,0,0,0,0,0,68,40,40,16,96,
[8*12*'ф']: 0,0,0,0,0,16,16,56,84,84,56,16,
[8*12*'х']: 0,0,0,0,0,0,0,68,40,16,40,68,
[8*12*'ц']: 0,0,0,0,0,0,0,72,72,72,124,4,
[8*12*'ч']: 0,0,0,0,0,0,0,68,68,76,52,4,
[8*12*'ш']: 0,0,0,0,0,0,0,84,84,84,84,124,
[8*12*'щ']: 0,0,0,0,0,0,0,84,84,84,126,2,
[8*12*'ъ']: 0,0,0,0,0,0,0,96,32,56,36,56,
[8*12*'ы']: 0,0,0,0,0,0,0,66,66,114,74,114,
[8*12*'ь']: 0,0,0,0,0,0,0,64,64,120,68,120,
[8*12*'э']: 0,0,0,0,0,0,0,56,68,28,68,56,
[8*12*'ю']: 0,0,0,0,0,0,0,76,82,114,82,76,
[8*12*'я']: 0,0,0,0,0,0,0,60,68,60,36,68,
[8*12*'ё']: 0,0,0,0,0,40,0,56,68,124,64,56,
[8*12*'‐']: 0,0,0,0,0,0,0,0,0,24,0,0,
[8*12*'‑']: 0,0,0,0,0,0,0,0,0,96,0,0,
[8*12*'‒']: 0,0,0,0,0,0,0,0,224,0,0,0,
[8*12*'–']: 0,0,0,0,0,0,0,0,60,0,0,0,
[8*12*'—']: 0,0,0,0,0,0,0,0,254,0,0,0,
[8*12*'―']: 0,0,0,0,0,0,0,0,255,0,0,0,
[8*12*'‖']: 0,0,0,0,40,40,40,40,40,40,40,40,
[8*12*'‘']: 0,0,0,0,0,2,4,6,0,0,0,0,
[8*12*'’']: 0,0,0,0,0,192,64,128,0,0,0,0,
[8*12*'“']: 0,0,0,0,0,18,36,54,0,0,0,0,
[8*12*'”']: 0,0,0,0,0,216,72,144,0,0,0,0,
[8*12*'†']: 0,0,0,0,16,56,16,16,16,16,16,16,
[8*12*'‡']: 0,0,0,0,16,56,16,16,16,16,56,16,
[8*12*'‥']: 0,0,0,0,0,0,0,0,68,0,0,0,
[8*12*'…']: 0,0,0,0,0,0,0,0,146,0,0,0,
[8*12*'‰']: 0,0,0,0,68,168,80,32,64,148,42,20,
[8*12*'′']: 0,0,0,0,0,64,128,0,0,0,0,0,
[8*12*'″']: 0,0,0,0,0,80,160,0,0,0,0,0,
[8*12*'※']: 0,0,0,0,0,146,68,40,146,40,68,146,
[8*12*'‾']: 0,0,0,0,0,254,0,0,0,0,0,0,
[8*12*'℃']: 0,0,0,0,64,172,82,16,16,16,18,12,
[8*12*'№']: 0,0,0,0,144,144,208,212,186,186,154,148,
[8*12*'℡']: 0,0,0,0,224,64,64,116,100,116,100,118,
[8*12*'Å']: 0,0,0,0,16,40,16,40,40,68,124,130,
[8*12*'Ⅰ']: 0,0,0,0,16,16,16,16,16,16,16,16,
[8*12*'Ⅱ']: 0,0,0,0,40,40,40,40,40,40,40,40,
[8*12*'Ⅲ']: 0,0,0,0,84,84,84,84,84,84,84,84,
[8*12*'Ⅳ']: 0,0,0,0,162,162,148,148,148,148,136,136,
[8*12*'Ⅴ']: 0,0,0,0,68,68,40,40,40,40,16,16,
[8*12*'Ⅵ']: 0,0,0,0,138,138,82,82,82,82,34,34,
[8*12*'Ⅶ']: 0,0,0,0,170,170,170,170,170,170,74,74,
[8*12*'Ⅷ']: 0,0,0,0,170,170,170,170,170,170,106,106,
[8*12*'Ⅸ']: 0,0,0,0,162,148,148,136,136,148,148,162,
[8*12*'Ⅹ']: 0,0,0,0,68,40,40,16,16,40,40,68,
[8*12*'←']: 0,0,0,0,0,0,32,64,254,64,32,0,
[8*12*'↑']: 0,0,0,0,16,56,84,16,16,16,16,16,
[8*12*'→']: 0,0,0,0,0,0,8,4,254,4,8,0,
[8*12*'↓']: 0,0,0,0,16,16,16,16,16,84,56,16,
[8*12*'⇒']: 0,0,0,0,0,0,8,252,2,252,8,0,
[8*12*'⇔']: 0,0,0,0,0,0,40,124,130,124,40,0,
[8*12*'∀']: 0,0,0,0,130,130,124,68,40,40,16,16,
[8*12*'∂']: 0,0,0,0,24,36,4,52,72,136,144,96,
[8*12*'∃']: 0,0,0,0,126,2,2,126,2,2,2,126,
[8*12*'∇']: 0,0,0,0,254,194,68,100,40,56,16,16,
[8*12*'∈']: 0,0,0,0,0,62,64,128,254,128,64,62,
[8*12*'∋']: 0,0,0,0,0,248,4,2,254,2,4,248,
[8*12*'∑']: 0,0,0,0,126,32,16,8,8,16,32,126,
[8*12*'−']: 0,0,0,0,0,0,0,0,0,224,0,0,
[8*12*'√']: 0,0,0,0,30,16,32,32,32,224,64,64,
[8*12*'∝']: 0,0,0,0,0,0,108,146,144,144,146,108,
[8*12*'∞']: 0,0,0,0,0,0,108,146,146,146,146,108,
[8*12*'∟']: 0,0,0,0,128,128,128,128,128,128,128,254,
[8*12*'∠']: 0,0,0,0,0,2,4,8,16,32,64,254,
[8*12*'∥']: 0,0,0,0,20,20,40,40,40,40,80,80,
[8*12*'∧']: 0,0,0,0,16,16,40,40,68,68,130,130,
[8*12*'∨']: 0,0,0,0,130,130,68,68,40,40,16,16,
[8*12*'∩']: 0,0,0,0,56,68,130,130,130,130,130,130,
[8*12*'∪']: 0,0,0,0,130,130,130,130,130,130,68,56,
[8*12*'∫']: 0,0,0,0,8,20,16,16,16,16,80,32,
[8*12*'∬']: 0,0,0,0,20,42,40,40,40,40,168,80,
[8*12*'∮']: 0,0,0,0,12,16,56,84,84,56,16,96,
[8*12*'∴']: 0,0,0,0,0,0,16,0,0,0,0,68,
[8*12*'∵']: 0,0,0,0,0,0,68,0,0,0,0,16,
[8*12*'∽']: 0,0,0,0,0,0,76,146,146,146,146,100,
[8*12*'≒']: 0,0,0,0,0,64,0,254,0,254,0,4,
[8*12*'≠']: 0,0,0,0,0,4,8,254,16,254,32,64,
[8*12*'≡']: 0,0,0,0,0,254,0,0,254,0,0,254,
[8*12*'≦']: 0,0,0,0,6,56,192,56,6,254,0,254,
[8*12*'≧']: 0,0,0,0,192,56,6,56,192,254,0,254,
[8*12*'≪']: 0,0,0,0,0,0,36,72,144,72,36,0,
[8*12*'≫']: 0,0,0,0,0,0,72,36,18,36,72,0,
[8*12*'⊂']: 0,0,0,0,0,0,62,64,128,128,64,62,
[8*12*'⊃']: 0,0,0,0,0,0,248,4,2,2,4,248,
[8*12*'⊆']: 0,0,0,0,62,64,128,128,64,62,0,254,
[8*12*'⊇']: 0,0,0,0,248,4,2,2,4,248,0,254,
[8*12*'⊥']: 0,0,0,0,16,16,16,16,16,16,16,254,
[8*12*'⊿']: 0,0,0,0,0,2,6,10,18,34,66,254,
[8*12*'⌒']: 0,0,0,0,0,124,130,0,0,0,0,0,
[8*12*'␣']: 0,0,0,0,0,0,0,0,0,160,160,224,
[8*12*'①']: 0,0,0,0,124,146,178,146,146,146,130,124,
[8*12*'②']: 0,0,0,0,124,178,138,146,162,186,130,124,
[8*12*'③']: 0,0,0,0,124,178,138,146,138,178,130,124,
[8*12*'④']: 0,0,0,0,124,138,154,170,186,138,130,124,
[8*12*'⑤']: 0,0,0,0,124,186,162,178,138,178,130,124,
[8*12*'⑥']: 0,0,0,0,124,154,162,178,170,146,130,124,
[8*12*'⑦']: 0,0,0,0,124,186,138,146,146,146,130,124,
[8*12*'⑧']: 0,0,0,0,124,146,170,146,170,146,130,124,
[8*12*'⑨']: 0,0,0,0,124,146,170,154,138,178,130,124,
[8*12*'⑩']: 0,0,0,0,124,174,234,170,170,174,130,124,
[8*12*'⑪']: 0,0,0,0,124,166,238,166,166,166,130,124,
[8*12*'⑫']: 0,0,0,0,124,174,230,174,170,174,130,124,
[8*12*'⑬']: 0,0,0,0,124,174,230,174,166,174,130,124,
[8*12*'⑭']: 0,0,0,0,124,170,234,174,174,166,130,124,
[8*12*'⑮']: 0,0,0,0,124,174,234,174,166,174,130,124,
[8*12*'⑯']: 0,0,0,0,124,170,234,174,174,174,130,124,
[8*12*'⑰']: 0,0,0,0,124,174,230,170,170,170,130,124,
[8*12*'⑱']: 0,0,0,0,124,174,238,166,174,174,130,124,
[8*12*'⑲']: 0,0,0,0,124,174,238,174,166,174,130,124,
[8*12*'⑳']: 0,0,0,0,124,238,170,234,202,238,130,124,
[8*12*'─']: 0,0,0,0,0,0,0,0,255,0,0,0,
[8*12*'━']: 0,0,0,0,0,0,0,0,255,255,0,0,
[8*12*'│']: 16,16,16,16,16,16,16,16,16,16,16,16,
[8*12*'┃']: 24,24,24,24,24,24,24,24,24,24,24,24,
[8*12*'┌']: 0,0,0,0,0,0,31,16,16,16,16,16,
[8*12*'┏']: 0,0,0,0,0,0,31,31,24,24,24,24,
[8*12*'┐']: 0,0,0,0,0,0,240,16,16,16,16,16,
[8*12*'┓']: 0,0,0,0,0,0,248,248,24,24,24,24,
[8*12*'└']: 0,0,16,16,16,16,16,16,31,0,0,0,
[8*12*'┗']: 0,0,24,24,24,24,24,24,31,31,0,0,
[8*12*'┘']: 0,0,16,16,16,16,16,16,240,0,0,0,
[8*12*'┛']: 0,0,24,24,24,24,24,24,248,248,0,0,
[8*12*'├']: 16,16,16,16,16,16,31,16,16,16,16,16,
[8*12*'┝']: 16,16,16,16,16,16,31,31,16,16,16,16,
[8*12*'┠']: 24,24,24,24,24,24,31,24,24,24,24,24,
[8*12*'┣']: 24,24,24,24,24,24,31,31,24,24,24,24,
[8*12*'┤']: 16,16,16,16,16,16,240,16,16,16,16,16,
[8*12*'┥']: 16,16,16,16,16,16,240,240,16,16,16,16,
[8*12*'┨']: 24,24,24,24,24,24,248,24,24,24,24,24,
[8*12*'┫']: 24,24,24,24,24,24,248,248,24,24,24,24,
[8*12*'┬']: 0,0,0,0,0,0,255,16,16,16,16,16,
[8*12*'┯']: 0,0,0,0,0,0,255,255,16,16,16,16,
[8*12*'┰']: 0,0,0,0,0,0,255,24,24,24,24,24,
[8*12*'┳']: 0,0,0,0,0,0,255,255,24,24,24,24,
[8*12*'┴']: 0,0,16,16,16,16,16,16,255,0,0,0,
[8*12*'┷']: 0,0,16,16,16,16,16,16,255,255,0,0,
[8*12*'┸']: 0,0,24,24,24,24,24,24,255,0,0,0,
[8*12*'┻']: 0,0,24,24,24,24,24,24,255,255,0,0,
[8*12*'┼']: 16,16,16,16,16,16,255,16,16,16,16,16,
[8*12*'┿']: 16,16,16,16,16,16,255,255,16,16,16,16,
[8*12*'╂']: 24,24,24,24,24,24,255,24,24,24,24,24,
[8*12*'╋']: 24,24,24,24,24,24,255,255,24,24,24,24,
[8*12*'═']: 0,0,0,0,0,0,0,255,0,255,0,0,
[8*12*'╞']: 16,16,16,16,16,31,16,31,16,16,16,16,
[8*12*'╡']: 16,16,16,16,16,240,16,240,16,16,16,16,
[8*12*'╪']: 16,16,16,16,16,255,16,255,16,16,16,16,
[8*12*'╭']: 0,0,0,0,0,0,7,8,16,16,16,16,
[8*12*'╮']: 0,0,0,0,0,0,192,32,16,16,16,16,
[8*12*'╯']: 0,0,16,16,16,16,16,32,192,0,0,0,
[8*12*'╰']: 0,0,16,16,16,16,16,8,7,0,0,0,
[8*12*'╱']: 0,0,0,0,1,2,4,8,16,32,64,128,
[8*12*'╲']: 0,0,0,0,128,64,32,16,8,4,2,1,
[8*12*'╳']: 0,0,0,0,129,66,36,24,24,36,66,129,
[8*12*'▁']: 0,0,0,0,0,0,0,0,0,0,0,255,
[8*12*'▂']: 0,0,0,0,0,0,0,0,0,0,255,255,
[8*12*'▃']: 0,0,0,0,0,0,0,0,0,255,255,255,
[8*12*'▄']: 0,0,0,0,0,0,0,0,255,255,255,255,
[8*12*'▅']: 0,0,0,0,0,0,0,255,255,255,255,255,
[8*12*'▆']: 0,0,0,0,0,0,255,255,255,255,255,255,
[8*12*'▇']: 0,0,0,0,0,255,255,255,255,255,255,255,
[8*12*'█']: 0,0,0,0,255,255,255,255,255,255,255,255,
[8*12*'▉']: 0,0,0,0,254,254,254,254,254,254,254,254,
[8*12*'▊']: 0,0,0,0,252,252,252,252,252,252,252,252,
[8*12*'▋']: 0,0,0,0,248,248,248,248,248,248,248,248,
[8*12*'▌']: 0,0,0,0,240,240,240,240,240,240,240,240,
[8*12*'▍']: 0,0,0,0,224,224,224,224,224,224,224,224,
[8*12*'▎']: 0,0,0,0,192,192,192,192,192,192,192,192,
[8*12*'▏']: 0,0,0,0,128,128,128,128,128,128,128,128,
[8*12*'▔']: 0,0,0,0,0,255,0,0,0,0,0,0,
[8*12*'▕']: 0,0,0,0,1,1,1,1,1,1,1,1,
[8*12*'■']: 0,0,0,0,0,254,254,254,254,254,254,254,
[8*12*'□']: 0,0,0,0,0,254,130,130,130,130,130,254,
[8*12*'▲']: 0,0,0,0,16,16,56,56,124,124,254,254,
[8*12*'△']: 0,0,0,0,16,16,40,40,68,68,130,254,
[8*12*'▼']: 0,0,0,0,254,254,124,124,56,56,16,16,
[8*12*'▽']: 0,0,0,0,254,130,68,68,40,40,16,16,
[8*12*'◆']: 0,0,0,0,16,56,124,254,254,124,56,16,
[8*12*'◇']: 0,0,0,0,16,40,68,130,130,68,40,16,
[8*12*'○']: 0,0,0,0,56,68,130,130,130,130,68,56,
[8*12*'◎']: 0,0,0,0,56,68,146,170,170,146,68,56,
[8*12*'●']: 0,0,0,0,56,124,254,254,254,254,124,56,
[8*12*'◢']: 0,0,0,0,1,3,7,15,31,63,127,255,
[8*12*'◣']: 0,0,0,0,128,192,224,240,248,252,254,255,
[8*12*'◤']: 0,0,0,0,255,254,252,248,240,224,192,128,
[8*12*'◥']: 0,0,0,0,255,127,63,31,15,7,3,1,
[8*12*'◯']: 0,0,0,0,124,130,130,130,130,130,130,124,
[8*12*'★']: 0,0,0,0,16,16,254,124,56,56,108,68,
[8*12*'☆']: 0,0,0,0,16,16,238,68,40,56,108,68,
[8*12*'♀']: 0,0,0,0,56,68,68,68,56,16,124,16,
[8*12*'♂']: 0,0,0,0,30,6,10,114,136,136,136,112,
[8*12*'♠']: 0,0,0,0,16,56,124,254,254,214,16,56,
[8*12*'♡']: 0,0,0,0,0,108,146,130,130,68,40,16,
[8*12*'♢']: 0,0,0,0,16,40,68,130,130,68,40,16,
[8*12*'♣']: 0,0,0,0,56,56,56,254,254,214,16,56,
[8*12*'♤']: 0,0,0,0,16,40,68,130,186,214,16,56,
[8*12*'♥']: 0,0,0,0,0,108,254,254,254,124,56,16,
[8*12*'♦']: 0,0,0,0,16,56,124,254,254,124,56,16,
[8*12*'♧']: 0,0,0,0,56,40,40,214,186,214,16,56,
[8*12*'♪']: 0,0,0,0,24,28,22,18,20,112,240,96,
[8*12*'♭']: 0,0,0,0,32,32,44,50,34,36,40,48,
[8*12*'♯']: 0,0,0,0,4,38,60,100,38,60,100,32,
[8*12*'　']: 0,0,0,0,0,0,0,0,0,0,0,0,
[8*12*'、']: 0,0,0,0,0,0,0,0,0,0,128,64,
[8*12*'。']: 0,0,0,0,0,0,0,0,0,64,160,64,
[8*12*'〃']: 0,0,0,0,0,0,0,36,36,36,72,0,
[8*12*'々']: 0,0,0,0,32,60,36,68,136,48,16,8,
[8*12*'〆']: 0,2,2,4,52,72,72,148,164,160,192,128,
[8*12*'〇']: 0,0,0,0,56,68,130,130,130,68,56,0,
[8*12*'〈']: 0,0,0,0,0,2,4,8,16,8,4,2,
[8*12*'〉']: 0,0,0,0,0,128,64,32,16,32,64,128,
[8*12*'《']: 0,0,0,0,0,10,20,40,80,40,20,10,
[8*12*'》']: 0,0,0,0,0,160,80,40,20,40,80,160,
[8*12*'「']: 0,0,0,0,0,30,16,16,16,16,16,0,
[8*12*'」']: 0,0,0,0,0,0,16,16,16,16,16,240,
[8*12*'『']: 0,0,0,0,0,62,34,46,40,40,40,56,
[8*12*'』']: 0,0,0,0,0,56,40,40,40,232,136,248,
[8*12*'【']: 0,0,0,0,14,12,8,8,8,8,12,14,
[8*12*'】']: 0,0,0,0,224,96,32,32,32,32,96,224,
[8*12*'〒']: 0,0,0,0,254,0,0,254,16,16,16,16,
[8*12*'〓']: 0,0,0,0,0,0,254,254,0,0,254,254,
[8*12*'〔']: 0,0,0,0,6,24,16,16,16,16,24,6,
[8*12*'〕']: 0,0,0,0,192,48,16,16,16,16,48,192,
[8*12*'〜']: 0,0,0,0,0,0,0,96,146,12,0,0,
[8*12*'〝']: 0,0,0,0,0,20,20,10,0,0,0,0,
[8*12*'〟']: 0,0,0,0,0,0,0,0,0,160,80,80,
[8*12*'ぁ']: 0,0,0,0,0,0,32,120,32,120,180,100,
[8*12*'あ']: 0,0,0,0,32,124,32,60,106,170,178,100,
[8*12*'ぃ']: 0,0,0,0,0,0,0,136,132,132,160,64,
[8*12*'い']: 0,0,0,0,0,136,132,130,130,130,160,64,
[8*12*'ぅ']: 0,0,0,0,0,0,56,0,56,68,8,48,
[8*12*'う']: 0,0,0,0,60,0,60,66,2,2,4,56,
[8*12*'ぇ']: 0,0,0,0,0,0,56,0,120,16,48,92,
[8*12*'え']: 0,0,0,0,56,0,124,8,16,56,72,142,
[8*12*'ぉ']: 0,0,0,0,0,0,32,244,32,120,164,104,
[8*12*'お']: 0,0,0,0,32,244,34,32,60,98,162,108,
[8*12*'か']: 0,0,0,0,32,32,244,42,74,72,72,176,
[8*12*'が']: 0,0,10,10,32,32,244,42,74,72,72,176,
[8*12*'き']: 0,0,0,0,16,124,8,254,4,60,64,60,
[8*12*'ぎ']: 0,0,10,10,16,124,8,254,4,60,64,60,
[8*12*'く']: 0,0,0,0,8,16,32,64,64,32,16,8,
[8*12*'ぐ']: 0,0,10,10,8,16,32,64,64,32,16,8,
[8*12*'け']: 0,0,0,0,132,132,190,132,132,132,136,16,
[8*12*'げ']: 0,0,10,10,132,132,190,132,132,132,136,16,
[8*12*'こ']: 0,0,0,0,0,124,0,0,0,64,128,126,
[8*12*'ご']: 0,0,10,10,0,124,0,0,0,64,128,126,
[8*12*'さ']: 0,0,0,0,16,254,8,4,124,128,64,56,
[8*12*'ざ']: 0,0,10,10,16,254,8,4,124,128,64,56,
[8*12*'し']: 0,0,0,0,64,64,64,64,64,66,68,56,
[8*12*'じ']: 0,0,10,10,64,64,64,64,64,66,68,56,
[8*12*'す']: 0,0,0,0,16,254,16,56,72,56,8,48,
[8*12*'ず']: 0,0,10,10,16,254,16,56,72,56,8,48,
[8*12*'せ']: 0,0,0,0,36,36,254,36,44,32,32,30,
[8*12*'ぜ']: 0,0,10,10,36,36,254,36,44,32,32,30,
[8*12*'そ']: 0,0,0,0,124,16,32,254,16,32,32,28,
[8*12*'ぞ']: 0,0,10,10,124,16,32,254,16,32,32,28,
[8*12*'た']: 0,0,0,0,32,240,46,64,64,72,144,142,
[8*12*'だ']: 0,0,10,10,32,240,46,64,64,72,144,142,
[8*12*'ち']: 0,0,0,0,32,252,32,92,98,2,4,56,
[8*12*'ぢ']: 0,0,10,10,32,252,32,92,98,2,4,56,
[8*12*'っ']: 0,0,0,0,0,0,0,56,196,4,8,48,
[8*12*'つ']: 0,0,0,0,0,0,60,194,2,2,4,56,
[8*12*'づ']: 0,0,0,10,10,0,60,194,2,2,4,56,
[8*12*'て']: 0,0,0,0,0,254,16,32,32,32,16,12,
[8*12*'で']: 0,0,10,10,0,254,16,32,32,32,16,12,
[8*12*'と']: 0,0,0,0,32,32,36,56,64,128,128,126,
[8*12*'ど']: 0,0,10,10,32,32,36,56,64,128,128,126,
[8*12*'な']: 0,0,0,0,32,244,34,68,68,156,38,24,
[8*12*'に']: 0,0,0,0,128,156,128,128,128,144,160,158,
[8*12*'ぬ']: 0,0,0,0,8,72,92,106,170,182,170,70,
[8*12*'ね']: 0,0,0,0,32,44,242,34,34,102,170,38,
[8*12*'の']: 0,0,0,0,0,56,84,146,146,162,68,24,
[8*12*'は']: 0,0,0,0,132,132,190,132,132,156,166,152,
[8*12*'ば']: 0,0,10,10,132,132,190,132,132,156,166,152,
[8*12*'ぱ']: 0,4,10,4,132,132,190,132,132,156,166,152,
[8*12*'ひ']: 0,0,0,0,232,36,70,132,132,132,72,48,
[8*12*'び']: 0,0,10,10,232,36,70,132,132,132,72,48,
[8*12*'ぴ']: 0,4,10,4,232,36,70,132,132,132,72,48,
[8*12*'ふ']: 0,0,0,0,48,8,16,16,76,74,138,48,
[8*12*'ぶ']: 0,0,10,10,48,8,16,16,76,74,138,48,
[8*12*'ぷ']: 0,4,10,4,48,8,16,16,76,74,138,48,
[8*12*'へ']: 0,0,0,0,0,0,32,80,80,136,4,2,
[8*12*'べ']: 0,0,0,10,10,0,32,80,80,136,4,2,
[8*12*'ぺ']: 0,0,4,10,4,0,32,80,80,136,4,2,
[8*12*'ほ']: 0,0,0,0,190,132,190,132,132,156,166,152,
[8*12*'ぼ']: 0,0,10,10,190,132,190,132,132,156,166,152,
[8*12*'ぽ']: 0,4,10,4,190,132,190,132,132,156,166,152,
[8*12*'ま']: 0,0,0,0,16,254,16,254,16,120,148,98,
[8*12*'み']: 0,0,0,0,112,16,20,60,102,164,164,72,
[8*12*'む']: 0,0,0,0,32,244,34,96,160,162,66,60,
[8*12*'め']: 0,0,0,0,8,72,92,106,170,178,162,76,
[8*12*'も']: 0,0,0,0,16,252,32,252,32,34,34,28,
[8*12*'ゃ']: 0,0,0,0,0,0,144,120,196,72,32,32,
[8*12*'や']: 0,0,0,0,72,92,226,34,36,32,16,16,
[8*12*'ゅ']: 0,0,0,0,0,16,184,212,148,184,16,32,
[8*12*'ゆ']: 0,0,0,0,16,188,202,138,170,156,16,32,
[8*12*'ょ']: 0,0,0,0,0,0,16,28,16,112,152,100,
[8*12*'よ']: 0,0,0,0,16,16,30,16,16,120,148,98,
[8*12*'ら']: 0,0,0,0,112,8,64,124,194,130,4,56,
[8*12*'り']: 0,0,0,0,88,100,68,68,68,4,8,48,
[8*12*'る']: 0,0,0,0,124,16,32,124,130,50,74,60,
[8*12*'れ']: 0,0,0,0,32,44,244,36,36,100,166,36,
[8*12*'ろ']: 0,0,0,0,124,16,32,124,130,2,4,56,
[8*12*'ゎ']: 0,0,0,0,0,0,64,216,100,68,196,88,
[8*12*'わ']: 0,0,0,0,32,44,242,34,34,98,162,44,
[8*12*'ゐ']: 0,0,0,0,112,16,28,50,82,150,170,70,
[8*12*'ゑ']: 0,0,0,0,124,16,56,68,24,32,108,146,
[8*12*'を']: 0,0,0,0,16,252,32,118,152,40,64,62,
[8*12*'ん']: 0,0,0,0,16,16,32,32,112,72,138,140,
[8*12*'゛']: 0,0,0,0,0,160,80,0,0,0,0,0,
[8*12*'゜']: 0,0,0,0,0,64,160,64,0,0,0,0,
[8*12*'ゝ']: 0,0,0,0,0,0,96,16,8,4,12,48,
[8*12*'ゞ']: 0,0,0,10,10,0,96,16,8,4,12,48,
[8*12*'ァ']: 0,0,0,0,0,0,0,124,20,24,16,32,
[8*12*'ア']: 0,0,0,0,254,2,20,24,16,16,32,64,
[8*12*'ィ']: 0,0,0,0,0,0,4,8,24,104,8,8,
[8*12*'イ']: 0,0,0,0,2,4,8,24,40,200,8,8,
[8*12*'ゥ']: 0,0,0,0,0,0,16,124,68,4,8,48,
[8*12*'ウ']: 0,0,0,0,16,254,130,130,4,4,8,48,
[8*12*'ェ']: 0,0,0,0,0,0,0,56,16,16,16,124,
[8*12*'エ']: 0,0,0,0,0,0,124,16,16,16,16,254,
[8*12*'ォ']: 0,0,0,0,0,0,8,124,24,40,72,24,
[8*12*'オ']: 0,0,0,0,8,254,8,24,40,72,136,24,
[8*12*'カ']: 0,0,0,0,16,254,18,18,34,34,74,132,
[8*12*'ガ']: 0,0,10,10,16,254,18,18,34,34,74,132,
[8*12*'キ']: 0,0,0,0,16,124,16,16,254,8,8,8,
[8*12*'ギ']: 0,0,10,10,16,124,16,16,254,8,8,8,
[8*12*'ク']: 0,0,0,0,32,62,66,130,4,4,24,96,
[8*12*'グ']: 0,0,10,10,32,62,66,130,4,4,24,96,
[8*12*'ケ']: 0,0,0,0,64,126,72,136,8,8,16,32,
[8*12*'ゲ']: 0,0,10,10,64,126,72,136,8,8,16,32,
[8*12*'コ']: 0,0,0,0,0,126,2,2,2,2,2,126,
[8*12*'ゴ']: 0,0,10,10,0,126,2,2,2,2,2,126,
[8*12*'サ']: 0,0,0,0,36,254,36,36,36,4,8,48,
[8*12*'ザ']: 0,0,10,10,36,254,36,36,36,4,8,48,
[8*12*'シ']: 0,0,0,0,96,16,194,34,4,4,24,96,
[8*12*'ジ']: 0,0,10,10,96,16,194,34,4,4,24,96,
[8*12*'ス']: 0,0,0,0,0,124,4,4,8,24,36,194,
[8*12*'ズ']: 0,0,10,10,0,124,4,4,8,24,36,194,
[8*12*'セ']: 0,0,0,0,32,32,254,34,36,32,32,30,
[8*12*'ゼ']: 0,0,10,10,32,32,254,34,36,32,32,30,
[8*12*'ソ']: 0,0,0,0,0,130,66,68,4,8,16,32,
[8*12*'ゾ']: 0,0,10,10,0,130,66,68,4,8,16,32,
[8*12*'タ']: 0,0,0,0,32,62,66,178,12,4,24,96,
[8*12*'ダ']: 0,0,10,10,32,62,66,178,12,4,24,96,
[8*12*'チ']: 0,0,0,0,12,112,16,254,16,16,16,32,
[8*12*'ヂ']: 0,0,10,10,12,112,16,254,16,16,16,32,
[8*12*'ッ']: 0,0,0,0,0,0,0,84,84,4,8,48,
[8*12*'ツ']: 0,0,0,0,0,162,82,82,4,4,8,48,
[8*12*'ヅ']: 0,0,10,10,0,162,82,82,4,4,8,48,
[8*12*'テ']: 0,0,0,0,124,0,254,16,16,16,16,32,
[8*12*'デ']: 0,0,10,10,124,0,254,16,16,16,16,32,
[8*12*'ト']: 0,0,0,0,32,32,32,56,36,32,32,32,
[8*12*'ド']: 0,0,10,10,32,32,32,56,36,32,32,32,
[8*12*'ナ']: 0,0,0,0,16,16,254,16,16,16,32,64,
[8*12*'ニ']: 0,0,0,0,0,0,124,0,0,0,0,254,
[8*12*'ヌ']: 0,0,0,0,124,4,36,24,8,20,34,192,
[8*12*'ネ']: 0,0,0,0,16,124,4,8,16,52,210,16,
[8*12*'ノ']: 0,0,0,0,4,4,4,8,8,16,32,192,
[8*12*'ハ']: 0,0,0,0,0,40,36,36,68,66,66,130,
[8*12*'バ']: 0,0,10,10,0,40,36,36,68,66,66,130,
[8*12*'パ']: 0,4,10,4,0,40,36,36,68,66,66,130,
[8*12*'ヒ']: 0,0,0,0,64,64,70,120,64,64,64,62,
[8*12*'ビ']: 0,0,10,10,64,64,70,120,64,64,64,62,
[8*12*'ピ']: 0,4,10,4,64,64,70,120,64,64,64,62,
[8*12*'フ']: 0,0,0,0,0,254,2,4,4,8,16,96,
[8*12*'ブ']: 0,0,10,10,0,254,2,4,4,8,16,96,
[8*12*'プ']: 0,4,10,4,0,254,2,4,4,8,16,96,
[8*12*'ヘ']: 0,0,0,0,0,0,32,80,72,136,4,2,
[8*12*'ベ']: 0,0,0,10,10,0,32,80,72,136,4,2,
[8*12*'ペ']: 0,0,4,10,4,0,32,80,72,136,4,2,
[8*12*'ホ']: 0,0,0,0,16,254,16,16,84,146,16,48,
[8*12*'ボ']: 0,0,10,10,16,254,16,16,84,146,16,48,
[8*12*'ポ']: 0,4,10,4,16,254,16,16,84,146,16,48,
[8*12*'マ']: 0,0,0,0,0,254,2,4,72,48,16,8,
[8*12*'ミ']: 0,0,0,0,56,4,0,56,4,0,112,14,
[8*12*'ム']: 0,0,0,0,16,16,32,32,32,72,68,250,
[8*12*'メ']: 0,0,0,0,4,4,100,24,8,20,36,192,
[8*12*'モ']: 0,0,0,0,124,32,32,254,32,32,32,30,
[8*12*'ャ']: 0,0,0,0,0,0,32,60,228,32,16,16,
[8*12*'ヤ']: 0,0,0,0,32,62,226,36,32,16,16,16,
[8*12*'ュ']: 0,0,0,0,0,0,0,112,16,16,16,252,
[8*12*'ユ']: 0,0,0,0,0,0,120,8,8,8,8,254,
[8*12*'ョ']: 0,0,0,0,0,0,0,120,8,56,8,120,
[8*12*'ヨ']: 0,0,0,0,126,2,2,62,2,2,2,126,
[8*12*'ラ']: 0,0,0,0,124,0,254,2,2,4,8,48,
[8*12*'リ']: 0,0,0,0,68,68,68,68,68,4,8,48,
[8*12*'ル']: 0,0,0,0,8,40,40,40,42,74,76,136,
[8*12*'レ']: 0,0,0,0,64,64,64,64,68,72,80,96,
[8*12*'ロ']: 0,0,0,0,0,126,66,66,66,66,66,126,
[8*12*'ヮ']: 0,0,0,0,0,0,0,124,68,4,8,48,
[8*12*'ワ']: 0,0,0,0,0,254,130,130,4,4,8,48,
[8*12*'ヰ']: 0,0,0,0,8,254,72,72,72,254,8,8,
[8*12*'ヱ']: 0,0,0,0,0,0,124,4,8,16,16,254,
[8*12*'ヲ']: 0,0,0,0,126,2,2,62,4,4,8,48,
[8*12*'ン']: 0,0,0,0,0,192,34,2,4,8,48,192,
[8*12*'ヴ']: 0,0,10,10,16,254,130,130,4,4,8,48,
[8*12*'ヵ']: 0,0,0,0,0,0,16,124,20,36,36,76,
[8*12*'ヶ']: 0,0,0,0,0,0,64,124,144,16,16,32,
[8*12*'・']: 0,0,0,0,0,0,0,0,24,24,0,0,
[8*12*'ー']: 0,0,0,0,0,0,0,128,126,0,0,0,
[8*12*'ヽ']: 0,0,0,0,0,0,32,16,8,4,4,0,
[8*12*'ヾ']: 0,0,0,10,10,0,32,16,8,4,4,0,
[8*12*'㈱']: 0,0,0,0,68,178,254,170,254,234,190,108,
[8*12*'㈲']: 0,0,0,0,68,162,250,162,250,170,186,108,
[8*12*'㈹']: 0,0,0,0,68,170,190,170,234,170,170,100,
[8*12*'㊤']: 0,0,0,0,124,146,154,146,146,254,130,124,
[8*12*'㊥']: 0,0,0,0,124,146,254,214,254,146,146,124,
[8*12*'㊦']: 0,0,0,0,124,130,254,146,154,146,146,124,
[8*12*'㊧']: 0,0,0,0,124,162,250,162,186,210,186,124,
[8*12*'㊨']: 0,0,0,0,124,162,250,162,186,234,186,124,
[8*12*'㌃']: 0,0,0,0,240,80,110,128,32,160,160,176,
[8*12*'㌍']: 0,0,0,0,78,234,106,174,0,160,174,32,
[8*12*'㌔']: 0,0,0,0,64,224,64,224,78,10,10,14,
[8*12*'㌘']: 0,0,0,0,118,160,46,66,12,64,144,240,
[8*12*'㌢']: 0,0,0,0,140,224,162,140,96,224,64,128,
[8*12*'㌣']: 0,0,0,0,140,224,162,140,96,128,224,128,
[8*12*'㌦']: 0,0,0,0,176,128,224,132,148,20,20,22,
[8*12*'㌧']: 0,0,0,0,128,128,224,140,128,0,2,12,
[8*12*'㌫']: 0,0,0,0,176,182,160,0,148,230,172,212,
[8*12*'㌶']: 0,0,0,0,70,170,34,4,108,188,76,150,
[8*12*'㌻']: 0,0,0,0,80,166,16,0,208,192,32,192,
[8*12*'㍉']: 0,0,0,0,224,0,96,10,234,10,2,4,
[8*12*'㍊']: 0,0,0,0,234,106,10,226,4,44,188,174,
[8*12*'㍍']: 0,0,0,0,160,78,160,0,132,148,212,150,
[8*12*'㍑']: 0,0,0,0,160,174,34,64,132,148,212,150,
[8*12*'㍗']: 0,0,0,0,224,160,46,66,64,96,64,64,
[8*12*'㍻']: 0,0,0,0,228,78,236,238,76,238,76,82,
[8*12*'㍼']: 0,0,0,0,108,230,238,166,142,110,100,100,
[8*12*'㍽']: 0,0,0,0,78,68,228,78,76,76,172,174,
[8*12*'㍾']: 0,0,0,0,106,226,236,230,104,110,174,174,
[8*12*'㎎']: 0,0,0,0,0,0,0,198,234,230,226,172,
[8*12*'㎏']: 0,0,0,0,128,128,128,166,170,198,162,172,
[8*12*'㎜']: 0,0,0,0,0,0,0,204,238,238,238,170,
[8*12*'㎝']: 0,0,0,0,0,0,0,108,142,142,142,106,
[8*12*'㎞']: 0,0,0,0,128,128,128,172,174,206,174,170,
[8*12*'㎡']: 0,0,0,0,6,2,6,212,174,168,168,168,
[8*12*'㏄']: 0,0,0,0,0,0,0,102,136,136,136,102,
[8*12*'㏍']: 0,0,0,0,170,170,170,204,204,170,170,170,
[8*12*'一']: 0,0,0,0,0,0,4,254,0,0,0,0,
[8*12*'丁']: 0,254,16,16,16,16,16,16,16,16,16,48,
[8*12*'七']: 0,32,32,32,38,56,224,32,32,34,34,30,
[8*12*'万']: 0,254,32,32,60,36,36,36,36,68,68,140,
[8*12*'丈']: 0,8,8,254,8,40,40,40,16,16,40,198,
[8*12*'三']: 0,0,124,0,0,0,56,0,0,0,0,254,
[8*12*'上']: 0,16,16,16,28,16,16,16,16,16,16,254,
[8*12*'下']: 0,254,16,16,16,24,20,16,16,16,16,16,
[8*12*'不']: 0,254,16,16,48,52,82,146,16,16,16,16,
[8*12*'与']: 0,64,124,64,64,120,8,8,254,8,8,48,
[8*12*'丐']: 0,254,16,16,92,80,80,126,2,2,2,12,
[8*12*'丑']: 0,124,20,20,20,20,254,36,36,36,36,254,
[8*12*'且']: 0,124,68,68,124,68,68,124,68,68,68,254,
[8*12*'丕']: 0,254,16,16,48,52,82,146,16,16,16,254,
[8*12*'世']: 0,84,84,84,254,84,84,84,92,64,64,126,
[8*12*'丗']: 0,84,84,84,254,84,84,84,84,84,84,124,
[8*12*'丘']: 0,12,112,64,64,124,72,72,72,72,72,254,
[8*12*'丙']: 0,254,16,16,254,146,146,170,198,130,130,134,
[8*12*'丞']: 0,124,8,18,212,88,84,84,146,48,0,254,
[8*12*'両']: 0,254,16,16,254,146,146,214,214,254,130,134,
[8*12*'並']: 0,68,254,40,40,170,106,108,40,40,40,254,
[8*12*'个']: 0,16,40,40,84,146,16,16,16,16,16,16,
[8*12*'中']: 0,16,16,254,146,146,146,254,16,16,16,16,
[8*12*'丱']: 0,40,40,170,170,170,170,170,238,40,40,72,
[8*12*'串']: 0,16,254,146,254,16,254,146,146,254,16,16,
[8*12*'丶']: 0,0,0,0,0,32,16,8,8,8,0,0,
[8*12*'丸']: 0,32,32,248,40,40,104,56,40,72,74,142,
[8*12*'丹']: 0,124,68,100,84,68,254,68,68,68,68,140,
[8*12*'主']: 0,32,16,254,16,16,16,124,16,16,16,254,
[8*12*'丼']: 0,68,68,254,68,84,68,254,68,68,68,132,
[8*12*'丿']: 0,8,8,8,8,8,8,16,16,16,32,64,
[8*12*'乂']: 0,68,68,68,68,40,40,16,40,40,68,130,
[8*12*'乃']: 0,252,36,36,40,46,34,34,34,66,66,134,
[8*12*'久']: 0,32,60,36,68,72,136,16,16,40,68,130,
[8*12*'之']: 0,16,16,124,4,8,8,16,80,96,64,190,
[8*12*'乍']: 0,64,126,80,144,30,16,16,30,16,16,16,
[8*12*'乎']: 0,12,112,16,84,84,16,254,16,16,16,48,
[8*12*'乏']: 0,12,112,16,124,4,8,16,80,96,64,190,
[8*12*'乕']: 0,6,120,72,126,72,126,72,126,106,106,136,
[8*12*'乖']: 0,12,112,16,254,84,214,84,212,86,16,16,
[8*12*'乗']: 0,12,112,16,254,84,254,84,254,56,84,146,
[8*12*'乘']: 0,12,112,16,254,84,214,84,214,56,84,146,
[8*12*'乙']: 0,124,4,8,16,16,32,64,64,130,130,126,
[8*12*'九']: 0,32,32,248,40,40,40,40,72,74,74,142,
[8*12*'乞']: 0,64,126,64,188,4,8,16,32,66,66,62,
[8*12*'也']: 0,16,80,86,90,114,210,86,80,66,66,62,
[8*12*'乢']: 0,32,40,40,168,168,168,168,168,170,250,14,
[8*12*'乱']: 0,40,200,72,72,232,72,72,232,170,170,238,
[8*12*'乳']: 0,28,228,172,4,116,20,36,252,36,36,102,
[8*12*'乾']: 0,72,238,80,238,162,228,168,232,82,242,78,
[8*12*'亀']: 0,56,72,252,84,124,84,254,146,254,16,30,
[8*12*'亂']: 0,116,172,4,116,20,252,172,252,220,172,222,
[8*12*'亅']: 0,16,16,16,16,16,16,16,16,16,16,48,
[8*12*'了']: 0,254,4,8,16,16,16,16,16,16,16,48,
[8*12*'予']: 0,124,4,40,16,254,18,20,16,16,16,48,
[8*12*'争']: 0,56,40,72,252,20,254,20,124,16,16,48,
[8*12*'亊']: 0,16,254,84,16,124,20,254,20,124,16,48,
[8*12*'事']: 0,16,254,124,84,124,20,254,20,124,16,48,
[8*12*'二']: 0,0,0,124,0,0,0,0,0,0,4,254,
[8*12*'于']: 0,124,16,16,16,254,16,16,16,16,16,48,
[8*12*'云']: 0,124,0,0,254,16,16,32,32,72,68,250,
[8*12*'互']: 0,254,32,32,60,36,68,72,120,8,8,254,
[8*12*'五']: 0,124,16,16,16,16,124,36,36,36,36,254,
[8*12*'井']: 0,68,68,254,68,68,68,254,68,68,68,132,
[8*12*'亘']: 0,254,0,124,68,68,124,68,68,124,0,254,
[8*12*'亙']: 0,254,32,32,60,36,84,68,84,8,8,254,
[8*12*'些']: 0,36,36,182,164,180,198,0,124,0,0,254,
[8*12*'亜']: 0,254,40,40,254,170,170,170,254,40,40,254,
[8*12*'亞']: 0,254,40,40,238,130,130,238,40,40,40,254,
[8*12*'亟']: 0,254,32,48,30,242,186,180,244,26,48,254,
[8*12*'亠']: 0,0,0,0,16,16,16,254,0,0,0,0,
[8*12*'亡']: 0,16,16,254,64,64,64,64,64,64,64,62,
[8*12*'亢']: 0,16,16,254,0,56,40,40,40,42,74,142,
[8*12*'交']: 0,16,254,40,68,170,40,40,16,16,40,198,
[8*12*'亥']: 0,16,254,16,100,40,16,36,72,24,36,194,
[8*12*'亦']: 0,16,16,254,40,40,108,106,170,40,40,88,
[8*12*'亨']: 0,16,254,68,124,0,124,8,16,16,16,48,
[8*12*'享']: 0,16,254,124,68,124,0,124,8,254,16,48,
[8*12*'京']: 0,16,254,0,124,68,124,16,84,82,146,48,
[8*12*'亭']: 0,16,254,68,124,0,254,130,124,16,16,48,
[8*12*'亮']: 0,16,254,68,124,0,254,130,40,40,74,142,
[8*12*'亰']: 0,16,254,68,124,68,124,16,84,82,146,48,
[8*12*'亳']: 0,16,254,68,124,0,254,138,112,30,240,30,
[8*12*'亶']: 0,16,254,0,254,170,186,254,68,124,0,254,
[8*12*'人']: 0,16,16,16,16,16,40,40,40,68,68,130,
[8*12*'什']: 0,36,36,68,68,222,68,68,68,68,68,68,
[8*12*'仁']: 0,32,46,64,64,192,64,64,64,64,94,64,
[8*12*'仂']: 0,40,40,94,74,202,74,74,74,74,82,86,
[8*12*'仄']: 0,126,64,72,72,72,72,72,84,84,84,162,
[8*12*'仆']: 0,40,40,72,72,204,74,74,72,72,72,72,
[8*12*'仇']: 0,40,40,124,84,212,84,84,84,84,84,102,
[8*12*'今']: 0,16,40,68,186,0,0,124,4,8,8,16,
[8*12*'介']: 0,16,40,40,68,170,40,40,40,40,72,136,
[8*12*'仍']: 0,60,52,84,84,214,82,82,82,82,82,102,
[8*12*'从']: 0,36,36,36,36,36,36,84,90,74,74,146,
[8*12*'仏']: 0,40,40,72,72,200,72,80,80,84,84,122,
[8*12*'仔']: 0,46,34,66,68,196,94,68,68,68,68,76,
[8*12*'仕']: 0,40,40,72,126,200,72,72,72,72,72,92,
[8*12*'他']: 0,36,52,86,94,246,86,84,84,82,82,94,
[8*12*'仗']: 0,36,36,94,68,212,84,84,72,72,84,98,
[8*12*'付']: 0,36,36,94,68,196,84,76,68,68,68,76,
[8*12*'仙']: 0,40,40,72,106,234,106,106,106,106,106,126,
[8*12*'仝']: 0,16,40,40,68,130,124,16,16,16,16,254,
[8*12*'仞']: 0,62,42,74,74,218,90,106,74,74,82,86,
[8*12*'仟']: 0,34,44,68,68,222,68,68,68,68,68,68,
[8*12*'代']: 0,42,40,78,120,200,72,72,68,68,68,66,
[8*12*'令']: 0,16,40,68,186,0,254,18,18,22,16,16,
[8*12*'以']: 0,68,68,84,76,68,68,100,72,136,20,98,
[8*12*'仭']: 0,62,42,74,90,202,74,74,78,74,82,86,
[8*12*'仮']: 0,62,48,80,94,210,90,90,84,100,74,82,
[8*12*'仰']: 0,80,94,106,106,234,106,106,122,104,72,72,
[8*12*'仲']: 0,40,40,126,106,234,106,126,72,72,72,72,
[8*12*'件']: 0,36,52,94,84,196,68,94,68,68,68,68,
[8*12*'价']: 0,72,84,84,98,212,84,84,84,84,84,100,
[8*12*'任']: 0,36,56,72,72,200,126,72,72,72,72,92,
[8*12*'企']: 0,16,40,68,146,16,92,80,80,80,80,254,
[8*12*'伉']: 0,40,40,126,64,220,84,84,84,84,84,102,
[8*12*'伊']: 0,62,42,74,94,202,74,94,72,72,72,80,
[8*12*'伍']: 0,60,40,72,72,200,124,84,84,84,84,126,
[8*12*'伎']: 0,40,40,126,72,220,68,84,72,72,84,98,
[8*12*'伏']: 0,40,42,72,126,200,72,72,84,84,84,98,
[8*12*'伐']: 0,42,40,78,120,202,74,74,68,68,74,82,
[8*12*'休']: 0,40,40,126,72,220,92,92,106,106,72,72,
[8*12*'会']: 0,16,40,68,186,0,254,16,32,40,68,250,
[8*12*'伜']: 0,40,60,84,84,230,72,72,126,72,72,72,
[8*12*'伝']: 0,46,32,64,94,196,68,72,72,74,82,94,
[8*12*'伯']: 0,40,40,94,82,210,94,82,82,82,82,94,
[8*12*'估']: 0,36,36,68,94,196,68,94,82,82,82,94,
[8*12*'伴']: 0,36,54,86,68,222,68,68,94,68,68,68,
[8*12*'伶']: 0,40,52,98,92,192,126,74,74,74,72,72,
[8*12*'伸']: 0,40,40,126,106,234,126,106,106,126,72,72,
[8*12*'伺']: 0,62,34,94,66,222,86,86,86,94,66,70,
[8*12*'似']: 0,50,50,86,86,210,82,90,82,100,74,82,
[8*12*'伽']: 0,80,94,122,90,218,90,90,106,106,78,88,
[8*12*'佃']: 0,62,42,106,106,234,126,106,106,106,106,126,
[8*12*'但']: 0,62,50,82,94,210,82,82,94,64,64,94,
[8*12*'佇']: 0,36,62,82,64,222,68,68,68,68,68,76,
[8*12*'位']: 0,40,40,126,68,212,84,84,84,72,72,126,
[8*12*'低']: 0,34,60,84,84,222,84,84,84,90,66,90,
[8*12*'住']: 0,40,36,94,68,196,68,78,68,68,68,94,
[8*12*'佐']: 0,40,40,94,72,200,78,84,84,100,68,94,
[8*12*'佑']: 0,40,40,126,80,208,94,114,82,82,82,94,
[8*12*'体']: 0,40,40,126,72,220,92,106,72,92,72,72,
[8*12*'何']: 0,62,34,94,86,214,86,86,94,66,66,70,
[8*12*'佗']: 0,40,62,98,80,210,84,88,80,82,82,94,
[8*12*'余']: 0,16,40,68,186,16,254,16,84,82,146,48,
[8*12*'佚']: 0,36,52,94,84,196,94,68,68,68,74,82,
[8*12*'佛']: 0,84,126,86,126,244,116,126,86,86,84,100,
[8*12*'作']: 0,40,46,88,72,206,72,72,78,72,72,72,
[8*12*'佝']: 0,40,46,82,94,214,86,86,94,66,66,76,
[8*12*'佞']: 0,60,32,64,126,200,72,126,84,88,76,114,
[8*12*'佩']: 0,62,34,126,106,234,126,126,126,106,106,66,
[8*12*'佯']: 0,42,36,94,68,196,78,68,68,94,68,68,
[8*12*'佰']: 0,62,40,72,94,210,82,94,82,82,82,94,
[8*12*'佳']: 0,40,60,72,72,254,72,72,92,72,72,126,
[8*12*'併']: 0,52,40,126,84,212,126,84,84,84,84,100,
[8*12*'佶']: 0,36,36,126,68,196,94,64,94,82,82,94,
[8*12*'佻']: 0,84,84,118,84,212,84,118,84,84,84,102,
[8*12*'佼']: 0,40,62,84,84,226,84,84,72,72,84,98,
[8*12*'使']: 0,40,62,72,126,234,106,126,72,88,72,118,
[8*12*'侃']: 0,62,50,82,94,192,90,90,90,90,90,106,
[8*12*'來']: 0,16,254,16,84,84,186,16,56,84,146,16,
[8*12*'侈']: 0,40,46,82,74,196,78,82,106,68,72,112,
[8*12*'例']: 0,34,58,82,90,234,106,90,74,82,98,70,
[8*12*'侍']: 0,40,60,72,126,196,126,68,100,84,68,76,
[8*12*'侏']: 0,40,40,124,104,200,126,72,72,92,106,72,
[8*12*'侑']: 0,40,40,94,72,222,114,94,82,94,82,86,
[8*12*'侖']: 0,16,40,68,186,0,254,170,254,170,170,170,
[8*12*'侘']: 0,40,62,98,68,216,72,78,120,72,74,78,
[8*12*'供']: 0,84,84,126,84,212,84,126,64,84,84,98,
[8*12*'依']: 0,40,40,126,72,216,90,116,84,84,90,114,
[8*12*'侠']: 0,40,62,72,106,234,72,126,72,72,84,98,
[8*12*'価']: 0,62,52,84,126,214,86,86,86,86,86,126,
[8*12*'侫']: 0,40,62,80,80,222,72,126,84,88,76,114,
[8*12*'侭']: 0,62,50,82,94,212,98,72,68,64,92,66,
[8*12*'侮']: 0,80,94,96,94,234,126,106,106,126,66,76,
[8*12*'侯']: 0,44,36,68,126,208,92,104,126,72,84,98,
[8*12*'侵']: 0,60,36,92,68,254,98,92,84,72,84,98,
[8*12*'侶']: 0,62,50,82,94,200,72,94,82,82,82,94,
[8*12*'便']: 0,62,40,126,106,254,106,126,72,88,72,118,
[8*12*'係']: 0,38,56,84,88,200,84,122,72,106,106,72,
[8*12*'促']: 0,62,50,82,94,196,68,86,84,84,84,110,
[8*12*'俄']: 0,44,54,84,126,212,84,92,118,84,92,114,
[8*12*'俊']: 0,40,50,94,84,230,80,92,116,72,84,98,
[8*12*'俎']: 0,92,84,84,188,20,84,92,84,180,148,62,
[8*12*'俐']: 0,42,50,86,86,254,86,82,122,114,82,86,
[8*12*'俑']: 0,62,36,72,126,234,126,106,126,106,106,106,
[8*12*'俔']: 0,62,50,94,82,222,82,94,76,76,76,86,
[8*12*'俗']: 0,84,84,98,72,212,84,98,92,84,84,92,
[8*12*'俘']: 0,60,32,84,106,192,92,68,126,72,72,88,
[8*12*'俚']: 0,62,42,126,106,234,126,72,92,72,72,126,
[8*12*'俛']: 0,44,52,68,126,234,106,126,84,84,84,102,
[8*12*'保']: 0,60,52,84,92,200,126,72,92,92,106,72,
[8*12*'俟']: 0,40,50,94,80,220,104,72,126,72,84,98,
[8*12*'信']: 0,44,32,94,64,222,64,94,64,94,82,94,
[8*12*'俣']: 0,60,52,84,92,192,126,72,92,72,84,98,
[8*12*'俤']: 0,52,40,126,74,254,104,126,74,90,110,72,
[8*12*'俥']: 0,40,62,72,126,234,126,106,126,72,126,72,
[8*12*'修']: 0,40,46,90,100,250,100,106,100,106,68,88,
[8*12*'俯']: 0,36,62,96,106,238,114,82,90,82,82,86,
[8*12*'俳']: 0,84,84,118,84,246,84,84,118,84,84,100,
[8*12*'俵']: 0,40,62,72,94,200,126,72,90,116,84,90,
[8*12*'俶']: 0,54,50,90,82,250,84,84,116,90,90,114,
[8*12*'俸']: 0,40,60,72,126,212,126,106,92,72,126,72,
[8*12*'俺']: 0,40,62,84,106,254,106,126,106,126,72,78,
[8*12*'俾']: 0,40,62,106,126,234,126,84,100,126,68,68,
[8*12*'倅']: 0,40,62,84,84,234,72,72,126,72,72,72,
[8*12*'倆']: 0,62,40,72,126,234,106,126,126,126,106,106,
[8*12*'倉']: 0,16,40,124,130,124,68,124,64,124,164,60,
[8*12*'個']: 0,62,34,106,126,234,126,118,118,126,98,126,
[8*12*'倍']: 0,40,62,84,84,254,64,92,84,84,84,92,
[8*12*'倏']: 0,40,46,90,100,250,100,126,100,100,74,82,
[8*12*'們']: 0,54,54,118,118,246,98,98,98,98,98,102,
[8*12*'倒']: 0,58,50,102,126,214,86,122,82,90,114,70,
[8*12*'倔']: 0,62,34,126,100,246,118,126,100,86,86,94,
[8*12*'倖']: 0,40,62,72,126,212,84,126,72,126,72,72,
[8*12*'候']: 0,44,36,68,126,232,110,116,126,100,74,82,
[8*12*'倚']: 0,40,62,72,84,226,126,66,122,106,122,70,
[8*12*'借']: 0,84,126,84,84,254,64,92,84,92,84,92,
[8*12*'倡']: 0,62,50,94,82,222,64,94,82,94,82,94,
[8*12*'倣']: 0,84,84,126,86,214,94,94,108,108,74,90,
[8*12*'値']: 0,36,62,68,110,234,110,106,106,110,96,126,
[8*12*'倥']: 0,40,62,98,84,230,64,92,72,72,72,126,
[8*12*'倦']: 0,40,42,72,126,212,98,92,68,92,82,94,
[8*12*'倨']: 0,62,50,94,84,222,84,84,94,106,74,78,
[8*12*'倩']: 0,36,62,68,94,196,126,86,86,94,82,86,
[8*12*'倪']: 0,48,38,98,118,226,98,126,84,84,84,102,
[8*12*'倫']: 0,40,52,98,92,192,126,106,126,106,106,106,
[8*12*'倬']: 0,40,46,72,92,212,92,84,92,72,126,72,
[8*12*'倭']: 0,60,40,126,92,234,72,126,84,88,76,114,
[8*12*'倶']: 0,60,52,92,84,220,84,92,64,126,64,98,
[8*12*'倹']: 0,40,52,126,72,254,106,106,126,72,84,98,
[8*12*'偃']: 0,62,48,94,94,212,94,90,84,90,80,94,
[8*12*'假']: 0,54,50,114,118,224,118,98,106,116,100,106,
[8*12*'偈']: 0,62,50,94,82,222,72,94,122,86,90,70,
[8*12*'偉']: 0,36,62,74,126,210,94,68,94,84,126,68,
[8*12*'偏']: 0,62,32,94,82,222,80,94,106,126,106,106,
[8*12*'偐']: 0,36,62,74,68,218,84,90,84,106,68,88,
[8*12*'偕']: 0,36,54,100,100,246,72,94,82,94,82,94,
[8*12*'偖']: 0,40,42,92,72,254,88,126,82,94,82,94,
[8*12*'做']: 0,84,84,126,86,214,126,110,108,108,122,74,
[8*12*'停']: 0,40,62,84,92,192,126,98,92,72,72,88,
[8*12*'健']: 0,52,94,86,110,228,94,84,126,84,80,110,
[8*12*'偬']: 0,80,94,106,90,238,74,86,64,84,114,110,
[8*12*'偲']: 0,62,42,126,106,234,126,64,84,80,114,110,
[8*12*'側']: 0,58,42,126,110,254,110,106,122,66,106,106,
[8*12*'偵']: 0,40,46,72,92,212,92,84,92,84,92,98,
[8*12*'偶']: 0,62,42,126,106,254,72,126,106,110,122,102,
[8*12*'偸']: 0,60,42,80,78,192,90,90,92,92,90,90,
[8*12*'偽']: 0,84,72,124,84,222,98,126,66,106,106,70,
[8*12*'傀']: 0,40,62,106,126,234,126,88,92,94,104,78,
[8*12*'傅']: 0,42,62,72,126,234,126,106,68,126,84,76,
[8*12*'傍']: 0,40,62,84,126,226,72,126,80,94,82,102,
[8*12*'傑']: 0,36,62,108,86,228,72,126,72,92,106,72,
[8*12*'傘']: 0,16,40,214,84,186,84,186,16,254,16,16,
[8*12*'備']: 0,84,126,84,126,208,94,106,126,106,126,106,
[8*12*'傚']: 0,84,124,110,110,198,110,110,84,84,106,74,
[8*12*'催']: 0,42,42,126,84,222,116,94,84,94,84,94,
[8*12*'傭']: 0,36,62,100,110,230,126,100,94,86,94,86,
[8*12*'傲']: 0,84,124,86,126,214,126,86,92,108,74,90,
[8*12*'傳']: 0,40,62,92,92,220,122,68,126,68,84,76,
[8*12*'傴']: 0,62,32,110,106,238,96,118,118,118,96,126,
[8*12*'債']: 0,40,60,72,92,200,126,84,92,84,92,98,
[8*12*'傷']: 0,40,46,90,78,202,94,72,78,86,74,86,
[8*12*'傾']: 0,46,36,110,122,238,106,110,122,78,64,82,
[8*12*'僂']: 0,40,60,126,72,220,92,72,126,84,76,114,
[8*12*'僅']: 0,84,126,84,126,234,106,126,72,92,72,126,
[8*12*'僉']: 0,16,40,68,186,0,238,170,238,68,68,170,
[8*12*'僊']: 0,62,60,92,92,254,84,98,88,88,82,94,
[8*12*'働']: 0,36,60,86,126,254,126,86,126,86,122,74,
[8*12*'像']: 0,44,52,126,106,254,104,86,108,84,102,88,
[8*12*'僑']: 0,60,40,126,84,226,92,84,126,118,126,98,
[8*12*'僕']: 0,42,40,126,84,254,72,92,72,126,84,98,
[8*12*'僖']: 0,40,62,72,94,210,94,84,126,94,82,94,
[8*12*'僚']: 0,40,62,72,106,212,126,84,92,72,106,88,
[8*12*'僞']: 0,60,42,64,124,212,94,98,126,66,106,70,
[8*12*'僣']: 0,84,126,84,126,212,106,92,84,92,84,92,
[8*12*'僥']: 0,40,60,72,126,212,126,64,126,84,84,102,
[8*12*'僧']: 0,52,40,126,106,254,106,126,84,92,84,92,
[8*12*'僭']: 0,84,126,108,126,212,106,92,84,92,84,92,
[8*12*'僮']: 0,40,62,84,84,254,92,92,72,92,72,126,
[8*12*'僵']: 0,62,60,92,92,192,126,92,92,92,64,126,
[8*12*'價']: 0,62,84,126,126,192,92,84,92,84,92,98,
[8*12*'僻']: 0,36,62,90,90,254,100,116,94,84,116,68,
[8*12*'儀']: 0,84,126,72,126,200,126,84,126,86,124,82,
[8*12*'儁']: 0,84,94,116,94,212,94,64,118,106,98,102,
[8*12*'儂']: 0,42,62,90,94,192,94,80,94,116,84,90,
[8*12*'億']: 0,40,62,84,126,210,94,82,94,84,114,110,
[8*12*'儉']: 0,40,52,98,92,192,126,106,126,84,84,106,
[8*12*'儒']: 0,92,72,126,106,192,126,72,126,106,106,106,
[8*12*'儔']: 0,40,62,72,126,194,92,72,126,116,116,76,
[8*12*'儕']: 0,40,62,72,118,212,106,92,84,92,84,100,
[8*12*'儖']: 0,52,38,112,112,230,112,64,92,92,92,126,
[8*12*'儘']: 0,40,62,74,126,200,126,64,106,64,92,126,
[8*12*'儚']: 0,84,126,84,126,234,126,98,76,84,72,112,
[8*12*'償']: 0,42,62,98,92,212,126,126,98,126,64,98,
[8*12*'儡']: 0,60,60,92,92,220,64,118,118,118,118,118,
[8*12*'優']: 0,62,40,92,84,254,106,84,94,116,72,118,
[8*12*'儲']: 0,36,52,78,116,206,120,78,122,110,122,78,
[8*12*'儷']: 0,54,54,106,72,254,108,126,100,118,100,118,
[8*12*'儺']: 0,42,58,110,84,254,124,84,126,84,108,70,
[8*12*'儻']: 0,42,62,98,92,212,126,126,72,126,64,106,
[8*12*'儼']: 0,54,54,64,126,192,118,90,122,116,116,90,
[8*12*'儿']: 0,40,40,40,40,40,40,40,40,74,74,142,
[8*12*'兀']: 0,0,254,40,40,40,40,40,40,74,74,142,
[8*12*'允']: 0,16,16,32,68,250,40,40,40,74,74,142,
[8*12*'元']: 0,124,0,0,254,40,40,40,40,74,74,142,
[8*12*'兄']: 0,124,68,68,68,124,40,40,40,42,74,142,
[8*12*'充']: 0,16,254,16,32,68,124,40,40,42,74,142,
[8*12*'兆']: 0,40,40,170,108,40,108,170,40,42,74,142,
[8*12*'兇']: 0,68,108,84,84,108,68,124,40,42,74,142,
[8*12*'先']: 0,16,80,124,80,144,254,40,40,42,74,142,
[8*12*'光']: 0,16,84,84,16,254,40,40,40,42,74,142,
[8*12*'克']: 0,16,254,16,124,68,68,124,40,42,74,142,
[8*12*'兌']: 0,40,68,130,124,68,68,124,40,42,74,142,
[8*12*'免']: 0,56,40,72,252,84,84,124,40,42,74,142,
[8*12*'兎']: 0,12,112,16,124,84,84,124,42,40,74,142,
[8*12*'児']: 0,92,84,84,92,84,84,92,40,42,74,142,
[8*12*'兒']: 0,32,76,68,108,68,68,124,40,42,74,142,
[8*12*'兔']: 0,56,40,72,252,84,84,124,42,40,74,142,
[8*12*'党']: 0,84,16,254,130,124,68,124,40,40,74,142,
[8*12*'兜']: 0,86,186,170,186,170,186,198,40,40,74,142,
[8*12*'兢']: 0,36,254,36,126,90,90,126,36,36,108,182,
[8*12*'入']: 0,112,16,16,16,16,40,40,40,68,68,130,
[8*12*'全']: 0,16,40,68,186,16,16,124,16,16,16,254,
[8*12*'兩']: 0,254,16,16,254,146,218,218,218,182,146,150,
[8*12*'兪']: 0,112,40,68,186,0,234,170,244,180,234,170,
[8*12*'八']: 0,40,40,40,40,40,40,40,68,68,68,130,
[8*12*'公']: 0,40,40,40,68,84,146,16,32,40,68,250,
[8*12*'六']: 0,16,16,254,0,40,40,36,68,68,66,130,
[8*12*'兮']: 0,40,40,68,130,124,32,60,68,4,4,24,
[8*12*'共']: 0,40,40,124,40,40,40,254,0,40,68,130,
[8*12*'兵']: 0,12,112,64,124,72,72,254,0,40,68,130,
[8*12*'其']: 0,68,254,68,124,68,124,68,254,0,68,130,
[8*12*'具']: 0,124,68,124,68,124,68,124,0,254,68,130,
[8*12*'典']: 0,40,40,124,108,124,108,108,254,0,68,130,
[8*12*'兼']: 0,68,254,40,124,44,254,44,124,40,108,170,
[8*12*'冀']: 0,40,238,40,238,124,84,124,40,254,68,130,
[8*12*'冂']: 0,254,130,130,130,130,130,130,130,130,130,134,
[8*12*'内']: 0,16,16,254,146,146,170,170,198,130,130,134,
[8*12*'円']: 0,254,146,146,146,146,254,130,130,130,130,134,
[8*12*'冉']: 0,16,124,84,84,124,84,84,254,68,68,76,
[8*12*'冊']: 0,126,106,106,106,106,254,106,106,106,106,70,
[8*12*'册']: 0,126,90,90,90,90,254,90,90,90,90,182,
[8*12*'再']: 0,254,16,124,84,124,84,84,254,68,68,76,
[8*12*'冏']: 0,254,170,170,170,174,194,186,170,170,186,134,
[8*12*'冐']: 0,254,130,186,130,124,68,124,68,124,68,76,
[8*12*'冑']: 0,16,254,146,254,146,254,68,116,68,116,68,
[8*12*'冒']: 0,254,130,254,130,254,68,124,68,124,68,124,
[8*12*'冓']: 0,40,254,40,124,40,254,124,84,254,68,76,
[8*12*'冕']: 0,124,68,116,68,56,72,252,84,124,42,206,
[8*12*'冖']: 0,0,0,0,0,0,254,130,130,0,0,0,
[8*12*'冗']: 0,254,130,186,40,40,40,40,40,74,74,142,
[8*12*'写']: 0,254,130,64,124,64,120,8,254,8,8,48,
[8*12*'冠']: 0,254,130,100,4,30,228,116,100,108,160,190,
[8*12*'冢']: 0,254,130,124,32,50,220,40,216,44,202,48,
[8*12*'冤']: 0,254,162,56,72,252,84,124,42,40,74,142,
[8*12*'冥']: 0,254,130,124,68,124,68,124,16,254,68,130,
[8*12*'冦']: 0,254,130,116,6,4,254,90,84,90,80,158,
[8*12*'冨']: 0,254,130,124,68,124,0,254,146,254,146,254,
[8*12*'冩']: 0,254,162,108,68,124,32,126,130,42,170,134,
[8*12*'冪']: 0,254,130,40,254,68,254,84,146,124,84,16,
[8*12*'冫']: 0,0,0,32,16,0,0,4,8,8,16,32,
[8*12*'冬']: 0,32,60,68,168,16,40,214,8,0,112,12,
[8*12*'冰']: 0,8,136,10,60,24,24,88,92,170,136,24,
[8*12*'冱']: 0,62,136,72,14,10,18,84,92,132,132,62,
[8*12*'冲']: 0,8,136,126,42,42,42,126,72,136,136,8,
[8*12*'决']: 0,8,158,74,10,10,62,72,72,148,148,34,
[8*12*'冴']: 0,62,148,84,20,20,62,68,76,148,164,12,
[8*12*'况']: 0,62,162,98,34,62,20,84,84,148,148,38,
[8*12*'冶']: 0,8,136,80,20,58,0,92,84,148,148,28,
[8*12*'冷']: 0,8,148,98,28,0,62,74,74,138,136,8,
[8*12*'冽']: 0,58,146,82,26,42,42,90,74,138,146,38,
[8*12*'凄']: 0,8,190,72,62,10,62,8,126,84,140,178,
[8*12*'凅']: 0,62,162,106,62,42,62,118,118,190,162,62,
[8*12*'准']: 0,20,148,94,52,30,20,84,94,148,148,30,
[8*12*'凉']: 0,8,190,64,28,20,28,72,106,170,136,24,
[8*12*'凋']: 0,62,162,106,62,42,62,98,126,182,190,34,
[8*12*'凌']: 0,8,156,72,62,20,38,80,92,180,136,54,
[8*12*'凍']: 0,8,190,72,62,42,62,106,126,136,156,42,
[8*12*'凖']: 0,148,30,52,30,84,158,16,254,16,16,16,
[8*12*'凛']: 0,8,190,64,62,54,62,64,126,136,170,24,
[8*12*'凜']: 0,8,190,64,62,54,62,92,72,190,156,42,
[8*12*'凝']: 0,38,178,98,52,38,58,84,126,148,148,42,
[8*12*'几']: 0,124,68,68,68,68,68,68,68,68,68,134,
[8*12*'凡']: 0,124,68,68,100,84,84,84,68,68,68,134,
[8*12*'処']: 0,64,92,116,84,84,84,180,38,32,80,142,
[8*12*'凧']: 0,124,68,84,84,124,124,124,124,84,84,150,
[8*12*'凩']: 0,124,68,84,124,84,84,124,124,84,84,150,
[8*12*'凪']: 0,124,68,84,84,92,84,116,116,116,124,134,
[8*12*'凭']: 0,36,88,200,126,72,92,0,56,40,74,142,
[8*12*'凰']: 0,124,68,84,124,108,124,84,124,84,124,134,
[8*12*'凱']: 0,174,250,10,250,10,250,154,250,90,90,242,
[8*12*'凵']: 0,130,130,130,130,130,130,130,130,130,130,254,
[8*12*'凶']: 0,130,138,202,170,146,146,170,170,194,130,254,
[8*12*'凸']: 0,56,40,40,40,40,238,130,130,130,130,254,
[8*12*'凹']: 0,238,170,170,170,170,186,130,130,130,130,254,
[8*12*'出']: 0,16,146,146,146,254,16,16,146,146,146,254,
[8*12*'函']: 0,254,32,48,150,218,146,186,214,178,130,254,
[8*12*'凾']: 0,124,8,146,254,214,218,250,150,178,130,254,
[8*12*'刀']: 0,254,18,18,18,18,34,34,34,66,66,140,
[8*12*'刃']: 0,254,18,18,82,50,18,26,34,34,66,140,
[8*12*'刄']: 0,254,18,82,82,50,18,18,42,38,66,140,
[8*12*'分']: 0,40,40,40,68,130,124,36,36,36,68,140,
[8*12*'切']: 0,94,74,74,234,74,74,74,74,106,18,38,
[8*12*'刈']: 0,18,18,154,90,42,42,34,82,82,66,134,
[8*12*'刊']: 0,114,42,42,42,250,42,42,34,34,34,38,
[8*12*'刋']: 0,18,106,42,42,250,42,42,34,34,66,134,
[8*12*'刎']: 0,66,122,106,170,90,90,170,42,74,138,54,
[8*12*'刑']: 0,242,82,90,90,250,90,82,82,82,82,150,
[8*12*'刔']: 0,34,122,42,42,42,250,34,34,34,82,134,
[8*12*'列']: 0,242,66,74,122,90,154,82,34,34,66,134,
[8*12*'初']: 0,94,74,234,42,74,74,234,106,74,82,86,
[8*12*'判']: 0,34,170,170,34,250,34,34,250,34,34,38,
[8*12*'別']: 0,242,146,154,250,74,74,114,82,82,82,182,
[8*12*'刧']: 0,94,74,234,74,74,234,74,74,146,242,22,
[8*12*'利']: 0,18,106,42,42,250,42,42,114,162,34,38,
[8*12*'刪']: 0,122,106,110,110,110,254,106,106,106,74,90,
[8*12*'刮']: 0,18,106,42,42,250,42,42,114,82,82,118,
[8*12*'到']: 0,242,42,74,90,250,42,114,34,50,194,6,
[8*12*'刳']: 0,34,250,82,138,114,2,250,66,114,18,54,
[8*12*'制']: 0,34,162,250,170,42,250,34,250,170,170,38,
[8*12*'刷']: 0,122,74,122,66,122,82,122,90,90,82,150,
[8*12*'券']: 0,84,16,124,40,254,68,124,170,40,40,88,
[8*12*'刹']: 0,18,210,42,90,138,42,250,34,114,162,38,
[8*12*'刺']: 0,34,250,34,250,170,170,34,114,170,34,38,
[8*12*'刻']: 0,34,250,42,202,90,42,74,146,34,82,150,
[8*12*'剃']: 0,82,34,250,42,250,162,250,42,106,186,38,
[8*12*'剄']: 0,250,82,86,166,86,86,250,34,34,58,230,
[8*12*'則']: 0,226,170,234,170,234,170,170,226,2,162,166,
[8*12*'削']: 0,178,170,42,250,154,250,154,242,146,146,182,
[8*12*'剋']: 0,66,234,74,234,170,170,226,66,70,64,190,
[8*12*'剌']: 0,34,250,34,250,170,170,250,34,114,162,38,
[8*12*'前']: 0,68,254,0,226,170,234,170,234,162,162,166,
[8*12*'剏']: 0,158,42,250,106,106,250,106,110,106,178,182,
[8*12*'剔']: 0,242,146,250,154,250,74,114,82,178,82,182,
[8*12*'剖']: 0,34,250,90,90,250,10,114,82,82,82,118,
[8*12*'剛']: 0,250,138,222,174,254,174,170,250,250,138,138,
[8*12*'剞']: 0,34,250,34,82,138,250,10,234,170,234,26,
[8*12*'剣']: 0,34,82,250,42,250,170,170,250,34,82,134,
[8*12*'剤']: 0,34,250,90,42,218,90,114,82,114,82,150,
[8*12*'剥']: 0,98,42,106,42,250,42,170,114,170,34,102,
[8*12*'剩']: 0,18,98,34,250,82,218,82,218,34,114,170,
[8*12*'剪']: 0,68,254,0,234,170,226,166,0,254,34,206,
[8*12*'副']: 0,250,2,118,86,118,6,250,170,250,170,250,
[8*12*'剰']: 0,18,98,34,250,82,250,82,250,34,114,170,
[8*12*'剱']: 0,46,86,246,46,254,182,182,246,42,82,134,
[8*12*'割']: 0,34,250,170,122,42,122,34,250,114,82,118,
[8*12*'剳']: 0,82,250,90,42,90,138,114,2,114,82,118,
[8*12*'剴']: 0,170,250,2,250,2,250,138,250,82,90,230,
[8*12*'創']: 0,34,82,250,10,122,90,114,66,114,210,118,
[8*12*'剽']: 0,250,82,250,250,2,114,2,250,34,170,102,
[8*12*'剿']: 0,82,162,82,250,170,250,34,250,114,170,38,
[8*12*'劃']: 0,34,250,42,242,250,170,250,170,250,2,246,
[8*12*'劇']: 0,34,58,34,250,170,186,170,210,178,90,182,
[8*12*'劈']: 0,100,110,74,228,110,100,0,254,34,66,140,
[8*12*'劉']: 0,90,154,170,218,34,82,250,34,114,58,230,
[8*12*'劍']: 0,34,82,138,114,2,250,170,250,82,82,170,
[8*12*'劑']: 0,34,250,42,218,90,170,122,82,114,82,150,
[8*12*'劒']: 0,46,86,134,118,14,254,182,246,86,90,170,
[8*12*'劔']: 0,46,86,134,118,14,246,182,246,86,90,170,
[8*12*'力']: 0,32,32,254,34,34,34,34,66,66,66,140,
[8*12*'功']: 0,8,232,94,74,74,74,74,106,210,18,38,
[8*12*'加']: 0,64,78,250,90,90,90,90,90,90,158,176,
[8*12*'劣']: 0,16,84,82,180,8,48,208,126,18,34,204,
[8*12*'助']: 0,116,84,94,118,86,86,118,90,90,114,198,
[8*12*'努']: 0,46,242,90,84,52,202,16,254,18,34,204,
[8*12*'劫']: 0,40,40,254,42,42,250,42,74,82,242,22,
[8*12*'劬']: 0,68,116,158,118,86,86,86,122,26,18,54,
[8*12*'劭']: 0,232,104,126,106,170,10,234,170,170,178,230,
[8*12*'励']: 0,232,136,142,250,170,170,186,218,90,82,182,
[8*12*'労']: 0,84,8,254,146,16,124,20,36,36,68,140,
[8*12*'劵']: 0,84,146,124,40,254,68,146,124,20,36,204,
[8*12*'効']: 0,40,248,94,90,138,90,90,42,42,82,150,
[8*12*'劼']: 0,72,72,254,74,74,234,10,234,170,178,230,
[8*12*'劾']: 0,40,248,46,202,90,42,74,154,42,82,150,
[8*12*'勁']: 0,244,84,94,166,86,86,246,38,42,58,230,
[8*12*'勃']: 0,40,248,46,250,154,106,42,250,42,34,102,
[8*12*'勅']: 0,40,248,46,250,170,170,250,42,106,178,38,
[8*12*'勇']: 0,124,8,124,84,124,84,124,16,254,34,206,
[8*12*'勉']: 0,104,168,62,234,170,170,234,74,86,64,190,
[8*12*'勍']: 0,40,248,14,122,90,122,42,170,170,50,102,
[8*12*'勒']: 0,168,232,190,234,74,234,234,74,234,82,86,
[8*12*'動']: 0,40,200,94,234,234,234,74,234,74,114,214,
[8*12*'勗']: 0,124,68,124,68,124,4,126,86,118,90,246,
[8*12*'勘']: 0,84,244,94,118,86,118,86,246,218,138,246,
[8*12*'務']: 0,232,46,218,68,234,114,72,222,74,74,214,
[8*12*'勝']: 0,228,182,164,254,172,178,232,190,170,170,182,
[8*12*'勞']: 0,68,238,68,170,254,146,124,36,36,68,140,
[8*12*'募']: 0,40,254,40,124,68,254,68,146,124,36,204,
[8*12*'勠']: 0,244,84,254,86,38,86,166,90,42,18,102,
[8*12*'勢']: 0,40,252,44,252,108,214,32,252,36,68,140,
[8*12*'勣']: 0,36,116,46,118,38,246,86,118,86,122,138,
[8*12*'勤']: 0,84,252,84,254,170,170,250,42,122,42,246,
[8*12*'勦']: 0,84,164,86,254,174,254,38,254,118,170,34,
[8*12*'勧']: 0,72,120,174,250,42,122,234,122,106,106,118,
[8*12*'勲']: 0,116,36,254,118,118,118,42,246,0,84,170,
[8*12*'勳']: 0,116,36,254,118,118,118,38,254,6,86,170,
[8*12*'勵']: 0,244,132,214,254,214,246,246,166,250,242,86,
[8*12*'勸']: 0,84,252,84,222,222,86,126,214,126,86,122,
[8*12*'勹']: 0,64,126,66,130,2,2,2,2,2,2,12,
[8*12*'勺']: 0,64,126,66,162,18,18,18,2,2,2,12,
[8*12*'勾']: 0,64,126,82,146,18,34,34,74,118,2,12,
[8*12*'勿']: 0,64,126,106,170,42,42,74,146,18,34,76,
[8*12*'匁']: 0,64,126,82,146,50,18,18,42,38,66,140,
[8*12*'匂']: 0,64,126,130,66,74,114,66,74,122,2,12,
[8*12*'包']: 0,64,126,66,186,10,10,122,70,64,66,62,
[8*12*'匆']: 0,64,126,106,170,106,58,74,150,18,34,76,
[8*12*'匈']: 0,64,126,66,170,18,86,110,70,126,2,12,
[8*12*'匍']: 0,64,126,162,250,34,250,170,250,170,250,170,
[8*12*'匏']: 0,36,246,90,146,110,10,238,74,104,42,110,
[8*12*'匐']: 0,64,126,130,250,82,250,170,250,170,250,6,
[8*12*'匕']: 0,64,64,64,68,88,96,64,64,66,66,62,
[8*12*'化']: 0,48,48,80,82,212,88,80,80,82,82,94,
[8*12*'北']: 0,40,40,40,234,44,40,40,104,170,42,46,
[8*12*'匙']: 0,232,168,232,170,236,8,232,74,110,192,190,
[8*12*'匚']: 0,254,128,128,128,128,128,128,128,128,128,254,
[8*12*'匝']: 0,254,136,136,190,170,170,170,136,136,128,254,
[8*12*'匠']: 0,254,132,184,160,190,168,168,200,136,128,254,
[8*12*'匡']: 0,254,128,190,136,136,156,136,136,190,128,254,
[8*12*'匣']: 0,254,128,190,170,190,170,190,136,136,128,254,
[8*12*'匪']: 0,254,148,182,148,182,148,182,148,164,128,254,
[8*12*'匯']: 0,254,128,212,158,180,222,148,148,222,128,254,
[8*12*'匱']: 0,254,136,190,170,254,148,156,148,156,162,254,
[8*12*'匳']: 0,254,136,148,190,128,190,170,190,148,170,254,
[8*12*'匸']: 0,254,64,64,64,64,64,64,64,64,64,62,
[8*12*'匹']: 0,254,168,168,168,170,170,174,192,128,128,254,
[8*12*'区']: 0,254,132,132,180,136,136,148,164,192,128,254,
[8*12*'医']: 0,254,144,156,168,136,190,136,148,162,128,254,
[8*12*'匿']: 0,254,148,190,144,190,144,190,210,158,128,254,
[8*12*'區']: 0,254,128,156,148,156,128,182,182,182,128,254,
[8*12*'十']: 0,16,16,16,16,254,16,16,16,16,16,16,
[8*12*'千']: 0,12,112,16,16,254,16,16,16,16,16,16,
[8*12*'卅']: 0,84,84,84,84,254,84,84,84,84,84,148,
[8*12*'卆']: 0,32,120,40,42,78,144,16,254,16,16,16,
[8*12*'升']: 0,20,100,36,36,254,36,36,36,36,68,132,
[8*12*'午']: 0,64,124,80,144,16,254,16,16,16,16,16,
[8*12*'卉']: 0,16,16,254,16,84,68,254,68,68,68,132,
[8*12*'半']: 0,16,84,84,16,124,16,16,254,16,16,16,
[8*12*'卍']: 0,242,18,18,18,18,254,144,144,144,144,158,
[8*12*'卑']: 0,16,124,84,124,84,124,40,72,254,8,8,
[8*12*'卒']: 0,16,254,68,68,170,16,16,254,16,16,16,
[8*12*'卓']: 0,16,30,16,124,68,124,68,124,16,254,16,
[8*12*'協']: 0,72,94,74,234,86,64,84,126,86,86,106,
[8*12*'南']: 0,16,254,16,254,130,170,146,186,146,186,150,
[8*12*'単']: 0,84,8,124,84,124,84,124,16,254,16,16,
[8*12*'博']: 0,74,126,72,254,106,126,68,126,68,84,76,
[8*12*'卜']: 0,32,32,32,48,40,36,36,32,32,32,32,
[8*12*'卞']: 0,16,16,254,16,16,24,20,16,16,16,16,
[8*12*'占']: 0,16,16,16,30,16,16,254,130,130,130,254,
[8*12*'卦']: 0,40,120,40,40,252,42,122,40,56,200,8,
[8*12*'卩']: 0,60,36,36,36,36,36,36,44,32,32,32,
[8*12*'卮']: 0,12,112,64,126,64,92,84,84,80,82,158,
[8*12*'卯']: 0,32,206,170,170,170,170,170,234,168,40,72,
[8*12*'印']: 0,32,222,146,146,242,146,146,150,240,16,16,
[8*12*'危']: 0,60,36,72,254,64,92,84,84,80,82,158,
[8*12*'即']: 0,238,170,234,170,170,234,138,138,168,232,8,
[8*12*'却']: 0,46,42,250,42,42,250,42,74,88,248,8,
[8*12*'卵']: 0,46,202,170,170,238,170,170,234,168,40,72,
[8*12*'卷']: 0,84,146,124,40,254,68,124,170,40,36,60,
[8*12*'卸']: 0,78,122,170,42,250,42,186,170,168,184,200,
[8*12*'卻']: 0,46,90,138,42,90,90,138,122,88,120,8,
[8*12*'卿']: 0,70,126,174,190,174,190,230,174,60,68,132,
[8*12*'厂']: 0,126,64,64,64,64,64,64,64,64,64,128,
[8*12*'厄']: 0,126,64,64,94,82,82,86,80,82,82,158,
[8*12*'厖']: 0,126,64,80,122,84,82,84,82,84,80,174,
[8*12*'厘']: 0,126,64,126,106,126,106,126,72,92,72,190,
[8*12*'厚']: 0,126,64,92,84,92,84,92,68,126,72,152,
[8*12*'原']: 0,126,72,92,84,92,84,92,72,106,72,152,
[8*12*'厠']: 0,126,64,122,110,126,110,126,106,122,66,170,
[8*12*'厥']: 0,126,64,104,126,90,108,124,84,84,100,138,
[8*12*'厦']: 0,126,64,126,84,92,84,92,76,84,72,182,
[8*12*'厨']: 0,126,64,122,70,122,106,110,122,82,90,182,
[8*12*'厩']: 0,126,64,126,84,116,84,126,68,108,76,150,
[8*12*'厭']: 0,126,64,116,86,116,78,116,84,116,218,90,
[8*12*'厮']: 0,126,64,106,124,108,126,106,122,66,106,170,
[8*12*'厰']: 0,126,64,84,108,86,122,122,108,124,106,170,
[8*12*'厳']: 0,82,4,126,64,118,90,122,116,116,116,154,
[8*12*'厶']: 0,16,16,16,32,32,32,32,72,68,76,242,
[8*12*'去']: 0,16,16,124,16,16,254,16,32,40,68,250,
[8*12*'参']: 0,16,36,250,32,254,84,162,16,36,8,112,
[8*12*'參']: 0,16,32,116,136,238,16,40,214,40,16,96,
[8*12*'又']: 0,124,4,68,68,40,40,16,16,40,68,130,
[8*12*'叉']: 0,124,4,36,84,68,40,40,16,40,68,130,
[8*12*'及']: 0,248,40,40,46,34,50,84,84,72,148,98,
[8*12*'友']: 0,16,16,254,32,60,36,84,84,136,20,98,
[8*12*'双']: 0,254,18,18,90,90,42,36,36,84,74,146,
[8*12*'反']: 0,126,64,64,124,68,84,84,72,72,84,162,
[8*12*'収']: 0,46,162,170,170,170,170,164,228,164,42,50,
[8*12*'叔']: 0,46,34,58,42,250,36,36,180,170,42,106,
[8*12*'取']: 0,240,94,114,90,90,116,84,84,122,210,16,
[8*12*'受']: 0,6,248,84,254,130,124,4,40,16,40,198,
[8*12*'叙']: 0,46,82,130,122,42,250,36,180,180,42,106,
[8*12*'叛']: 0,94,240,240,94,242,90,90,244,68,74,146,
[8*12*'叟']: 0,86,146,214,146,254,16,124,4,40,16,238,
[8*12*'叡']: 0,46,50,34,250,138,84,164,84,250,90,114,
[8*12*'叢']: 0,170,254,40,254,16,254,82,122,84,244,26,
[8*12*'口']: 0,0,254,130,130,130,130,130,130,130,254,130,
[8*12*'古']: 0,16,16,16,254,16,16,124,68,68,68,124,
[8*12*'句']: 0,64,126,130,122,74,74,74,122,2,2,12,
[8*12*'叨']: 0,30,234,170,170,170,170,170,234,18,18,38,
[8*12*'叩']: 0,30,242,178,178,178,178,178,246,16,16,16,
[8*12*'只']: 0,124,68,68,68,68,124,0,40,36,68,130,
[8*12*'叫']: 0,2,234,170,170,170,170,170,238,26,2,2,
[8*12*'召']: 0,254,18,18,34,76,128,126,66,66,66,126,
[8*12*'叭']: 0,20,212,212,212,212,212,212,212,36,34,66,
[8*12*'叮']: 0,30,228,164,164,164,164,164,228,4,4,12,
[8*12*'可']: 0,254,4,116,84,84,84,84,116,4,4,12,
[8*12*'台']: 0,16,16,32,68,250,0,124,68,68,68,124,
[8*12*'叱']: 0,16,240,176,178,180,184,176,240,18,18,30,
[8*12*'史']: 0,16,124,84,84,84,124,80,48,16,40,198,
[8*12*'右']: 0,16,16,254,32,32,60,100,164,36,36,60,
[8*12*'叶']: 0,4,228,164,164,190,164,164,228,4,4,4,
[8*12*'号']: 0,124,68,124,0,254,32,60,68,4,4,24,
[8*12*'司']: 0,254,2,122,2,122,74,74,74,122,2,6,
[8*12*'叺']: 0,24,232,168,168,168,168,168,244,20,20,34,
[8*12*'吁']: 0,30,228,164,164,190,164,164,228,4,4,12,
[8*12*'吃']: 0,8,238,176,174,162,164,168,232,18,18,14,
[8*12*'各']: 0,32,60,68,168,16,40,68,254,68,68,124,
[8*12*'合']: 0,16,40,68,186,0,0,124,68,68,68,124,
[8*12*'吉']: 0,16,16,254,16,16,124,0,124,68,68,124,
[8*12*'吊']: 0,124,68,68,124,16,254,146,146,150,16,16,
[8*12*'吋']: 0,4,228,190,164,164,180,172,228,4,4,12,
[8*12*'同']: 0,254,130,186,130,186,170,170,170,186,130,134,
[8*12*'名']: 0,32,60,68,168,16,32,126,162,34,34,62,
[8*12*'后']: 0,6,120,64,126,64,64,94,82,82,82,158,
[8*12*'吏']: 0,16,254,16,124,84,84,124,80,48,40,198,
[8*12*'吐']: 0,4,228,164,190,164,164,164,228,4,4,30,
[8*12*'向']: 0,16,32,254,130,186,170,170,170,186,130,134,
[8*12*'君']: 0,124,20,20,254,20,124,32,62,98,162,62,
[8*12*'吝']: 0,16,254,68,40,56,198,0,124,68,68,124,
[8*12*'吟']: 0,8,244,162,172,160,160,190,226,4,4,8,
[8*12*'吠']: 0,8,234,168,190,168,168,168,244,20,20,34,
[8*12*'否']: 0,254,16,48,84,146,16,124,68,68,68,124,
[8*12*'吩']: 0,20,212,212,226,192,222,202,202,18,18,38,
[8*12*'含']: 0,16,40,124,130,124,8,16,124,68,68,124,
[8*12*'听']: 0,4,216,208,208,222,212,212,212,20,36,68,
[8*12*'吭']: 0,8,200,254,192,220,212,212,212,20,36,70,
[8*12*'吮']: 0,8,200,208,226,254,212,212,212,20,36,70,
[8*12*'吶']: 0,24,232,190,170,170,170,182,226,34,34,38,
[8*12*'吸']: 0,60,212,212,212,214,210,218,234,36,42,82,
[8*12*'吹']: 0,8,238,178,170,168,168,168,232,20,20,34,
[8*12*'吻']: 0,8,238,174,182,166,170,182,230,10,18,6,
[8*12*'吼']: 0,60,204,204,212,212,220,244,212,20,20,54,
[8*12*'吽']: 0,4,244,190,180,164,164,190,228,4,4,4,
[8*12*'吾']: 0,124,16,124,36,36,254,0,124,68,68,124,
[8*12*'呀']: 0,30,196,212,212,228,254,196,204,20,100,12,
[8*12*'呂']: 0,124,68,68,124,16,32,254,130,130,130,254,
[8*12*'呆']: 0,124,68,68,124,16,254,16,56,84,146,16,
[8*12*'呈']: 0,124,68,68,124,0,124,16,124,16,16,254,
[8*12*'呉']: 0,28,84,84,92,64,124,4,254,0,68,130,
[8*12*'告']: 0,80,124,80,144,254,0,124,68,68,68,124,
[8*12*'呎']: 0,30,210,210,222,212,212,212,212,20,34,66,
[8*12*'呑']: 0,12,112,16,254,40,68,130,124,68,68,124,
[8*12*'呟']: 0,4,228,190,164,168,186,164,228,8,18,30,
[8*12*'周']: 0,126,82,82,122,82,126,66,122,106,122,134,
[8*12*'呪']: 0,30,242,178,178,190,172,172,236,12,20,38,
[8*12*'呰']: 0,36,182,164,180,198,0,124,68,68,68,124,
[8*12*'呱']: 0,2,220,212,212,212,212,212,212,20,26,34,
[8*12*'味']: 0,8,232,188,168,168,190,168,232,28,42,8,
[8*12*'呵']: 0,62,194,222,214,214,214,214,222,2,2,6,
[8*12*'呶']: 0,22,210,178,186,170,170,180,244,20,42,42,
[8*12*'呷']: 0,62,234,170,190,170,170,170,254,8,8,8,
[8*12*'呻']: 0,8,232,190,170,170,190,170,234,62,8,8,
[8*12*'呼']: 0,6,248,168,186,170,168,190,232,8,8,24,
[8*12*'命']: 0,16,40,68,186,0,238,170,170,234,8,8,
[8*12*'咀']: 0,60,228,164,188,164,164,188,228,36,36,126,
[8*12*'咄']: 0,8,234,234,234,254,200,200,234,42,42,62,
[8*12*'咆']: 0,8,238,178,174,170,170,174,234,8,10,14,
[8*12*'咋']: 0,8,238,184,168,174,168,168,238,8,8,8,
[8*12*'和']: 0,16,110,42,42,250,42,42,122,170,46,32,
[8*12*'咎']: 0,68,116,84,218,32,94,128,124,68,68,124,
[8*12*'咏']: 0,24,192,216,202,250,220,220,220,42,74,24,
[8*12*'咐']: 0,10,234,182,178,178,186,178,242,18,18,22,
[8*12*'咒']: 0,238,170,170,238,0,56,40,40,42,74,142,
[8*12*'咢']: 0,238,170,238,0,124,0,254,32,60,4,28,
[8*12*'咤']: 0,8,254,162,164,184,168,174,248,8,10,14,
[8*12*'咥']: 0,62,200,208,212,250,200,200,220,8,8,62,
[8*12*'咨']: 0,16,222,42,8,84,162,0,124,68,68,124,
[8*12*'咫']: 0,118,86,86,86,118,96,106,106,80,72,134,
[8*12*'咬']: 0,8,254,212,212,226,212,212,200,8,20,34,
[8*12*'咯']: 0,16,220,212,232,200,212,226,220,20,20,28,
[8*12*'咲']: 0,20,244,160,190,168,168,190,232,8,20,34,
[8*12*'咳']: 0,4,254,164,184,170,164,168,242,4,10,18,
[8*12*'咸']: 0,10,8,126,68,116,68,118,84,84,122,138,
[8*12*'咼']: 0,124,68,92,84,84,254,130,186,170,186,134,
[8*12*'咽']: 0,62,226,170,190,170,170,170,246,34,34,62,
[8*12*'咾']: 0,8,202,220,200,254,208,244,216,16,18,30,
[8*12*'哀']: 0,16,254,0,124,68,124,40,106,164,52,98,
[8*12*'品']: 0,124,68,68,124,0,238,170,170,170,170,238,
[8*12*'哂']: 0,62,212,180,190,182,182,182,226,34,34,62,
[8*12*'哄']: 0,20,212,254,212,212,212,254,192,20,20,34,
[8*12*'哇']: 0,8,220,200,200,254,200,200,220,8,8,62,
[8*12*'哈']: 0,8,244,162,172,160,160,190,242,18,18,30,
[8*12*'哉']: 0,40,122,40,40,254,4,116,86,84,116,10,
[8*12*'哘']: 0,22,208,224,206,210,210,242,210,18,18,22,
[8*12*'員']: 0,124,68,254,130,254,130,254,130,254,68,130,
[8*12*'哢']: 0,62,200,220,200,254,212,212,254,20,20,36,
[8*12*'哥']: 0,254,116,84,116,4,254,4,116,84,116,12,
[8*12*'哦']: 0,12,246,212,254,212,212,220,246,20,20,50,
[8*12*'哨']: 0,26,234,168,190,178,190,178,254,18,18,22,
[8*12*'哩']: 0,62,234,190,170,170,190,168,252,8,8,62,
[8*12*'哭']: 0,238,170,170,238,16,20,254,16,40,68,130,
[8*12*'哮']: 0,10,220,200,254,208,236,196,254,8,8,24,
[8*12*'哲']: 0,68,216,80,94,212,100,68,124,68,68,124,
[8*12*'哺']: 0,10,254,168,190,170,190,170,254,42,42,42,
[8*12*'哽']: 0,62,200,190,170,190,170,190,232,24,8,54,
[8*12*'唄']: 0,62,226,190,162,190,162,162,254,0,20,34,
[8*12*'唆']: 0,8,242,190,180,166,168,172,244,8,20,34,
[8*12*'唇']: 0,126,64,92,64,126,84,154,124,68,68,124,
[8*12*'唏']: 0,18,204,210,200,254,208,228,222,22,22,4,
[8*12*'唐']: 0,8,126,72,94,74,126,64,94,82,82,158,
[8*12*'唔']: 0,30,228,190,170,170,190,160,254,18,18,30,
[8*12*'唖']: 0,62,212,180,190,182,182,182,254,20,20,62,
[8*12*'售']: 0,40,62,80,252,80,126,0,124,68,68,124,
[8*12*'唯']: 0,20,244,190,180,190,180,180,254,20,20,30,
[8*12*'唱']: 0,14,234,174,170,174,160,190,242,30,18,30,
[8*12*'唳']: 0,62,192,222,210,222,212,222,212,36,74,18,
[8*12*'唸']: 0,8,212,226,220,192,254,196,192,20,50,46,
[8*12*'唹']: 0,20,218,250,208,212,210,218,232,44,10,26,
[8*12*'唾']: 0,4,248,168,190,172,190,172,254,8,8,62,
[8*12*'啀']: 0,62,228,174,164,190,164,164,238,36,36,94,
[8*12*'啄']: 0,30,232,168,172,182,172,180,236,22,36,12,
[8*12*'啅']: 0,8,206,200,220,212,220,212,220,8,62,8,
[8*12*'商']: 0,16,254,68,254,170,174,194,186,170,186,134,
[8*12*'啌']: 0,8,254,226,212,230,192,220,200,8,8,62,
[8*12*'問']: 0,238,170,238,170,238,130,186,170,170,186,134,
[8*12*'啓']: 0,244,6,122,90,116,68,138,124,68,68,124,
[8*12*'啖']: 0,8,234,236,212,226,200,234,236,8,20,34,
[8*12*'啗']: 0,16,222,226,196,208,230,226,246,34,34,62,
[8*12*'啜']: 0,30,234,170,180,170,160,190,234,42,20,42,
[8*12*'啝']: 0,8,48,214,214,254,214,214,216,52,82,16,
[8*12*'啣']: 0,38,254,246,214,254,214,222,244,52,60,4,
[8*12*'啻']: 0,16,254,40,254,146,124,84,16,124,68,124,
[8*12*'啼']: 0,8,254,212,212,254,234,200,254,42,42,8,
[8*12*'啾']: 0,20,244,212,222,252,212,212,244,52,26,26,
[8*12*'喀']: 0,8,254,226,204,212,200,212,226,28,20,28,
[8*12*'喃']: 0,8,254,168,190,162,182,170,254,42,62,42,
[8*12*'善']: 0,40,254,16,124,16,254,84,254,124,68,124,
[8*12*'喇']: 0,18,250,210,250,218,218,250,210,58,82,22,
[8*12*'喉']: 0,22,210,162,190,168,174,180,254,36,42,50,
[8*12*'喊']: 0,10,232,190,164,188,164,190,236,44,60,74,
[8*12*'喋']: 0,42,254,170,174,160,190,168,254,28,42,8,
[8*12*'喘']: 0,42,234,190,160,190,168,190,234,42,42,42,
[8*12*'喙']: 0,16,220,212,216,254,208,218,236,20,102,24,
[8*12*'喚']: 0,12,244,164,190,170,182,162,254,8,20,34,
[8*12*'喜']: 0,16,254,16,124,68,124,40,254,124,68,124,
[8*12*'喝']: 0,30,242,190,178,190,168,174,250,18,26,6,
[8*12*'喞']: 0,22,254,174,190,174,190,166,246,36,52,36,
[8*12*'喟']: 0,62,234,190,170,190,180,188,244,28,20,20,
[8*12*'喧']: 0,4,254,182,160,174,170,174,234,14,0,30,
[8*12*'喨']: 0,8,254,212,220,192,254,226,212,20,20,38,
[8*12*'喩']: 0,56,20,226,188,160,186,170,252,44,58,42,
[8*12*'喪']: 0,16,254,16,214,214,16,254,72,74,100,194,
[8*12*'喫']: 0,22,254,214,254,214,250,200,254,8,20,34,
[8*12*'喬']: 0,124,16,254,68,186,40,254,186,170,186,134,
[8*12*'單']: 0,238,170,238,124,84,124,84,124,16,254,16,
[8*12*'喰']: 0,8,244,170,188,180,188,180,252,26,20,58,
[8*12*'営']: 0,84,8,254,130,56,40,56,16,124,68,124,
[8*12*'嗄']: 0,62,200,220,212,220,212,220,204,20,8,54,
[8*12*'嗅']: 0,8,220,212,220,212,220,200,254,8,20,34,
[8*12*'嗇']: 0,16,254,84,84,186,254,0,124,108,124,124,
[8*12*'嗔']: 0,16,222,208,222,202,238,234,238,62,0,34,
[8*12*'嗚']: 0,4,238,170,174,168,174,168,238,2,42,38,
[8*12*'嗜']: 0,10,220,200,254,212,232,206,210,30,18,30,
[8*12*'嗟']: 0,10,254,164,174,164,190,168,238,20,36,30,
[8*12*'嗣']: 0,238,162,174,226,14,250,218,250,222,210,150,
[8*12*'嗤']: 0,42,254,208,254,200,254,234,254,8,10,62,
[8*12*'嗷']: 0,20,252,214,254,214,254,214,220,44,10,26,
[8*12*'嗹']: 0,36,206,196,238,206,206,244,222,20,16,46,
[8*12*'嗽']: 0,20,214,186,190,188,188,188,212,52,90,18,
[8*12*'嗾']: 0,20,214,248,212,214,220,222,236,44,10,26,
[8*12*'嘆']: 0,20,254,180,190,170,190,168,254,8,20,34,
[8*12*'嘉']: 0,16,254,16,254,68,124,40,254,90,90,190,
[8*12*'嘔']: 0,62,224,174,170,174,160,182,246,54,32,62,
[8*12*'嘖']: 0,8,220,200,220,200,254,212,220,20,28,34,
[8*12*'嘗']: 0,84,16,254,170,120,66,126,68,124,68,124,
[8*12*'嘘']: 0,8,238,168,190,168,174,160,244,54,84,62,
[8*12*'嘛']: 0,8,126,192,212,254,212,254,254,126,84,148,
[8*12*'嘩']: 0,20,254,180,190,172,190,172,254,8,62,8,
[8*12*'嘯']: 0,8,222,202,254,202,220,246,246,34,54,86,
[8*12*'嘱']: 0,62,226,190,164,174,174,164,254,54,62,82,
[8*12*'嘲']: 0,16,62,218,186,174,186,174,250,18,58,22,
[8*12*'嘴']: 0,36,246,228,246,220,228,254,234,62,34,70,
[8*12*'嘶']: 0,42,252,172,188,174,186,170,250,2,42,74,
[8*12*'嘸']: 0,16,222,244,212,254,212,212,254,0,20,42,
[8*12*'噂']: 0,20,254,180,190,182,162,190,228,62,20,12,
[8*12*'噌']: 0,20,232,190,170,190,170,190,212,28,20,28,
[8*12*'噎']: 0,8,254,200,254,226,220,192,220,20,8,62,
[8*12*'噐']: 0,238,170,238,0,124,16,254,0,238,170,238,
[8*12*'噛']: 0,8,238,168,190,160,182,170,254,62,42,62,
[8*12*'噤']: 0,18,246,210,246,210,220,192,254,8,42,24,
[8*12*'器']: 0,238,170,238,16,254,40,198,0,238,170,238,
[8*12*'噪']: 0,28,212,188,190,170,190,168,254,28,42,8,
[8*12*'噫']: 0,8,254,212,254,210,222,210,222,20,50,46,
[8*12*'噬']: 0,36,246,210,192,254,200,220,220,42,8,62,
[8*12*'噴']: 0,8,254,212,254,212,220,212,220,20,28,34,
[8*12*'噸']: 0,46,228,190,170,174,186,190,234,46,48,10,
[8*12*'噺']: 0,18,252,168,168,190,178,186,210,58,82,18,
[8*12*'嚀']: 0,8,254,162,180,174,160,190,234,62,8,24,
[8*12*'嚆']: 0,20,254,200,254,212,220,192,254,54,62,34,
[8*12*'嚇']: 0,20,254,212,212,254,234,234,238,42,42,86,
[8*12*'嚊']: 0,8,220,212,220,212,254,234,254,0,62,20,
[8*12*'嚏']: 0,8,220,200,254,226,220,220,254,10,40,94,
[8*12*'嚔']: 0,8,220,200,254,226,216,218,254,10,40,94,
[8*12*'嚠']: 0,18,230,230,246,202,214,254,202,30,14,58,
[8*12*'嚢']: 0,16,254,84,254,170,124,40,254,106,164,50,
[8*12*'嚥']: 0,20,254,212,220,246,212,252,214,0,20,42,
[8*12*'嚮']: 0,118,182,116,166,118,164,16,254,186,170,186,
[8*12*'嚴']: 0,118,118,0,126,64,118,90,122,116,116,154,
[8*12*'嚶']: 0,54,246,182,160,170,176,190,212,24,12,50,
[8*12*'嚼']: 0,28,234,192,254,234,254,192,242,54,34,54,
[8*12*'囀']: 0,20,62,212,190,174,190,174,250,18,58,22,
[8*12*'囁']: 0,30,236,172,172,190,164,190,246,54,126,18,
[8*12*'囂']: 0,108,108,254,124,68,124,68,124,198,108,108,
[8*12*'囃']: 0,18,250,214,212,238,196,252,214,60,84,22,
[8*12*'囈']: 0,20,254,212,254,214,250,220,192,62,20,58,
[8*12*'囎']: 0,116,218,240,222,254,208,222,250,14,90,94,
[8*12*'囑']: 0,62,226,190,168,190,190,176,254,58,94,58,
[8*12*'囓']: 0,22,254,214,250,214,196,214,252,42,54,62,
[8*12*'囗']: 0,254,130,130,130,130,130,130,130,130,130,254,
[8*12*'囘']: 0,254,130,186,170,170,186,162,170,186,130,134,
[8*12*'囚']: 0,254,130,146,146,146,146,170,170,198,130,254,
[8*12*'四']: 0,254,170,170,170,170,170,174,194,130,130,254,
[8*12*'回']: 0,254,130,130,186,170,170,170,186,130,130,254,
[8*12*'因']: 0,254,130,146,254,146,146,170,170,198,130,254,
[8*12*'団']: 0,254,130,138,254,138,170,154,138,154,130,254,
[8*12*'囮']: 0,254,130,154,170,174,234,170,170,174,130,254,
[8*12*'困']: 0,254,130,146,254,146,186,186,214,146,130,254,
[8*12*'囲']: 0,254,130,170,254,170,170,254,170,202,130,254,
[8*12*'図']: 0,254,130,214,214,134,170,146,170,198,130,254,
[8*12*'囹']: 0,254,146,170,198,186,130,254,150,146,130,254,
[8*12*'固']: 0,254,130,146,254,146,186,170,170,186,130,254,
[8*12*'国']: 0,254,130,254,146,146,186,146,150,254,130,254,
[8*12*'囿']: 0,254,146,250,162,186,234,186,170,170,130,254,
[8*12*'圀']: 0,254,170,206,146,250,162,186,170,218,130,254,
[8*12*'圃']: 0,254,130,150,254,146,254,214,254,214,130,254,
[8*12*'圄']: 0,254,130,186,146,250,170,254,170,186,130,254,
[8*12*'圈']: 0,254,170,214,146,254,170,246,162,186,130,254,
[8*12*'圉']: 0,254,146,186,146,254,170,254,146,186,146,254,
[8*12*'國']: 0,254,138,254,138,234,238,138,234,150,130,254,
[8*12*'圍']: 0,254,146,250,170,254,170,250,210,254,146,254,
[8*12*'圏']: 0,254,146,214,170,254,170,214,162,186,130,254,
[8*12*'園']: 0,254,146,186,146,254,186,174,186,214,146,254,
[8*12*'圓']: 0,254,130,186,170,254,198,254,130,198,130,254,
[8*12*'圖']: 0,254,130,186,170,254,146,186,170,186,130,254,
[8*12*'團']: 0,254,146,254,186,186,246,138,254,170,154,254,
[8*12*'圜']: 0,254,186,186,254,186,170,182,234,182,130,254,
[8*12*'土']: 0,16,16,16,124,16,16,16,16,16,16,254,
[8*12*'圦']: 0,88,72,72,232,72,72,72,116,212,20,34,
[8*12*'圧']: 0,126,64,72,72,72,92,72,72,72,72,190,
[8*12*'在']: 0,16,254,32,40,72,220,72,72,72,72,126,
[8*12*'圭']: 0,16,124,16,16,254,16,16,124,16,16,254,
[8*12*'地']: 0,68,84,86,222,118,86,84,84,210,18,30,
[8*12*'圷']: 0,94,72,72,232,76,74,72,104,200,8,8,
[8*12*'圸']: 0,72,72,72,234,106,106,106,106,234,42,62,
[8*12*'圻']: 0,68,88,80,208,94,84,84,84,212,36,68,
[8*12*'址']: 0,68,68,68,212,86,84,84,84,212,20,62,
[8*12*'坂']: 0,94,80,80,222,82,90,90,84,228,42,18,
[8*12*'均']: 0,80,94,82,226,90,66,70,106,210,2,12,
[8*12*'坊']: 0,68,68,94,232,72,78,74,106,202,10,22,
[8*12*'坎']: 0,80,94,82,234,72,72,72,72,212,20,34,
[8*12*'坏']: 0,126,72,72,216,92,106,106,72,200,8,8,
[8*12*'坐']: 0,16,84,84,84,186,16,16,124,16,16,254,
[8*12*'坑']: 0,72,72,126,192,92,84,84,84,212,36,70,
[8*12*'坡']: 0,68,94,86,244,94,82,90,84,228,42,18,
[8*12*'坤']: 0,72,72,126,234,106,126,106,106,254,8,8,
[8*12*'坦']: 0,94,82,82,222,82,82,82,94,192,0,62,
[8*12*'坩']: 0,82,82,126,210,82,94,82,82,210,18,30,
[8*12*'坪']: 0,126,72,106,234,72,72,126,72,200,8,8,
[8*12*'坿']: 0,74,74,86,210,114,90,82,82,210,18,22,
[8*12*'垂']: 0,12,112,16,254,84,254,84,254,16,16,254,
[8*12*'垈']: 0,42,72,222,68,68,66,16,124,16,16,254,
[8*12*'垉']: 0,72,78,82,238,74,74,78,106,200,10,14,
[8*12*'型']: 0,242,90,90,250,82,82,134,16,124,16,254,
[8*12*'垓']: 0,72,126,72,240,84,72,80,100,200,20,34,
[8*12*'垠']: 0,94,82,94,242,82,94,84,118,212,18,26,
[8*12*'垢']: 0,66,92,80,222,80,80,94,90,234,10,14,
[8*12*'垣']: 0,94,64,94,242,82,94,82,114,222,0,62,
[8*12*'垤']: 0,126,72,80,212,122,72,72,92,200,8,62,
[8*12*'垪']: 0,84,72,126,212,84,126,84,84,212,20,36,
[8*12*'垰']: 0,72,78,72,254,64,94,72,108,202,8,8,
[8*12*'垳']: 0,86,80,96,206,82,82,114,82,210,18,22,
[8*12*'埀']: 0,12,112,16,254,84,214,84,214,124,16,254,
[8*12*'埃']: 0,72,82,126,208,92,104,72,126,200,20,34,
[8*12*'埆']: 0,76,84,68,254,86,94,86,126,210,18,38,
[8*12*'埋']: 0,126,106,126,234,106,126,72,92,200,8,62,
[8*12*'城']: 0,74,72,126,228,124,108,108,110,244,36,74,
[8*12*'埒']: 0,92,64,84,234,68,126,68,100,212,4,12,
[8*12*'埓']: 0,68,88,106,196,88,68,126,68,212,4,12,
[8*12*'埔']: 0,74,126,72,254,106,126,106,126,234,42,42,
[8*12*'埖']: 0,84,126,84,192,84,84,118,84,212,20,22,
[8*12*'埜']: 0,36,254,36,108,182,36,16,124,16,16,254,
[8*12*'域']: 0,74,72,126,200,122,106,106,124,196,52,10,
[8*12*'埠']: 0,72,92,84,220,94,82,94,72,254,8,8,
[8*12*'埣']: 0,72,126,84,212,106,72,72,126,200,8,8,
[8*12*'埴']: 0,68,94,68,238,106,110,106,106,238,32,62,
[8*12*'執']: 0,40,248,44,252,92,92,252,44,244,36,38,
[8*12*'培']: 0,72,126,84,212,126,64,92,84,212,20,28,
[8*12*'基']: 0,40,254,40,56,40,254,68,146,124,16,254,
[8*12*'埼']: 0,72,126,72,212,98,126,66,122,234,58,6,
[8*12*'堀']: 0,126,98,126,224,106,106,126,72,234,42,62,
[8*12*'堂']: 0,84,16,254,130,124,68,124,16,124,16,254,
[8*12*'堅']: 0,254,162,250,148,244,170,250,16,124,16,254,
[8*12*'堆']: 0,84,84,94,244,94,84,84,126,212,20,30,
[8*12*'堊']: 0,254,40,108,68,108,40,254,16,124,16,254,
[8*12*'堋']: 0,126,106,106,254,106,106,126,106,234,42,86,
[8*12*'堕']: 0,228,190,200,174,186,206,138,16,124,16,254,
[8*12*'堙']: 0,94,76,94,246,86,94,68,110,196,4,30,
[8*12*'堝']: 0,78,74,78,234,74,94,82,126,214,30,18,
[8*12*'堡']: 0,60,52,92,200,126,92,106,16,124,16,254,
[8*12*'堤']: 0,94,82,94,242,94,64,94,100,214,20,46,
[8*12*'堪']: 0,84,126,84,220,84,92,84,126,246,32,62,
[8*12*'堯']: 0,16,124,16,254,68,238,0,254,40,42,206,
[8*12*'堰']: 0,94,80,94,254,84,94,90,116,218,16,30,
[8*12*'報']: 0,46,250,42,248,94,90,250,36,244,42,42,
[8*12*'場']: 0,92,84,92,212,126,80,94,106,214,42,22,
[8*12*'堵']: 0,72,74,92,200,126,80,94,114,222,18,30,
[8*12*'堺']: 0,126,106,126,234,126,84,98,84,212,20,36,
[8*12*'堽']: 0,126,106,106,254,64,126,72,110,232,40,62,
[8*12*'塀']: 0,94,82,94,208,90,84,94,106,222,10,18,
[8*12*'塁']: 0,124,84,124,84,124,130,68,146,124,16,254,
[8*12*'塊']: 0,72,126,106,254,106,126,88,92,222,40,78,
[8*12*'塋']: 0,68,238,68,170,254,130,16,124,16,16,254,
[8*12*'塑']: 0,94,250,46,170,254,74,150,16,124,16,254,
[8*12*'塒']: 0,72,92,104,254,100,126,100,116,228,4,12,
[8*12*'塔']: 0,84,126,84,200,84,98,92,64,220,20,28,
[8*12*'塗']: 0,136,20,190,8,62,136,170,16,124,16,254,
[8*12*'塘']: 0,68,126,100,238,102,126,96,126,210,18,30,
[8*12*'塙']: 0,72,126,84,220,64,126,98,126,246,62,34,
[8*12*'塚']: 0,126,98,124,208,90,108,84,108,212,38,24,
[8*12*'塞']: 0,16,254,170,124,40,254,68,146,124,16,254,
[8*12*'塢']: 0,72,94,82,222,80,94,80,94,194,42,38,
[8*12*'塩']: 0,80,94,96,220,84,92,64,92,220,28,62,
[8*12*'填']: 0,72,126,72,220,84,92,84,126,192,20,34,
[8*12*'塰']: 0,144,30,170,30,42,190,132,16,124,16,254,
[8*12*'塲']: 0,80,94,116,220,84,126,80,94,214,42,22,
[8*12*'塵']: 0,8,126,84,126,118,100,118,72,92,72,190,
[8*12*'塹']: 0,34,252,104,110,106,250,34,16,124,16,254,
[8*12*'塾']: 0,40,252,84,116,44,180,102,16,124,16,254,
[8*12*'境']: 0,72,126,84,254,82,94,82,126,212,20,38,
[8*12*'墅']: 0,238,226,228,78,230,68,236,16,124,16,254,
[8*12*'墓']: 0,40,254,40,124,68,124,254,84,186,16,124,
[8*12*'増']: 0,84,72,126,234,126,106,126,84,220,20,28,
[8*12*'墜']: 0,212,254,144,218,236,214,172,16,124,16,254,
[8*12*'墟']: 0,68,70,68,222,84,86,80,90,222,36,30,
[8*12*'墨']: 0,124,84,124,84,254,0,170,16,124,16,254,
[8*12*'墫']: 0,84,98,126,212,126,118,126,68,254,20,12,
[8*12*'墮']: 0,228,190,200,174,180,206,138,16,124,16,254,
[8*12*'墳']: 0,72,126,84,254,84,92,84,92,212,28,34,
[8*12*'墸']: 0,84,126,84,202,92,72,126,116,220,20,28,
[8*12*'墹']: 0,118,118,118,246,98,126,118,126,246,62,34,
[8*12*'墺']: 0,72,126,102,250,106,126,106,126,200,20,34,
[8*12*'墻']: 0,72,126,84,212,106,126,64,126,246,62,62,
[8*12*'墾']: 0,46,202,110,170,110,172,106,16,124,16,254,
[8*12*'壁']: 0,116,94,122,78,244,94,116,16,124,16,254,
[8*12*'壅']: 0,16,254,0,84,158,84,158,16,124,16,254,
[8*12*'壇']: 0,72,126,64,254,118,126,92,84,220,0,62,
[8*12*'壊']: 0,72,126,72,254,118,126,72,126,218,52,26,
[8*12*'壌']: 0,72,126,84,226,84,126,84,126,218,52,26,
[8*12*'壑']: 0,48,46,242,170,84,228,106,16,124,16,254,
[8*12*'壓']: 0,126,64,116,126,68,244,122,16,124,16,254,
[8*12*'壕']: 0,72,126,84,220,126,98,92,110,212,38,24,
[8*12*'壗']: 0,72,94,74,254,72,126,64,106,192,28,62,
[8*12*'壘']: 0,124,84,124,84,254,238,238,16,124,16,254,
[8*12*'壙']: 0,68,126,108,254,108,126,108,108,204,0,18,
[8*12*'壜']: 0,92,84,92,212,126,106,84,64,254,20,58,
[8*12*'壞']: 0,72,126,92,220,64,118,72,84,246,20,26,
[8*12*'壟']: 0,38,244,86,242,86,116,86,16,124,16,254,
[8*12*'壤']: 0,72,126,118,192,84,126,84,126,218,52,26,
[8*12*'壥']: 0,94,80,94,222,84,94,80,90,208,36,30,
[8*12*'士']: 0,16,16,16,254,16,16,16,16,16,16,124,
[8*12*'壬']: 0,12,112,16,16,16,254,16,16,16,16,124,
[8*12*'壮']: 0,36,36,164,126,36,36,36,100,164,36,46,
[8*12*'壯']: 0,36,164,164,254,36,228,100,100,100,164,46,
[8*12*'声']: 0,16,254,16,124,0,124,84,84,124,64,128,
[8*12*'壱']: 0,16,254,16,124,0,254,130,76,112,66,62,
[8*12*'売']: 0,16,254,16,124,0,254,130,40,40,74,142,
[8*12*'壷']: 0,16,254,16,124,254,170,124,108,124,40,254,
[8*12*'壹']: 0,16,254,16,254,186,0,124,68,124,40,254,
[8*12*'壺']: 0,16,254,16,124,254,170,108,68,108,40,254,
[8*12*'壻']: 0,94,74,76,246,94,82,94,114,222,18,22,
[8*12*'壼']: 0,16,254,16,124,254,130,124,40,68,40,254,
[8*12*'壽']: 0,16,254,16,254,2,124,16,254,100,116,108,
[8*12*'夂']: 0,32,60,36,68,72,168,16,16,40,68,130,
[8*12*'変']: 0,16,254,40,170,170,64,56,104,16,40,198,
[8*12*'夊']: 0,32,60,164,68,72,168,16,16,40,68,130,
[8*12*'夏']: 0,254,16,124,68,124,68,124,36,104,16,238,
[8*12*'夐']: 0,56,72,252,84,108,124,68,124,196,56,198,
[8*12*'夕']: 0,16,16,30,34,66,180,12,8,16,32,192,
[8*12*'外']: 0,72,72,120,88,92,186,26,40,40,72,136,
[8*12*'夘']: 0,78,74,122,90,90,186,26,42,40,72,136,
[8*12*'夙']: 0,124,68,124,84,92,108,108,92,76,84,166,
[8*12*'多']: 0,32,60,68,168,16,238,18,106,4,8,112,
[8*12*'夛']: 0,124,4,124,4,254,32,60,196,40,16,224,
[8*12*'夜']: 0,16,254,40,46,82,74,212,72,72,84,98,
[8*12*'夢']: 0,40,254,40,124,84,254,162,60,100,24,224,
[8*12*'夥']: 0,244,182,250,180,252,38,250,38,114,164,40,
[8*12*'大']: 0,16,16,254,16,16,40,40,40,68,68,130,
[8*12*'天']: 0,254,16,16,16,124,16,16,40,40,68,130,
[8*12*'太']: 0,16,16,254,16,16,40,40,40,68,84,130,
[8*12*'夫']: 0,16,16,124,16,16,254,16,40,40,68,130,
[8*12*'夬']: 0,16,124,20,20,20,254,16,40,40,68,130,
[8*12*'夭']: 0,12,112,16,16,254,16,16,40,40,68,130,
[8*12*'央']: 0,16,124,84,84,84,254,16,40,40,68,130,
[8*12*'失']: 0,16,80,124,80,144,254,16,40,40,68,130,
[8*12*'夲']: 0,16,254,16,40,68,146,16,254,16,16,16,
[8*12*'夷']: 0,16,254,16,124,20,124,80,254,18,40,198,
[8*12*'夸']: 0,16,254,40,68,186,0,254,32,60,4,28,
[8*12*'夾']: 0,16,254,16,84,84,84,186,16,16,40,198,
[8*12*'奄']: 0,16,254,40,84,254,84,124,84,124,18,30,
[8*12*'奇']: 0,16,254,16,40,68,254,4,116,84,116,12,
[8*12*'奈']: 0,16,254,40,68,186,0,254,16,84,146,48,
[8*12*'奉']: 0,16,124,16,124,40,254,84,186,16,124,16,
[8*12*'奎']: 0,16,254,40,214,124,16,254,16,124,16,254,
[8*12*'奏']: 0,16,124,16,124,40,254,68,186,124,40,198,
[8*12*'奐']: 0,56,40,72,252,108,68,84,254,16,40,198,
[8*12*'契']: 0,94,234,74,234,74,246,16,254,16,40,198,
[8*12*'奔']: 0,16,254,40,84,186,16,68,254,68,68,132,
[8*12*'奕']: 0,16,254,40,170,170,88,16,254,16,40,198,
[8*12*'套']: 0,16,254,68,186,32,56,32,254,16,36,250,
[8*12*'奘']: 0,164,228,62,228,100,174,16,254,16,40,198,
[8*12*'奚']: 0,12,112,84,178,40,116,16,254,16,40,198,
[8*12*'奠']: 0,40,68,254,40,124,108,124,254,16,40,198,
[8*12*'奢']: 0,16,254,40,84,186,16,254,36,124,164,60,
[8*12*'奥']: 0,16,124,68,108,84,124,84,254,16,40,198,
[8*12*'奧']: 0,16,124,76,116,84,124,84,254,16,40,198,
[8*12*'奨']: 0,94,234,68,126,212,76,16,254,16,40,198,
[8*12*'奩']: 0,16,254,40,68,254,84,92,64,118,118,126,
[8*12*'奪']: 0,16,254,68,170,60,104,188,40,254,40,24,
[8*12*'奬']: 0,166,234,36,254,106,166,16,254,16,40,198,
[8*12*'奮']: 0,16,254,68,170,60,104,188,40,124,84,124,
[8*12*'女']: 0,16,16,16,254,36,36,72,104,24,36,194,
[8*12*'奴']: 0,46,34,42,250,90,90,100,36,36,106,146,
[8*12*'奸']: 0,46,36,36,244,94,84,100,36,36,84,132,
[8*12*'好']: 0,46,34,34,244,84,94,100,36,36,84,140,
[8*12*'妁']: 0,40,46,42,242,82,90,106,34,34,82,134,
[8*12*'如']: 0,32,46,42,250,90,90,106,42,42,90,142,
[8*12*'妃']: 0,46,34,34,242,94,88,104,40,42,90,142,
[8*12*'妄']: 0,16,254,64,64,124,16,254,36,104,24,230,
[8*12*'妊']: 0,34,44,36,244,84,94,100,36,36,100,158,
[8*12*'妍']: 0,94,74,74,234,190,170,202,74,74,170,178,
[8*12*'妓']: 0,36,36,46,244,94,82,106,36,36,106,146,
[8*12*'妖']: 0,34,44,36,244,94,84,100,36,42,106,146,
[8*12*'妙']: 0,72,72,92,250,170,168,218,66,100,168,144,
[8*12*'妛']: 0,16,146,254,0,254,16,254,36,104,24,230,
[8*12*'妝']: 0,36,164,164,254,42,234,108,100,100,170,50,
[8*12*'妣']: 0,84,84,84,254,180,180,212,84,84,188,150,
[8*12*'妥']: 0,12,112,84,84,8,254,36,104,16,44,194,
[8*12*'妨']: 0,68,68,94,232,168,174,202,74,106,170,150,
[8*12*'妬']: 0,94,72,72,232,174,170,218,74,106,170,142,
[8*12*'妲']: 0,94,82,82,254,178,178,210,94,96,160,158,
[8*12*'妹']: 0,72,72,92,232,168,190,200,72,92,170,136,
[8*12*'妻']: 0,16,254,20,254,20,124,16,254,36,56,198,
[8*12*'妾']: 0,16,124,40,40,254,16,254,36,104,24,230,
[8*12*'姆']: 0,94,82,90,242,190,178,218,82,126,162,134,
[8*12*'姉']: 0,68,94,68,228,190,182,214,86,86,164,132,
[8*12*'始']: 0,36,36,40,250,94,80,110,42,42,90,142,
[8*12*'姐']: 0,46,42,42,254,90,90,110,42,42,106,158,
[8*12*'姑']: 0,36,36,36,254,84,84,110,42,42,90,142,
[8*12*'姓']: 0,36,44,46,244,84,84,110,36,36,100,158,
[8*12*'委']: 0,124,16,254,56,214,16,254,36,104,24,230,
[8*12*'姙']: 0,82,92,100,228,164,174,228,100,100,164,174,
[8*12*'姚']: 0,84,84,86,244,180,180,214,84,84,180,166,
[8*12*'姜']: 0,68,254,124,16,254,16,254,36,104,24,230,
[8*12*'姥']: 0,36,36,46,244,94,88,106,44,40,90,142,
[8*12*'姦']: 0,16,254,36,56,68,254,170,170,204,102,170,
[8*12*'姨']: 0,136,190,136,222,202,254,232,126,74,148,162,
[8*12*'姪']: 0,94,68,72,234,190,164,196,78,100,164,158,
[8*12*'姫']: 0,94,84,84,254,178,178,222,84,84,180,158,
[8*12*'姶']: 0,36,42,32,254,80,80,110,42,42,90,142,
[8*12*'姻']: 0,126,98,106,254,106,170,170,118,98,162,190,
[8*12*'姿']: 0,16,158,42,8,84,162,254,36,104,24,230,
[8*12*'威']: 0,10,8,126,72,120,90,122,108,116,84,170,
[8*12*'娃']: 0,36,46,36,244,94,84,100,46,36,100,158,
[8*12*'娉']: 0,68,94,86,254,190,160,222,72,110,162,134,
[8*12*'娑']: 0,136,42,136,26,76,176,254,36,104,24,230,
[8*12*'娘']: 0,68,94,82,254,178,190,212,86,84,178,154,
[8*12*'娚']: 0,94,86,94,246,190,168,222,74,106,170,150,
[8*12*'娜']: 0,190,150,150,252,214,214,254,86,84,148,172,
[8*12*'娟']: 0,94,82,94,224,190,178,222,82,94,178,150,
[8*12*'娠']: 0,94,80,86,240,190,180,214,84,84,178,154,
[8*12*'娥']: 0,140,182,148,254,212,212,220,118,84,148,178,
[8*12*'娩']: 0,76,84,68,254,170,170,190,84,84,180,166,
[8*12*'娯']: 0,78,74,90,254,176,188,228,94,96,170,146,
[8*12*'娵']: 0,184,174,186,234,170,186,236,108,122,170,136,
[8*12*'娶']: 0,254,82,122,84,250,16,254,36,104,24,230,
[8*12*'娼']: 0,94,82,94,242,190,160,222,82,94,178,158,
[8*12*'婀']: 0,182,178,190,234,186,186,186,110,98,162,166,
[8*12*'婁']: 0,16,124,84,254,84,124,84,254,36,56,198,
[8*12*'婆']: 0,136,62,170,60,180,168,84,254,36,56,198,
[8*12*'婉']: 0,136,190,162,208,222,234,234,88,72,154,174,
[8*12*'婚']: 0,66,92,84,254,180,178,222,82,94,178,158,
[8*12*'婢']: 0,136,190,170,254,234,254,212,100,126,132,132,
[8*12*'婦']: 0,92,68,92,228,190,170,200,126,106,170,136,
[8*12*'婪']: 0,36,254,108,182,36,16,254,36,104,24,230,
[8*12*'婬']: 0,156,128,148,234,192,220,200,126,72,136,190,
[8*12*'婿']: 0,94,74,76,246,190,178,222,82,94,178,150,
[8*12*'媒']: 0,74,94,74,238,170,174,196,94,108,150,132,
[8*12*'媚']: 0,94,86,94,240,190,186,222,90,94,170,142,
[8*12*'媛']: 0,70,88,74,254,168,190,208,94,114,140,178,
[8*12*'媼']: 0,94,86,86,250,178,190,192,76,108,172,158,
[8*12*'媽']: 0,94,84,94,244,190,180,222,66,106,170,134,
[8*12*'媾']: 0,148,190,148,254,212,254,220,92,126,148,148,
[8*12*'嫁']: 0,72,94,82,236,168,182,204,84,108,150,140,
[8*12*'嫂']: 0,150,170,190,234,254,200,220,68,84,136,182,
[8*12*'嫉']: 0,68,94,80,244,188,190,212,94,116,148,170,
[8*12*'嫋']: 0,94,74,94,244,190,170,222,74,94,170,158,
[8*12*'嫌']: 0,84,126,84,254,150,190,214,126,84,182,148,
[8*12*'嫐']: 0,180,180,180,254,186,186,220,92,92,170,170,
[8*12*'嫖']: 0,190,148,190,254,192,220,192,126,72,170,152,
[8*12*'嫗']: 0,94,80,86,246,182,176,218,90,90,176,158,
[8*12*'嫡']: 0,72,126,84,254,170,190,234,126,118,190,162,
[8*12*'嫣']: 0,94,68,86,244,190,176,222,80,94,162,150,
[8*12*'嫦']: 0,170,136,190,226,220,212,220,126,106,170,136,
[8*12*'嫩']: 0,148,188,150,254,214,214,254,84,84,186,146,
[8*12*'嫺']: 0,182,182,182,246,162,174,238,110,110,182,162,
[8*12*'嫻']: 0,182,182,182,246,170,190,234,126,126,170,162,
[8*12*'嬉']: 0,72,94,72,254,178,190,212,94,126,146,158,
[8*12*'嬋']: 0,118,118,64,254,170,190,234,126,72,190,136,
[8*12*'嬌']: 0,156,136,190,212,226,220,212,126,118,190,162,
[8*12*'嬖']: 0,100,110,74,228,110,100,254,36,104,24,230,
[8*12*'嬢']: 0,136,190,148,226,212,254,212,126,90,180,154,
[8*12*'嬪']: 0,136,190,162,220,234,204,244,92,84,156,162,
[8*12*'嬬']: 0,156,136,190,234,192,254,200,126,106,170,170,
[8*12*'嬰']: 0,238,170,238,0,170,16,254,36,104,24,230,
[8*12*'嬲']: 0,214,214,214,254,238,108,246,86,90,170,170,
[8*12*'嬶']: 0,72,92,84,252,180,190,234,126,64,190,148,
[8*12*'嬾']: 0,150,186,146,248,190,186,254,90,94,176,154,
[8*12*'孀']: 0,156,136,190,234,192,214,254,86,126,182,150,
[8*12*'孃']: 0,136,190,182,192,212,254,212,126,90,180,154,
[8*12*'孅']: 0,148,150,172,196,254,212,252,86,124,148,186,
[8*12*'子']: 0,124,4,8,16,16,254,16,16,16,16,48,
[8*12*'孑']: 0,124,4,8,16,16,30,240,16,16,16,48,
[8*12*'孔']: 0,232,40,40,72,72,104,200,72,74,74,206,
[8*12*'孕']: 0,120,40,46,66,186,8,16,254,16,16,48,
[8*12*'字']: 0,16,254,130,124,8,16,254,16,16,16,48,
[8*12*'存']: 0,16,254,32,60,68,200,126,72,72,72,88,
[8*12*'孚']: 0,12,112,84,66,184,8,16,254,16,16,48,
[8*12*'孛']: 0,16,124,16,254,130,124,8,254,16,16,48,
[8*12*'孜']: 0,232,40,46,90,74,106,202,68,68,74,210,
[8*12*'孝']: 0,16,122,20,254,32,124,136,16,254,16,48,
[8*12*'孟']: 0,124,8,16,254,16,48,124,84,84,84,254,
[8*12*'季']: 0,12,112,16,254,56,84,186,8,254,16,48,
[8*12*'孤']: 0,226,60,80,84,84,116,212,84,84,90,226,
[8*12*'孥']: 0,46,242,90,36,218,0,124,8,254,16,48,
[8*12*'学']: 0,84,8,254,130,124,8,16,254,16,16,48,
[8*12*'孩']: 0,228,62,36,88,74,100,200,82,68,74,210,
[8*12*'孫']: 0,238,36,40,76,68,106,222,68,86,86,196,
[8*12*'孰']: 0,40,248,124,84,116,20,124,52,244,36,102,
[8*12*'孱']: 0,126,66,126,92,68,126,72,118,146,126,36,
[8*12*'孳']: 0,68,254,36,72,36,72,124,8,254,16,48,
[8*12*'孵']: 0,76,96,180,234,224,238,226,254,100,100,172,
[8*12*'學']: 0,44,84,108,84,254,130,124,8,254,16,48,
[8*12*'孺']: 0,238,36,62,86,64,110,196,94,86,86,214,
[8*12*'宀']: 0,0,0,0,16,16,254,130,130,0,0,0,
[8*12*'它']: 0,16,254,130,64,68,88,96,64,66,66,62,
[8*12*'宅']: 0,16,254,130,12,112,16,30,240,16,18,30,
[8*12*'宇']: 0,16,254,130,124,16,16,254,16,16,16,48,
[8*12*'守']: 0,16,254,130,8,254,8,72,40,8,8,24,
[8*12*'安']: 0,16,254,130,16,254,36,68,104,24,36,194,
[8*12*'宋']: 0,16,254,130,16,254,16,56,56,84,146,16,
[8*12*'完']: 0,16,254,130,124,0,254,40,40,42,74,142,
[8*12*'宍']: 0,16,254,130,16,254,0,40,36,68,66,130,
[8*12*'宏']: 0,16,254,130,16,254,32,40,72,80,148,58,
[8*12*'宕']: 0,16,254,130,124,32,32,60,100,164,36,60,
[8*12*'宗']: 0,16,254,130,124,0,254,16,84,82,146,48,
[8*12*'官']: 0,16,254,130,124,68,124,64,126,66,66,126,
[8*12*'宙']: 0,16,254,146,16,124,84,84,124,84,84,124,
[8*12*'定']: 0,16,254,130,124,16,16,92,80,80,112,158,
[8*12*'宛']: 0,16,254,130,64,126,90,154,106,40,74,142,
[8*12*'宜']: 0,16,254,130,124,68,124,68,124,68,68,254,
[8*12*'宝']: 0,16,254,130,124,16,16,124,16,20,16,254,
[8*12*'実']: 0,16,254,146,124,16,124,16,254,16,40,198,
[8*12*'客']: 0,16,254,162,56,104,16,40,198,124,68,124,
[8*12*'宣']: 0,16,254,186,0,124,68,124,68,124,0,254,
[8*12*'室']: 0,16,254,130,124,16,40,116,16,124,16,254,
[8*12*'宥']: 0,16,254,146,124,32,60,100,188,36,36,44,
[8*12*'宦']: 0,16,254,130,124,80,124,68,124,80,80,126,
[8*12*'宮']: 0,16,254,130,124,68,124,16,254,130,130,254,
[8*12*'宰']: 0,16,254,146,124,40,40,254,16,254,16,16,
[8*12*'害']: 0,16,254,146,124,16,124,16,254,124,68,124,
[8*12*'宴']: 0,16,254,130,124,68,124,16,254,36,56,198,
[8*12*'宵']: 0,16,254,146,84,124,68,124,68,124,68,76,
[8*12*'家']: 0,16,254,130,124,32,210,44,216,44,202,48,
[8*12*'宸']: 0,16,254,130,124,64,92,64,124,86,84,154,
[8*12*'容']: 0,16,254,170,68,16,40,68,254,68,68,124,
[8*12*'宿']: 0,16,254,130,62,72,94,210,94,82,82,94,
[8*12*'寂']: 0,16,254,162,54,34,250,42,180,180,42,106,
[8*12*'寃']: 0,16,254,162,56,72,252,84,124,42,40,206,
[8*12*'寄']: 0,16,254,146,124,40,68,254,116,84,116,12,
[8*12*'寅']: 0,16,254,130,124,16,124,84,124,84,124,130,
[8*12*'密']: 0,16,254,146,36,170,48,222,16,146,146,254,
[8*12*'寇']: 0,16,254,130,116,6,252,90,84,90,80,158,
[8*12*'寉']: 0,16,254,130,40,62,80,252,80,124,80,126,
[8*12*'富']: 0,16,254,130,124,68,124,254,146,254,146,254,
[8*12*'寐']: 0,16,254,130,36,174,228,62,228,108,182,36,
[8*12*'寒']: 0,16,254,170,124,40,254,68,178,8,112,12,
[8*12*'寓']: 0,16,254,130,124,84,124,84,254,146,154,182,
[8*12*'寔']: 0,16,254,130,124,68,124,254,16,92,80,190,
[8*12*'寛']: 0,16,254,170,124,40,124,124,68,124,42,206,
[8*12*'寝']: 0,16,254,130,92,68,254,98,92,212,72,118,
[8*12*'寞']: 0,16,254,170,124,40,124,68,254,16,40,198,
[8*12*'察']: 0,16,254,130,118,170,68,186,0,254,84,178,
[8*12*'寡']: 0,16,254,186,16,124,68,254,68,186,40,88,
[8*12*'寢']: 0,16,254,130,44,164,254,50,238,106,164,42,
[8*12*'寤']: 0,16,254,130,46,164,254,42,254,110,170,46,
[8*12*'寥']: 0,16,254,130,108,52,40,214,8,52,8,112,
[8*12*'實']: 0,16,254,130,124,214,124,68,124,68,124,130,
[8*12*'寧']: 0,16,254,146,72,186,0,124,84,254,16,48,
[8*12*'寨']: 0,16,254,170,124,40,254,68,146,124,56,214,
[8*12*'審']: 0,16,254,130,254,84,254,56,84,254,84,124,
[8*12*'寫']: 0,16,254,162,108,68,124,32,126,130,42,134,
[8*12*'寮']: 0,16,254,146,124,170,68,186,40,84,146,48,
[8*12*'寰']: 0,16,254,130,124,84,254,68,124,106,164,50,
[8*12*'寳']: 0,16,254,130,232,78,228,86,252,68,124,198,
[8*12*'寵']: 0,16,254,130,38,244,86,242,84,118,84,86,
[8*12*'寶']: 0,16,254,130,232,78,228,78,254,68,124,198,
[8*12*'寸']: 0,8,8,254,8,8,72,40,8,8,8,24,
[8*12*'寺']: 0,16,124,16,254,8,254,8,72,40,8,24,
[8*12*'対']: 0,34,34,254,18,82,90,42,34,82,82,134,
[8*12*'寿']: 0,16,124,16,124,16,254,36,254,36,84,140,
[8*12*'封']: 0,34,114,46,34,242,42,118,34,50,194,6,
[8*12*'専']: 0,16,254,84,124,84,124,8,254,8,40,24,
[8*12*'射']: 0,34,114,94,114,82,122,86,242,50,82,182,
[8*12*'尅']: 0,68,228,94,228,164,172,228,68,76,66,190,
[8*12*'将']: 0,70,120,106,192,68,126,68,212,76,68,76,
[8*12*'將']: 0,40,174,186,228,40,254,98,114,106,162,38,
[8*12*'專']: 0,16,254,84,124,84,250,8,254,8,40,24,
[8*12*'尉']: 0,242,146,254,130,242,138,246,162,50,162,102,
[8*12*'尊']: 0,68,254,40,124,108,68,124,8,254,40,24,
[8*12*'尋']: 0,124,4,124,4,238,74,238,8,254,40,24,
[8*12*'對']: 0,170,34,254,82,82,250,38,242,34,50,198,
[8*12*'導']: 0,148,62,8,212,92,84,190,8,254,40,24,
[8*12*'小']: 0,16,16,16,84,84,82,82,146,16,16,48,
[8*12*'少']: 0,16,16,84,82,82,144,52,4,8,48,192,
[8*12*'尓']: 0,64,126,80,144,16,84,82,82,146,16,48,
[8*12*'尖']: 0,16,84,82,146,48,16,254,16,40,68,130,
[8*12*'尚']: 0,16,146,84,16,254,130,186,170,170,186,134,
[8*12*'尠']: 0,84,244,94,126,92,116,84,242,210,132,248,
[8*12*'尢']: 0,16,16,254,16,24,24,24,40,42,74,142,
[8*12*'尤']: 0,20,16,254,16,24,24,24,40,42,74,142,
[8*12*'尨']: 0,82,66,244,66,68,106,98,100,104,160,190,
[8*12*'尭']: 0,16,124,16,68,254,68,0,254,40,42,206,
[8*12*'就']: 0,36,246,4,126,84,116,36,180,180,42,106,
[8*12*'尸']: 0,126,66,66,126,64,64,64,64,64,64,128,
[8*12*'尹']: 0,124,20,20,254,20,20,124,16,16,32,64,
[8*12*'尺']: 0,124,68,68,124,72,72,72,72,68,68,130,
[8*12*'尻']: 0,126,66,126,72,72,124,84,84,84,84,166,
[8*12*'尼']: 0,126,66,66,126,80,82,92,80,82,82,158,
[8*12*'尽']: 0,124,68,68,124,72,68,178,8,0,112,12,
[8*12*'尾']: 0,126,66,126,68,120,78,120,78,120,74,142,
[8*12*'尿']: 0,126,66,126,72,72,122,92,88,108,74,152,
[8*12*'局']: 0,126,66,126,64,126,66,122,106,106,122,134,
[8*12*'屁']: 0,126,66,66,126,64,100,118,100,100,100,182,
[8*12*'居']: 0,126,66,126,72,126,72,72,126,98,98,190,
[8*12*'屆']: 0,126,66,126,72,106,126,106,106,126,98,190,
[8*12*'屈']: 0,126,66,126,72,106,106,126,72,106,106,190,
[8*12*'届']: 0,126,66,126,72,72,126,106,126,106,106,190,
[8*12*'屋']: 0,126,66,126,64,126,84,122,72,92,72,190,
[8*12*'屍']: 0,126,66,126,64,126,84,92,110,92,84,166,
[8*12*'屎']: 0,126,66,126,72,106,72,126,72,92,106,136,
[8*12*'屏']: 0,126,66,126,84,72,126,84,126,84,84,164,
[8*12*'屐']: 0,126,66,126,84,110,68,94,114,90,84,154,
[8*12*'屑']: 0,126,66,126,68,86,68,94,82,94,82,150,
[8*12*'屓']: 0,126,66,126,84,92,84,92,84,92,64,162,
[8*12*'展']: 0,126,66,126,84,126,84,126,84,86,84,154,
[8*12*'属']: 0,126,66,126,72,92,92,72,126,106,110,186,
[8*12*'屠']: 0,126,66,126,72,92,74,126,80,126,82,158,
[8*12*'屡']: 0,126,66,126,106,92,106,72,126,84,76,178,
[8*12*'層']: 0,126,66,126,84,126,106,126,84,92,84,156,
[8*12*'履']: 0,126,66,126,72,110,90,110,102,106,100,170,
[8*12*'屬']: 0,126,66,126,72,126,126,80,94,122,94,186,
[8*12*'屮']: 0,16,16,146,146,146,146,254,16,16,32,64,
[8*12*'屯']: 0,16,22,248,16,146,146,254,16,16,18,30,
[8*12*'山']: 0,16,16,16,146,146,146,146,146,146,146,254,
[8*12*'屶']: 0,16,146,146,254,0,254,34,34,34,66,142,
[8*12*'屹']: 0,72,78,80,78,226,228,232,232,242,18,14,
[8*12*'岌']: 0,146,254,0,120,40,46,34,84,72,148,98,
[8*12*'岐']: 0,72,72,126,72,220,196,212,200,200,20,34,
[8*12*'岑']: 0,146,254,16,40,68,186,0,124,4,8,16,
[8*12*'岔']: 0,40,40,68,190,20,36,76,16,146,146,254,
[8*12*'岡']: 0,254,130,170,146,254,146,214,214,254,130,134,
[8*12*'岨']: 0,92,84,84,92,212,212,220,212,212,20,62,
[8*12*'岩']: 0,16,146,254,0,254,32,32,126,162,34,62,
[8*12*'岫']: 0,72,72,126,106,234,254,234,234,234,42,62,
[8*12*'岬']: 0,126,106,106,126,234,234,234,254,200,8,8,
[8*12*'岱']: 0,42,40,78,216,68,68,66,16,146,146,254,
[8*12*'岳']: 0,12,112,64,124,72,72,254,16,146,146,254,
[8*12*'岶']: 0,72,72,94,82,210,222,210,210,210,18,30,
[8*12*'岷']: 0,94,82,82,94,212,212,222,212,212,18,26,
[8*12*'岸']: 0,146,254,0,126,64,92,72,126,72,72,136,
[8*12*'岻']: 0,66,92,84,84,222,212,212,212,218,2,58,
[8*12*'岼']: 0,126,72,92,106,200,200,254,200,200,8,8,
[8*12*'岾']: 0,72,72,72,78,200,200,254,226,226,34,62,
[8*12*'峅']: 0,72,72,82,126,212,212,254,212,212,20,36,
[8*12*'峇']: 0,146,254,16,40,68,186,0,124,68,68,124,
[8*12*'峙']: 0,72,92,72,126,196,254,196,228,212,4,12,
[8*12*'峠']: 0,72,78,72,94,224,254,232,236,234,8,8,
[8*12*'峡']: 0,72,126,72,106,234,200,254,200,200,20,34,
[8*12*'峨']: 0,76,118,84,126,212,212,220,246,212,28,50,
[8*12*'峩']: 0,146,254,24,106,40,254,40,58,228,36,106,
[8*12*'峪']: 0,84,84,98,72,212,212,226,220,212,20,28,
[8*12*'峭']: 0,72,92,106,72,254,226,254,226,254,34,38,
[8*12*'峯']: 0,146,254,32,60,196,56,214,124,16,254,16,
[8*12*'峰']: 0,76,84,72,118,200,220,200,220,200,62,8,
[8*12*'島']: 0,16,124,68,124,68,126,64,126,34,170,250,
[8*12*'峺']: 0,126,72,126,106,254,234,254,200,216,8,54,
[8*12*'峻']: 0,72,82,126,84,230,208,220,244,200,20,34,
[8*12*'峽']: 0,72,126,72,92,220,220,234,200,200,20,34,
[8*12*'崇']: 0,146,254,16,254,130,186,0,254,84,146,48,
[8*12*'崋']: 0,146,254,16,254,84,254,84,254,16,254,16,
[8*12*'崎']: 0,72,126,72,84,226,254,194,250,234,58,6,
[8*12*'崑']: 0,146,254,124,68,124,68,124,72,108,74,238,
[8*12*'崔']: 0,146,254,40,62,80,252,80,124,80,80,126,
[8*12*'崕']: 0,94,84,94,84,222,212,212,222,212,36,30,
[8*12*'崖']: 0,146,254,0,126,92,72,126,72,92,72,190,
[8*12*'崗']: 0,146,254,0,254,170,146,254,146,214,254,130,
[8*12*'崘']: 0,72,84,98,92,192,254,234,254,234,42,42,
[8*12*'崙']: 0,146,254,40,68,186,0,254,170,254,170,170,
[8*12*'崚']: 0,72,92,72,126,212,230,208,220,244,8,54,
[8*12*'崛']: 0,94,82,94,84,214,214,222,228,214,22,30,
[8*12*'崟']: 0,146,254,16,40,68,186,16,124,16,84,254,
[8*12*'崢']: 0,92,84,106,64,222,202,254,202,222,8,24,
[8*12*'崩']: 0,146,254,0,126,90,126,90,126,90,90,182,
[8*12*'嵋']: 0,94,86,94,80,222,218,222,218,222,42,14,
[8*12*'嵌']: 0,146,254,0,84,86,250,86,116,84,84,122,
[8*12*'嵎']: 0,126,106,126,106,254,200,254,234,238,58,38,
[8*12*'嵐']: 0,146,254,0,124,84,124,84,124,84,92,182,
[8*12*'嵒']: 0,124,68,124,0,238,170,238,16,146,146,254,
[8*12*'嵜']: 0,146,254,16,124,40,254,4,116,84,116,12,
[8*12*'嵩']: 0,146,254,16,254,68,124,0,254,170,186,134,
[8*12*'嵬']: 0,146,254,32,124,84,124,84,124,54,48,222,
[8*12*'嵯']: 0,84,126,72,92,200,254,208,222,212,36,30,
[8*12*'嵳']: 0,146,254,40,124,16,254,32,60,72,136,126,
[8*12*'嵶']: 0,94,74,94,84,254,234,254,234,254,10,30,
[8*12*'嶂']: 0,72,126,84,126,212,220,212,220,200,62,8,
[8*12*'嶄']: 0,146,254,66,236,72,238,234,234,74,242,66,
[8*12*'嶇']: 0,126,96,110,106,238,224,246,246,246,32,62,
[8*12*'嶋']: 0,72,94,82,94,210,222,208,222,194,42,38,
[8*12*'嶌']: 0,146,254,16,124,68,124,68,126,2,170,134,
[8*12*'嶐']: 0,146,254,8,204,212,136,246,200,220,136,190,
[8*12*'嶝']: 0,122,84,98,92,192,254,226,254,212,20,62,
[8*12*'嶢']: 0,72,92,72,126,212,254,192,254,212,20,38,
[8*12*'嶬']: 0,84,126,72,126,200,254,212,254,214,60,18,
[8*12*'嶮']: 0,72,84,98,92,192,254,234,254,212,20,42,
[8*12*'嶷']: 0,146,254,128,238,132,238,66,228,86,84,174,
[8*12*'嶺']: 0,146,254,78,164,14,234,14,234,110,64,74,
[8*12*'嶼']: 0,80,106,110,106,238,230,246,254,192,20,34,
[8*12*'嶽']: 0,146,254,0,182,92,166,60,100,188,58,202,
[8*12*'巉']: 0,76,84,126,100,246,204,212,254,234,28,38,
[8*12*'巌']: 0,146,254,84,126,64,118,90,122,116,116,154,
[8*12*'巍']: 0,146,254,116,46,250,126,170,254,84,52,202,
[8*12*'巒']: 0,90,132,90,132,90,254,90,16,146,146,254,
[8*12*'巓']: 0,146,254,128,238,132,238,110,234,238,0,170,
[8*12*'巖']: 0,146,254,108,126,64,118,90,122,116,116,154,
[8*12*'巛']: 0,42,42,42,84,84,168,84,84,42,42,42,
[8*12*'川']: 0,66,82,82,82,82,82,82,82,66,66,130,
[8*12*'州']: 0,82,82,82,246,246,246,82,82,82,82,146,
[8*12*'巡']: 0,170,42,42,42,84,234,106,106,106,64,190,
[8*12*'巣']: 0,84,124,84,124,84,124,16,254,56,84,146,
[8*12*'工']: 0,0,124,16,16,16,16,16,16,16,16,254,
[8*12*'左']: 0,16,16,254,32,32,60,72,72,136,8,126,
[8*12*'巧']: 0,30,232,72,80,94,82,66,98,194,2,12,
[8*12*'巨']: 0,254,128,128,252,132,132,252,128,128,128,254,
[8*12*'巫']: 0,124,16,16,84,84,84,84,186,16,16,254,
[8*12*'差']: 0,68,254,16,124,16,254,32,60,72,136,126,
[8*12*'己']: 0,252,4,4,4,252,128,128,128,130,130,126,
[8*12*'已']: 0,252,4,4,132,132,252,128,128,130,130,126,
[8*12*'巳']: 0,252,132,132,132,132,252,128,128,130,130,126,
[8*12*'巴']: 0,252,148,148,148,148,252,128,128,130,130,126,
[8*12*'巵']: 0,12,112,64,126,64,126,106,126,96,98,190,
[8*12*'巷']: 0,40,254,40,40,254,68,186,8,120,66,126,
[8*12*'巻']: 0,84,16,124,40,254,68,186,8,120,66,126,
[8*12*'巽']: 0,238,34,238,136,238,40,124,40,254,68,130,
[8*12*'巾']: 0,16,16,254,146,146,146,146,146,150,16,16,
[8*12*'市']: 0,16,254,16,16,254,146,146,146,150,16,16,
[8*12*'布']: 0,16,254,32,80,254,82,82,82,86,16,16,
[8*12*'帆']: 0,94,82,210,218,214,214,210,82,82,82,98,
[8*12*'帋']: 0,4,120,72,126,72,230,16,254,146,150,16,
[8*12*'希']: 0,100,24,100,16,254,40,126,202,74,78,8,
[8*12*'帑']: 0,46,242,90,84,52,202,16,254,146,150,16,
[8*12*'帖']: 0,72,72,232,238,232,232,254,82,82,82,94,
[8*12*'帙']: 0,72,88,220,232,200,254,200,72,84,84,98,
[8*12*'帚']: 0,124,4,254,4,254,146,124,84,84,84,16,
[8*12*'帛']: 0,16,124,68,124,68,124,16,254,146,150,16,
[8*12*'帝']: 0,16,254,40,40,254,146,124,84,84,84,16,
[8*12*'帥']: 0,72,232,190,170,234,138,234,170,170,232,8,
[8*12*'師']: 0,94,232,168,190,234,138,234,170,168,232,8,
[8*12*'席']: 0,8,126,84,126,84,92,72,126,106,170,136,
[8*12*'帯']: 0,84,254,84,124,0,254,146,124,84,84,16,
[8*12*'帰']: 0,92,68,220,196,254,234,72,126,106,170,136,
[8*12*'帳']: 0,94,80,220,208,220,208,254,84,86,84,90,
[8*12*'帶']: 0,84,254,84,150,0,254,146,124,84,84,16,
[8*12*'帷']: 0,84,84,222,244,222,212,212,94,84,84,94,
[8*12*'常']: 0,84,16,254,170,56,16,254,146,146,150,16,
[8*12*'帽']: 0,126,98,254,226,254,212,220,84,92,84,92,
[8*12*'幀']: 0,72,78,200,220,212,220,212,92,84,92,98,
[8*12*'幃']: 0,68,94,202,254,210,222,196,94,84,94,68,
[8*12*'幄']: 0,94,82,222,208,222,216,222,84,94,100,94,
[8*12*'幅']: 0,94,64,222,210,222,192,254,106,126,106,126,
[8*12*'幇']: 0,66,238,66,234,66,230,16,254,146,150,16,
[8*12*'幌']: 0,92,84,220,212,220,234,200,126,84,84,102,
[8*12*'幎']: 0,126,98,220,212,220,212,220,72,126,64,98,
[8*12*'幔']: 0,92,84,220,212,254,234,254,84,72,84,98,
[8*12*'幕']: 0,40,254,40,124,68,254,84,146,124,84,16,
[8*12*'幗']: 0,126,98,230,254,230,246,118,98,122,98,126,
[8*12*'幟']: 0,84,86,252,236,254,196,252,110,124,108,122,
[8*12*'幡']: 0,92,72,234,254,220,234,254,106,126,106,126,
[8*12*'幢']: 0,72,126,212,212,254,220,220,72,92,72,126,
[8*12*'幣']: 0,180,38,250,170,244,170,16,254,146,150,16,
[8*12*'幤']: 0,84,174,250,218,244,154,16,254,146,150,16,
[8*12*'干']: 0,124,16,16,16,254,16,16,16,16,16,16,
[8*12*'平']: 0,254,16,84,84,16,16,254,16,16,16,16,
[8*12*'年']: 0,64,124,80,144,124,80,80,254,16,16,16,
[8*12*'幵']: 0,238,68,68,68,254,68,68,68,68,68,68,
[8*12*'并']: 0,68,8,254,36,36,254,36,36,68,68,132,
[8*12*'幸']: 0,16,124,16,254,40,40,254,16,124,16,16,
[8*12*'幹']: 0,68,234,80,238,164,228,190,228,68,228,68,
[8*12*'幺']: 0,16,16,32,196,72,48,16,32,72,132,250,
[8*12*'幻']: 0,32,46,34,194,82,34,34,66,146,242,12,
[8*12*'幼']: 0,40,40,46,202,90,42,42,74,146,242,22,
[8*12*'幽']: 0,16,146,182,218,218,182,218,218,254,146,254,
[8*12*'幾']: 0,84,152,84,186,254,20,254,72,74,108,146,
[8*12*'广']: 0,8,126,64,64,64,64,64,64,64,64,128,
[8*12*'庁']: 0,8,126,64,64,126,72,72,72,72,72,152,
[8*12*'広']: 0,8,126,64,72,72,72,80,80,84,84,186,
[8*12*'庄']: 0,8,126,64,72,72,92,72,72,72,72,190,
[8*12*'庇']: 0,8,126,64,100,100,118,100,100,100,164,182,
[8*12*'床']: 0,8,126,64,72,126,72,92,92,106,72,136,
[8*12*'序']: 0,8,126,64,124,84,72,126,74,72,72,152,
[8*12*'底']: 0,8,126,66,92,84,94,84,84,90,66,186,
[8*12*'庖']: 0,8,126,80,94,98,90,74,90,80,82,158,
[8*12*'店']: 0,8,126,72,72,78,72,72,94,82,82,158,
[8*12*'庚']: 0,8,126,72,94,74,126,74,94,72,84,162,
[8*12*'府']: 0,8,126,64,82,94,82,114,90,82,82,150,
[8*12*'庠']: 0,8,126,64,84,126,72,92,72,126,72,136,
[8*12*'度']: 0,8,126,84,126,84,92,64,92,84,72,182,
[8*12*'座']: 0,8,126,84,84,84,106,72,92,72,72,190,
[8*12*'庫']: 0,8,126,72,126,72,126,106,126,72,126,136,
[8*12*'庭']: 0,8,126,64,114,92,100,126,84,126,80,174,
[8*12*'庵']: 0,8,126,72,126,84,106,126,106,126,72,142,
[8*12*'庶']: 0,8,126,64,84,126,84,84,92,64,84,170,
[8*12*'康']: 0,8,126,72,94,74,126,72,106,92,106,152,
[8*12*'庸']: 0,8,126,72,94,74,126,72,126,106,190,170,
[8*12*'廁']: 0,8,126,64,122,110,126,110,106,122,66,170,
[8*12*'廂']: 0,8,126,64,86,122,94,90,126,122,90,158,
[8*12*'廃']: 0,8,126,64,122,84,98,126,84,126,84,166,
[8*12*'廈']: 0,8,126,64,126,84,92,84,76,84,72,182,
[8*12*'廉']: 0,8,126,84,126,86,126,86,126,84,118,148,
[8*12*'廊']: 0,8,126,64,86,118,116,118,118,102,108,180,
[8*12*'廏']: 0,8,126,64,86,122,122,120,102,114,164,186,
[8*12*'廐']: 0,8,126,64,126,84,116,94,116,68,116,138,
[8*12*'廓']: 0,8,126,64,86,126,108,126,86,126,84,180,
[8*12*'廖']: 0,8,126,64,118,90,84,106,84,106,68,152,
[8*12*'廚']: 0,8,126,80,122,86,122,110,122,82,90,182,
[8*12*'廛']: 0,8,126,64,92,92,126,84,102,92,72,190,
[8*12*'廝']: 0,8,126,64,106,124,108,126,106,122,66,170,
[8*12*'廟']: 0,8,126,64,110,122,110,122,126,170,122,42,
[8*12*'廠']: 0,8,126,64,108,86,122,122,124,124,106,170,
[8*12*'廡']: 0,8,126,80,126,84,126,84,126,64,84,170,
[8*12*'廢']: 0,8,126,64,122,84,98,118,86,98,84,186,
[8*12*'廣']: 0,8,126,84,126,84,126,92,92,92,92,162,
[8*12*'廨']: 0,8,126,64,118,82,100,126,116,126,212,84,
[8*12*'廩']: 0,8,126,72,126,118,126,92,72,126,92,170,
[8*12*'廬']: 0,8,126,68,70,92,86,86,80,108,76,158,
[8*12*'廰']: 0,8,126,64,116,94,116,94,126,80,122,150,
[8*12*'廱']: 0,8,126,64,84,102,84,126,124,118,116,190,
[8*12*'廳']: 0,8,126,64,116,126,116,94,126,112,122,150,
[8*12*'廴']: 0,224,32,32,64,96,32,32,160,64,96,158,
[8*12*'延']: 0,194,92,68,132,214,84,84,212,94,64,190,
[8*12*'廷']: 0,196,88,72,136,254,72,72,200,92,64,190,
[8*12*'廸']: 0,196,94,86,150,222,86,86,214,94,64,190,
[8*12*'建']: 0,200,94,74,190,200,92,72,254,72,64,190,
[8*12*'廻']: 0,222,82,94,150,214,86,94,210,94,64,190,
[8*12*'廼']: 0,222,76,94,158,222,90,82,210,94,64,190,
[8*12*'廾']: 0,36,36,36,36,254,36,36,36,68,68,132,
[8*12*'廿']: 0,68,68,68,254,68,68,68,68,68,68,124,
[8*12*'弁']: 0,16,16,36,250,36,36,254,36,36,68,132,
[8*12*'弃']: 0,16,254,16,36,250,68,68,254,68,68,132,
[8*12*'弄']: 0,124,16,124,16,254,68,68,254,68,68,132,
[8*12*'弉']: 0,164,228,62,228,100,174,68,254,68,68,132,
[8*12*'弊']: 0,180,38,250,170,244,170,68,254,68,68,132,
[8*12*'弋']: 0,20,16,30,240,16,16,16,8,10,6,2,
[8*12*'弌']: 0,10,8,254,8,8,8,232,4,4,4,2,
[8*12*'弍']: 0,10,8,254,8,8,232,8,4,4,244,2,
[8*12*'式']: 0,10,8,254,8,8,120,40,36,36,52,194,
[8*12*'弐']: 0,8,106,8,254,8,8,104,4,4,52,194,
[8*12*'弑']: 0,20,214,36,94,132,36,252,44,108,188,34,
[8*12*'弓']: 0,124,4,4,124,64,128,254,2,2,2,12,
[8*12*'弔']: 0,124,20,20,124,80,144,254,18,18,22,16,
[8*12*'引']: 0,242,18,18,114,66,130,242,18,18,18,98,
[8*12*'弖']: 0,124,4,60,32,64,124,4,4,24,0,254,
[8*12*'弗']: 0,40,254,42,254,168,168,254,42,42,78,136,
[8*12*'弘']: 0,200,72,72,200,136,136,208,80,84,84,250,
[8*12*'弛']: 0,196,84,86,222,182,150,212,84,82,82,222,
[8*12*'弟']: 0,68,8,254,18,254,144,254,18,50,86,144,
[8*12*'弥']: 0,208,94,104,200,156,154,218,106,72,72,216,
[8*12*'弦']: 0,200,72,126,200,144,180,200,80,80,100,250,
[8*12*'弧']: 0,194,92,80,212,148,148,212,84,84,90,226,
[8*12*'弩']: 0,46,242,90,36,222,4,124,64,126,2,14,
[8*12*'弭']: 0,254,84,92,212,148,156,212,84,94,116,196,
[8*12*'弯']: 0,16,254,40,170,124,4,124,64,126,2,14,
[8*12*'弱']: 0,238,34,238,136,238,34,170,102,170,34,102,
[8*12*'張']: 0,222,80,92,208,156,144,254,84,86,84,218,
[8*12*'強']: 0,200,82,126,200,190,170,234,126,72,74,254,
[8*12*'弸']: 0,254,106,106,254,170,170,254,106,106,106,214,
[8*12*'弼']: 0,198,122,82,254,172,172,254,106,106,122,198,
[8*12*'弾']: 0,234,68,126,234,190,170,254,72,126,72,200,
[8*12*'彁']: 0,254,66,94,214,158,130,254,86,94,66,198,
[8*12*'彈']: 0,246,118,64,254,170,190,234,126,72,126,200,
[8*12*'彊']: 0,254,92,92,220,128,190,220,92,92,64,254,
[8*12*'彌']: 0,254,92,106,254,170,182,234,118,106,118,234,
[8*12*'彎']: 0,90,132,90,132,90,222,124,64,126,2,14,
[8*12*'彑']: 0,0,32,32,60,36,68,68,120,8,8,254,
[8*12*'当']: 0,16,146,84,16,254,2,2,126,2,2,254,
[8*12*'彖']: 0,32,60,68,120,8,254,52,216,44,202,48,
[8*12*'彗']: 0,68,238,68,238,68,238,124,4,254,4,124,
[8*12*'彙']: 0,60,68,120,254,130,124,84,124,254,56,214,
[8*12*'彜']: 0,60,68,120,254,164,74,230,74,254,68,132,
[8*12*'彝']: 0,60,68,120,254,164,74,238,68,254,68,132,
[8*12*'彡']: 0,4,24,96,0,4,24,96,2,4,24,224,
[8*12*'形']: 0,250,82,84,80,250,82,84,80,82,82,148,
[8*12*'彦']: 0,16,254,36,40,126,72,84,72,82,68,184,
[8*12*'彩']: 0,18,226,164,80,34,242,36,96,178,34,36,
[8*12*'彪']: 0,34,52,32,242,164,176,130,212,208,82,158,
[8*12*'彫']: 0,250,138,172,248,170,250,140,248,218,250,140,
[8*12*'彬']: 0,42,42,252,40,42,122,124,184,42,42,44,
[8*12*'彭']: 0,34,250,36,248,2,250,140,248,82,90,228,
[8*12*'彰']: 0,34,250,84,248,82,114,84,112,34,250,36,
[8*12*'影']: 0,114,82,116,80,250,82,116,32,170,34,100,
[8*12*'彳']: 0,8,16,96,0,8,16,112,16,16,16,16,
[8*12*'彷']: 0,72,72,190,16,80,94,210,82,82,82,102,
[8*12*'役']: 0,92,84,148,38,92,68,212,72,72,84,98,
[8*12*'彼']: 0,68,94,150,20,94,82,218,84,100,74,82,
[8*12*'彿']: 0,84,126,150,62,116,116,254,86,86,84,100,
[8*12*'往']: 0,80,72,190,8,72,72,220,72,72,72,126,
[8*12*'征']: 0,94,68,132,4,84,86,212,84,84,84,126,
[8*12*'徂']: 0,92,84,148,28,84,84,220,84,84,84,126,
[8*12*'徃']: 0,72,88,158,40,72,72,220,72,72,72,126,
[8*12*'径']: 0,92,68,148,8,84,106,200,92,72,72,126,
[8*12*'待']: 0,72,92,136,62,68,126,196,100,84,68,76,
[8*12*'徇']: 0,80,94,162,30,86,94,214,86,94,66,70,
[8*12*'很']: 0,94,82,158,18,82,94,212,86,84,84,90,
[8*12*'徊']: 0,94,82,146,30,86,86,214,94,82,82,94,
[8*12*'律']: 0,72,94,138,62,74,94,200,92,72,126,72,
[8*12*'後']: 0,72,80,136,18,126,80,220,116,72,84,98,
[8*12*'徐']: 0,72,84,162,28,72,126,200,106,106,72,88,
[8*12*'徑']: 0,94,74,138,20,74,74,192,94,68,68,94,
[8*12*'徒']: 0,68,94,132,4,126,68,214,84,84,84,110,
[8*12*'従']: 0,82,74,132,62,68,68,214,84,84,84,110,
[8*12*'得']: 0,92,84,156,20,126,68,254,68,84,68,76,
[8*12*'徘']: 0,84,84,182,20,118,212,84,118,84,84,100,
[8*12*'徙']: 0,68,86,148,20,126,196,86,84,84,84,110,
[8*12*'從']: 0,84,84,148,42,64,68,214,84,84,84,110,
[8*12*'徠']: 0,72,126,136,28,92,106,200,92,92,106,72,
[8*12*'御']: 0,102,126,182,22,126,86,222,118,116,124,68,
[8*12*'徨']: 0,72,92,148,28,84,92,254,72,92,72,126,
[8*12*'復']: 0,80,94,180,28,84,92,208,92,116,72,118,
[8*12*'循']: 0,66,92,148,30,84,94,218,94,90,106,78,
[8*12*'徭']: 0,72,76,148,8,80,92,232,126,72,106,126,
[8*12*'微']: 0,84,84,190,6,126,86,214,84,108,106,74,
[8*12*'徳']: 0,72,126,136,62,118,126,192,84,80,114,110,
[8*12*'徴']: 0,84,84,190,6,126,86,254,86,84,122,74,
[8*12*'徹']: 0,84,124,150,42,122,74,250,108,124,106,106,
[8*12*'徼']: 0,84,124,174,58,106,90,250,92,92,106,90,
[8*12*'徽']: 0,84,84,190,10,122,90,234,84,124,84,74,
[8*12*'心']: 0,32,16,0,32,36,162,162,160,36,36,60,
[8*12*'必']: 0,32,16,4,36,36,170,170,176,34,98,158,
[8*12*'忌']: 0,124,4,124,64,68,124,0,84,66,202,186,
[8*12*'忍']: 0,124,20,116,28,36,76,0,84,66,202,186,
[8*12*'忖']: 0,68,68,254,196,196,84,76,68,68,68,76,
[8*12*'志']: 0,16,16,254,16,16,124,0,84,66,202,186,
[8*12*'忘']: 0,16,254,64,64,64,60,0,84,66,202,186,
[8*12*'忙']: 0,72,72,254,208,208,80,80,80,80,80,78,
[8*12*'応']: 0,8,126,80,72,80,84,114,114,80,84,156,
[8*12*'忝']: 0,12,112,16,254,40,68,162,32,170,42,96,
[8*12*'忠']: 0,16,124,84,84,84,124,16,84,66,202,186,
[8*12*'忤']: 0,80,92,232,200,200,126,72,72,72,72,72,
[8*12*'快']: 0,72,94,202,202,202,126,72,72,84,84,98,
[8*12*'忰']: 0,72,124,212,212,230,72,72,126,72,72,72,
[8*12*'忱']: 0,72,126,234,234,200,76,76,76,84,84,102,
[8*12*'念']: 0,16,40,68,186,0,124,8,16,68,202,186,
[8*12*'忸']: 0,124,84,212,212,212,126,84,84,84,84,126,
[8*12*'忻']: 0,68,88,208,208,222,84,84,84,84,100,68,
[8*12*'忽']: 0,64,126,170,42,82,166,0,84,66,202,186,
[8*12*'忿']: 0,40,40,68,190,20,36,76,0,84,202,186,
[8*12*'怎']: 0,32,62,80,158,16,30,16,84,66,202,186,
[8*12*'怏']: 0,72,92,212,212,212,126,72,72,84,84,98,
[8*12*'怐']: 0,80,94,226,222,214,86,86,94,66,66,76,
[8*12*'怒']: 0,46,242,90,84,52,202,0,84,66,202,186,
[8*12*'怕']: 0,72,72,222,210,210,94,82,82,82,82,94,
[8*12*'怖']: 0,72,126,208,232,200,126,106,106,106,72,72,
[8*12*'怙']: 0,68,68,196,254,196,68,94,82,82,82,94,
[8*12*'怛']: 0,94,82,210,222,210,82,82,94,64,64,94,
[8*12*'怜']: 0,72,84,226,220,192,126,74,74,74,72,72,
[8*12*'思']: 0,124,84,124,84,84,124,0,84,66,202,186,
[8*12*'怠']: 0,16,36,250,0,124,68,124,0,84,202,186,
[8*12*'怡']: 0,72,72,208,212,250,64,92,84,84,84,92,
[8*12*'急']: 0,56,72,252,4,124,4,124,0,84,202,186,
[8*12*'怦']: 0,126,72,220,234,200,72,126,72,72,72,72,
[8*12*'性']: 0,72,88,222,232,200,72,92,72,72,72,126,
[8*12*'怨']: 0,64,126,90,218,40,42,206,16,68,202,186,
[8*12*'怩']: 0,94,82,210,222,208,84,86,84,84,100,70,
[8*12*'怪']: 0,92,68,212,200,212,106,72,92,72,72,126,
[8*12*'怫']: 0,84,126,214,254,244,116,126,86,86,84,100,
[8*12*'怯']: 0,72,72,220,200,200,126,72,72,80,84,122,
[8*12*'怱']: 0,64,126,170,122,46,82,166,0,84,202,186,
[8*12*'怺']: 0,88,64,216,202,250,92,92,92,106,74,88,
[8*12*'恁']: 0,36,88,200,126,72,92,0,84,66,202,186,
[8*12*'恂']: 0,80,94,226,222,214,94,86,86,94,66,70,
[8*12*'恃']: 0,72,92,200,254,196,126,68,100,84,68,76,
[8*12*'恆']: 0,126,80,208,222,210,106,98,74,68,68,126,
[8*12*'恊']: 0,72,94,202,202,214,64,84,126,86,86,106,
[8*12*'恋']: 0,16,254,40,170,170,88,0,84,66,202,186,
[8*12*'恍']: 0,72,106,234,200,254,84,84,84,84,84,102,
[8*12*'恐']: 0,252,84,92,84,116,214,0,84,66,202,186,
[8*12*'恒']: 0,94,64,222,210,210,94,82,82,94,64,94,
[8*12*'恕']: 0,32,254,90,90,58,206,0,84,66,202,186,
[8*12*'恙']: 0,68,254,16,124,16,254,0,84,66,202,186,
[8*12*'恚']: 0,16,124,16,254,16,124,16,254,80,202,186,
[8*12*'恟']: 0,80,94,226,214,202,106,118,98,126,66,70,
[8*12*'恠']: 0,72,126,200,208,244,94,84,84,84,84,94,
[8*12*'恢']: 0,94,80,212,212,222,92,84,84,84,106,74,
[8*12*'恣']: 0,16,222,42,8,84,162,0,84,66,202,186,
[8*12*'恤']: 0,72,72,222,214,214,86,86,86,86,86,126,
[8*12*'恥']: 0,232,100,96,104,106,122,122,120,234,42,46,
[8*12*'恨']: 0,94,82,254,210,210,94,84,86,84,82,90,
[8*12*'恩']: 0,124,84,124,84,108,68,124,0,84,202,186,
[8*12*'恪']: 0,80,92,212,232,200,84,98,92,84,84,92,
[8*12*'恫']: 0,94,82,222,210,222,86,86,86,94,82,86,
[8*12*'恬']: 0,66,92,196,196,254,68,68,94,82,82,94,
[8*12*'恭']: 0,40,254,40,40,254,68,162,32,170,42,96,
[8*12*'息']: 0,16,124,68,124,68,124,68,124,80,202,186,
[8*12*'恰']: 0,72,84,226,220,192,64,94,82,82,82,94,
[8*12*'恵']: 0,16,254,124,84,124,84,124,0,84,202,186,
[8*12*'恷']: 0,40,62,72,220,92,106,72,0,84,202,186,
[8*12*'悁']: 0,94,82,222,192,222,82,94,82,94,82,86,
[8*12*'悃']: 0,126,98,234,254,234,126,126,106,106,98,126,
[8*12*'悄']: 0,68,76,214,196,222,82,94,82,94,82,86,
[8*12*'悉']: 0,12,112,84,16,254,56,84,146,68,202,186,
[8*12*'悋']: 0,72,126,212,212,200,84,98,92,84,84,92,
[8*12*'悌']: 0,84,72,254,202,254,104,126,74,90,110,72,
[8*12*'悍']: 0,94,82,222,210,222,64,94,68,126,68,68,
[8*12*'悒']: 0,92,84,220,192,254,106,106,126,96,98,94,
[8*12*'悔']: 0,80,94,224,222,234,126,106,106,126,66,76,
[8*12*'悖']: 0,72,92,200,254,226,92,68,126,72,72,88,
[8*12*'悗']: 0,76,84,196,254,234,106,126,84,84,84,102,
[8*12*'悚']: 0,72,126,200,254,234,106,126,72,92,106,72,
[8*12*'悛']: 0,72,82,254,212,230,80,92,116,72,84,98,
[8*12*'悟']: 0,94,68,222,202,202,126,64,94,82,82,94,
[8*12*'悠']: 0,40,46,90,234,100,106,82,0,84,202,186,
[8*12*'患']: 0,16,124,84,124,254,146,254,16,68,202,186,
[8*12*'悦']: 0,84,72,254,226,226,126,84,84,84,84,102,
[8*12*'悧']: 0,74,114,214,214,254,86,82,122,114,82,86,
[8*12*'悩']: 0,72,106,234,196,226,118,106,106,118,98,126,
[8*12*'悪']: 0,254,40,254,170,254,40,254,0,84,202,186,
[8*12*'悲']: 0,40,238,40,238,40,238,40,0,84,202,186,
[8*12*'悳']: 0,8,124,8,92,84,92,124,0,84,202,186,
[8*12*'悴']: 0,72,126,212,212,234,72,72,126,72,72,72,
[8*12*'悵']: 0,94,80,220,208,220,80,126,84,86,84,90,
[8*12*'悶']: 0,238,170,238,170,238,130,146,162,238,186,134,
[8*12*'悸']: 0,68,88,200,254,220,106,92,68,126,72,88,
[8*12*'悼']: 0,72,78,200,220,212,92,84,92,72,126,72,
[8*12*'悽']: 0,72,126,200,222,202,94,72,126,84,76,114,
[8*12*'情']: 0,72,92,200,220,200,126,84,92,84,92,84,
[8*12*'惆']: 0,126,98,234,254,234,126,106,118,126,98,102,
[8*12*'惇']: 0,72,126,220,212,220,64,92,68,126,72,88,
[8*12*'惑']: 0,10,254,8,234,164,116,202,0,84,202,186,
[8*12*'惓']: 0,72,92,234,200,254,84,98,92,84,82,94,
[8*12*'惘']: 0,126,98,246,254,234,126,114,114,110,98,102,
[8*12*'惚']: 0,80,94,234,214,234,82,70,80,84,114,110,
[8*12*'惜']: 0,84,126,212,212,254,64,92,84,92,84,92,
[8*12*'惟']: 0,84,84,222,244,222,84,84,94,84,84,94,
[8*12*'惠']: 0,16,254,84,124,84,124,242,0,84,202,186,
[8*12*'惡']: 0,254,40,108,68,108,40,254,0,84,202,186,
[8*12*'惣']: 0,80,222,234,86,106,210,70,16,68,202,186,
[8*12*'惧']: 0,92,84,220,212,220,84,92,84,126,84,98,
[8*12*'惨']: 0,72,82,254,208,254,84,106,68,74,68,88,
[8*12*'惰']: 0,72,126,208,222,228,94,82,94,82,82,86,
[8*12*'惱']: 0,74,74,212,202,202,94,90,86,90,82,94,
[8*12*'想']: 0,46,250,46,122,110,170,46,0,84,202,186,
[8*12*'惴']: 0,106,106,254,192,254,80,126,106,106,106,106,
[8*12*'惶']: 0,72,92,212,220,212,92,126,72,92,72,126,
[8*12*'惷']: 0,16,124,56,254,124,170,56,0,84,202,186,
[8*12*'惹']: 0,40,254,16,254,32,124,164,60,80,202,186,
[8*12*'惺']: 0,94,82,222,210,222,84,94,100,78,68,94,
[8*12*'惻']: 0,122,106,254,238,254,110,106,122,66,106,106,
[8*12*'愀']: 0,84,116,212,222,252,84,84,116,116,90,90,
[8*12*'愁']: 0,116,36,246,44,116,164,42,0,84,202,186,
[8*12*'愃']: 0,68,94,214,192,222,82,94,82,94,64,94,
[8*12*'愆']: 0,86,128,22,66,194,82,86,0,84,202,186,
[8*12*'愈']: 0,16,40,124,130,116,84,116,84,0,202,186,
[8*12*'愉']: 0,72,84,226,220,192,122,106,122,106,122,106,
[8*12*'愍']: 0,244,150,250,170,244,164,218,0,84,202,186,
[8*12*'愎']: 0,80,94,244,220,212,92,80,92,116,72,118,
[8*12*'意']: 0,16,124,40,254,68,124,68,124,80,202,186,
[8*12*'愕']: 0,118,118,246,192,220,64,126,80,94,66,70,
[8*12*'愚']: 0,124,84,124,84,254,154,182,130,84,202,186,
[8*12*'愛']: 0,254,84,254,130,84,202,56,104,16,40,198,
[8*12*'感']: 0,10,126,72,122,84,84,122,128,84,202,186,
[8*12*'愡']: 0,80,94,234,218,238,74,86,64,84,114,110,
[8*12*'愧']: 0,72,126,234,254,234,126,88,92,94,104,78,
[8*12*'愨']: 0,46,250,32,254,138,116,10,0,84,202,186,
[8*12*'愬']: 0,94,250,46,170,254,74,150,0,84,202,186,
[8*12*'愴']: 0,72,84,254,192,222,82,94,80,94,106,78,
[8*12*'愼']: 0,80,94,208,222,202,110,106,110,126,64,98,
[8*12*'愽']: 0,74,126,200,254,234,126,106,68,126,84,76,
[8*12*'愾']: 0,80,94,224,220,192,124,108,84,124,84,106,
[8*12*'愿']: 0,126,84,92,84,92,106,152,0,84,202,186,
[8*12*'慂']: 0,190,4,190,42,62,170,170,0,84,202,186,
[8*12*'慄']: 0,126,84,126,246,254,72,126,72,92,106,72,
[8*12*'慇']: 0,46,202,160,238,138,228,170,0,84,202,186,
[8*12*'慈']: 0,68,254,68,136,68,170,238,0,84,202,186,
[8*12*'慊']: 0,74,126,212,254,214,126,86,126,84,118,84,
[8*12*'態']: 0,68,150,244,6,244,150,244,150,64,202,186,
[8*12*'慌']: 0,84,126,212,200,254,80,92,64,106,106,106,
[8*12*'慍']: 0,126,106,234,246,226,126,64,92,92,92,126,
[8*12*'慎']: 0,72,126,200,220,212,92,84,126,64,84,98,
[8*12*'慓']: 0,126,84,254,254,192,92,64,126,72,106,88,
[8*12*'慕']: 0,40,254,40,124,68,254,68,162,32,170,96,
[8*12*'慘']: 0,72,80,218,228,246,92,106,84,74,68,88,
[8*12*'慙']: 0,34,252,104,110,106,250,34,0,84,202,186,
[8*12*'慚']: 0,82,124,212,252,254,122,122,122,82,122,82,
[8*12*'慝']: 0,254,168,252,160,220,148,254,0,84,202,186,
[8*12*'慟']: 0,68,124,214,254,254,126,86,126,86,122,74,
[8*12*'慢']: 0,92,84,220,212,254,106,126,84,72,84,98,
[8*12*'慣']: 0,92,106,254,234,220,84,92,84,92,64,98,
[8*12*'慥']: 0,100,76,238,212,222,68,110,106,110,96,94,
[8*12*'慧']: 0,68,238,68,254,4,124,4,124,80,202,186,
[8*12*'慨']: 0,78,124,236,252,236,126,100,108,124,76,86,
[8*12*'慫']: 0,84,148,42,68,214,84,110,0,84,202,186,
[8*12*'慮']: 0,8,14,8,126,72,126,106,126,84,114,174,
[8*12*'慯']: 0,80,94,244,220,212,126,80,94,86,106,86,
[8*12*'慰']: 0,242,146,254,130,246,34,178,102,80,202,186,
[8*12*'慱']: 0,72,126,220,220,220,122,68,126,68,84,76,
[8*12*'慳']: 0,118,98,242,244,244,106,114,72,92,72,126,
[8*12*'慴']: 0,118,82,246,218,210,72,94,82,94,82,94,
[8*12*'慵']: 0,68,126,228,238,230,126,100,94,86,94,86,
[8*12*'慶']: 0,8,126,84,124,84,126,106,92,116,72,182,
[8*12*'慷']: 0,68,94,212,222,214,94,100,86,76,86,76,
[8*12*'慾']: 0,84,134,42,84,132,100,106,0,84,202,186,
[8*12*'憂']: 0,254,16,124,68,254,146,100,186,104,16,238,
[8*12*'憇']: 0,42,222,74,238,74,170,238,0,84,202,186,
[8*12*'憊']: 0,84,126,212,126,80,110,74,0,84,202,186,
[8*12*'憎']: 0,84,72,254,234,254,106,126,84,92,84,92,
[8*12*'憐']: 0,106,72,254,220,234,64,84,94,108,86,100,
[8*12*'憑']: 0,62,168,62,40,126,130,42,0,84,202,186,
[8*12*'憔']: 0,84,94,244,222,212,94,84,94,64,84,106,
[8*12*'憖']: 0,38,252,118,172,36,116,170,0,84,202,186,
[8*12*'憙']: 0,16,254,16,124,40,254,68,124,80,202,186,
[8*12*'憚']: 0,118,118,192,254,234,126,106,126,72,126,72,
[8*12*'憤']: 0,72,126,212,254,212,92,84,92,84,92,98,
[8*12*'憧']: 0,72,126,212,212,254,92,92,72,92,72,126,
[8*12*'憩']: 0,36,206,74,238,74,170,238,0,84,202,186,
[8*12*'憫']: 0,118,118,246,246,226,106,126,118,106,118,98,
[8*12*'憬']: 0,92,84,220,212,254,84,92,72,106,72,88,
[8*12*'憮']: 0,80,94,244,212,254,84,84,126,64,84,106,
[8*12*'憲']: 0,16,254,146,124,16,254,170,254,84,202,186,
[8*12*'憶']: 0,72,126,212,254,210,94,82,94,84,114,110,
[8*12*'憺']: 0,76,84,254,218,208,86,80,86,80,110,78,
[8*12*'憾']: 0,68,126,228,252,238,108,122,64,84,114,110,
[8*12*'懃']: 0,84,254,86,246,246,42,250,0,84,202,186,
[8*12*'懆']: 0,92,84,220,254,234,126,72,126,92,106,72,
[8*12*'懇']: 0,46,202,110,186,110,172,106,0,84,202,186,
[8*12*'懈']: 0,94,106,202,216,218,94,94,90,94,106,106,
[8*12*'應']: 0,8,126,84,86,108,110,108,110,64,114,174,
[8*12*'懊']: 0,72,126,230,250,234,126,106,126,72,84,98,
[8*12*'懋']: 0,124,206,84,254,214,84,116,0,84,202,186,
[8*12*'懌']: 0,126,106,254,200,220,126,84,126,72,126,72,
[8*12*'懍']: 0,72,126,192,254,246,126,92,72,126,92,106,
[8*12*'懐']: 0,72,126,200,254,246,126,72,126,90,116,90,
[8*12*'懣']: 0,148,62,148,62,42,190,170,0,84,202,186,
[8*12*'懦']: 0,92,72,254,234,192,126,72,126,106,106,106,
[8*12*'懲']: 0,84,86,190,70,254,84,122,0,84,202,186,
[8*12*'懴']: 0,86,124,212,254,212,124,86,124,84,92,114,
[8*12*'懶']: 0,86,122,210,248,254,122,126,90,126,80,90,
[8*12*'懷']: 0,72,126,220,220,192,118,72,84,118,84,90,
[8*12*'懸']: 0,110,100,232,142,244,46,164,0,84,202,186,
[8*12*'懺']: 0,84,86,236,196,254,84,124,86,124,84,122,
[8*12*'懼']: 0,118,118,246,212,222,116,94,84,94,84,94,
[8*12*'懽']: 0,84,126,212,246,246,84,94,116,94,84,94,
[8*12*'懾']: 0,94,76,204,204,222,68,126,118,118,126,82,
[8*12*'懿']: 0,84,230,74,228,20,228,170,224,84,82,238,
[8*12*'戀']: 0,90,132,90,132,90,254,90,0,84,202,186,
[8*12*'戈']: 0,20,16,30,240,20,20,20,8,10,22,98,
[8*12*'戉']: 0,10,8,126,72,72,74,74,68,100,204,18,
[8*12*'戊']: 0,10,8,126,72,72,74,74,68,68,76,146,
[8*12*'戌']: 0,10,8,126,72,72,122,74,68,68,76,146,
[8*12*'戍']: 0,10,8,126,72,72,106,90,68,68,76,146,
[8*12*'戎']: 0,10,8,254,8,72,74,234,68,68,140,50,
[8*12*'成']: 0,10,8,126,68,116,84,86,84,116,74,146,
[8*12*'我']: 0,24,106,40,254,40,40,58,234,36,36,106,
[8*12*'戒']: 0,10,8,254,8,88,90,250,84,84,68,138,
[8*12*'戔']: 0,20,252,10,12,114,0,20,252,10,12,114,
[8*12*'或']: 0,10,8,254,8,232,170,170,196,52,202,18,
[8*12*'戚']: 0,10,8,126,84,92,84,124,86,124,84,178,
[8*12*'戛']: 0,254,124,68,124,68,124,16,252,10,12,114,
[8*12*'戝']: 0,234,168,238,184,234,170,170,228,4,170,178,
[8*12*'戞']: 0,254,16,124,68,124,254,146,124,10,12,114,
[8*12*'戟']: 0,74,232,78,248,170,234,170,228,68,234,82,
[8*12*'戡']: 0,84,246,84,126,84,116,86,244,212,138,242,
[8*12*'戦']: 0,170,8,254,168,250,170,252,36,244,42,42,
[8*12*'截']: 0,40,122,40,254,4,84,126,212,124,84,122,
[8*12*'戮']: 0,244,86,244,94,36,84,166,84,36,26,106,
[8*12*'戯']: 0,36,54,36,254,164,180,134,84,212,90,242,
[8*12*'戰']: 0,218,216,14,248,170,250,172,252,36,250,34,
[8*12*'戲']: 0,36,54,36,254,164,180,134,244,84,42,242,
[8*12*'戳']: 0,244,86,244,94,4,84,118,228,116,106,114,
[8*12*'戴']: 0,40,122,40,254,8,248,250,100,244,12,146,
[8*12*'戸']: 0,254,0,124,68,68,68,124,64,64,64,128,
[8*12*'戻']: 0,254,0,126,66,126,72,126,72,72,84,162,
[8*12*'房']: 0,254,0,126,66,126,72,126,80,94,82,166,
[8*12*'所']: 0,242,12,120,88,94,90,122,74,74,82,130,
[8*12*'扁']: 0,254,0,126,66,126,64,126,106,126,106,170,
[8*12*'扇']: 0,254,0,126,66,126,64,126,106,94,106,154,
[8*12*'扈']: 0,254,0,126,66,126,84,126,106,126,160,190,
[8*12*'扉']: 0,254,0,126,66,126,84,118,84,118,84,164,
[8*12*'手']: 0,12,112,16,124,16,16,254,16,16,16,48,
[8*12*'才']: 0,8,8,254,8,12,8,24,40,200,8,24,
[8*12*'扎']: 0,72,72,232,72,72,104,200,72,74,74,206,
[8*12*'打']: 0,94,68,228,68,68,100,196,68,68,68,204,
[8*12*'払']: 0,72,72,232,72,72,104,208,80,84,84,250,
[8*12*'托']: 0,68,88,200,72,78,120,200,72,74,74,206,
[8*12*'扛']: 0,64,94,228,68,68,100,196,68,68,68,222,
[8*12*'扞']: 0,92,72,200,72,126,72,200,72,72,72,200,
[8*12*'扠']: 0,94,66,210,106,98,84,212,72,84,84,226,
[8*12*'扣']: 0,64,94,242,82,82,114,210,82,82,82,222,
[8*12*'扨']: 0,94,74,234,90,74,106,202,78,74,82,214,
[8*12*'扮']: 0,84,84,212,98,64,94,202,74,82,82,230,
[8*12*'扱']: 0,92,84,244,84,86,114,218,90,84,100,218,
[8*12*'扶']: 0,72,72,220,72,72,126,200,72,84,84,226,
[8*12*'批']: 0,84,84,212,94,84,84,212,84,84,92,246,
[8*12*'扼']: 0,94,80,208,94,90,90,218,88,88,106,206,
[8*12*'找']: 0,74,72,238,88,74,106,202,68,68,74,210,
[8*12*'承']: 0,56,8,16,58,212,120,84,124,84,146,48,
[8*12*'技']: 0,72,72,254,72,92,68,212,72,72,84,226,
[8*12*'抂']: 0,94,68,228,68,68,110,196,68,68,68,222,
[8*12*'抃']: 0,72,72,254,72,72,76,202,72,72,72,200,
[8*12*'抄']: 0,72,72,236,106,74,72,218,66,68,72,240,
[8*12*'抉']: 0,72,94,202,74,74,126,200,72,84,84,226,
[8*12*'把']: 0,126,106,234,106,106,126,224,96,98,98,222,
[8*12*'抑']: 0,80,94,234,106,106,106,234,122,104,72,200,
[8*12*'抒']: 0,92,68,212,72,126,74,200,72,72,72,216,
[8*12*'抓']: 0,70,120,234,106,106,106,234,106,106,106,202,
[8*12*'抔']: 0,126,72,200,88,92,106,234,72,72,72,200,
[8*12*'投']: 0,92,84,212,102,92,68,212,72,72,84,226,
[8*12*'抖']: 0,68,84,204,68,100,84,196,70,124,68,196,
[8*12*'抗']: 0,72,72,254,64,92,84,212,84,84,84,230,
[8*12*'折']: 0,68,88,208,80,94,84,212,84,84,100,196,
[8*12*'抛']: 0,84,84,254,86,86,86,218,82,86,80,238,
[8*12*'抜']: 0,72,72,254,80,92,84,212,104,72,84,226,
[8*12*'択']: 0,94,82,210,94,84,84,212,84,84,82,226,
[8*12*'披']: 0,68,94,214,84,94,82,218,84,100,74,210,
[8*12*'抬']: 0,72,72,208,84,122,64,220,84,84,84,220,
[8*12*'抱']: 0,80,94,210,90,106,74,218,86,80,82,222,
[8*12*'抵']: 0,66,92,212,84,94,84,212,84,90,66,218,
[8*12*'抹']: 0,72,72,254,72,72,92,200,72,92,106,200,
[8*12*'抻']: 0,72,72,254,106,106,126,234,106,126,72,200,
[8*12*'押']: 0,126,106,234,126,106,106,234,126,72,72,200,
[8*12*'抽']: 0,72,72,254,106,106,126,234,106,106,106,254,
[8*12*'拂']: 0,84,126,214,126,116,116,254,86,86,84,228,
[8*12*'担']: 0,94,82,242,94,82,114,210,94,64,64,222,
[8*12*'拆']: 0,68,88,208,80,94,84,220,84,86,100,196,
[8*12*'拇']: 0,94,82,218,82,126,98,234,98,126,66,204,
[8*12*'拈']: 0,72,72,232,78,72,104,222,82,82,82,222,
[8*12*'拉']: 0,72,72,254,68,84,84,212,84,72,72,254,
[8*12*'拊']: 0,74,74,214,82,114,90,210,82,82,82,214,
[8*12*'拌']: 0,72,92,234,72,92,72,200,126,72,72,200,
[8*12*'拍']: 0,72,72,254,82,82,126,210,82,82,82,222,
[8*12*'拏']: 0,46,242,90,36,250,16,124,16,254,16,48,
[8*12*'拐']: 0,94,82,210,94,64,94,202,74,74,82,214,
[8*12*'拑']: 0,82,82,254,82,82,94,210,82,82,82,222,
[8*12*'拒']: 0,94,80,240,94,82,114,222,80,80,80,222,
[8*12*'拓']: 0,94,72,232,72,78,90,234,74,74,74,206,
[8*12*'拔']: 0,74,72,254,72,74,74,212,84,100,74,210,
[8*12*'拗']: 0,84,84,238,102,86,86,214,102,106,122,198,
[8*12*'拘']: 0,80,94,226,94,86,86,214,94,66,66,204,
[8*12*'拙']: 0,72,106,234,106,126,72,200,106,106,106,254,
[8*12*'招']: 0,94,74,202,74,86,64,222,82,82,82,222,
[8*12*'拜']: 0,62,196,78,228,78,68,228,94,68,68,132,
[8*12*'拝']: 0,126,72,220,72,92,72,200,126,72,72,200,
[8*12*'拠']: 0,80,86,218,106,106,106,234,82,80,104,198,
[8*12*'拡']: 0,68,94,208,84,84,84,212,104,74,82,222,
[8*12*'括']: 0,66,92,196,68,94,68,196,94,82,82,222,
[8*12*'拭']: 0,74,72,254,68,68,124,212,84,84,122,194,
[8*12*'拮']: 0,68,68,254,68,68,94,192,94,82,82,222,
[8*12*'拯']: 0,92,68,200,122,92,92,234,72,88,64,254,
[8*12*'拱']: 0,84,84,254,84,84,84,254,64,84,84,226,
[8*12*'拳']: 0,84,16,124,40,254,68,186,16,254,16,48,
[8*12*'拵']: 0,72,126,200,86,82,116,222,82,82,82,214,
[8*12*'拶']: 0,74,74,212,74,64,110,202,86,66,68,216,
[8*12*'拷']: 0,74,92,200,126,72,94,240,94,66,66,204,
[8*12*'拾']: 0,72,84,226,92,64,64,222,82,82,82,222,
[8*12*'拿']: 0,16,40,254,68,124,16,124,16,254,16,48,
[8*12*'持']: 0,72,92,200,126,68,126,196,100,84,68,204,
[8*12*'挂']: 0,72,92,200,72,126,72,200,92,72,72,254,
[8*12*'指']: 0,80,82,220,82,94,64,222,82,94,82,222,
[8*12*'挈']: 0,78,230,70,234,124,16,124,16,254,16,48,
[8*12*'按']: 0,72,126,226,72,126,84,212,88,72,84,226,
[8*12*'挌']: 0,80,92,212,104,72,84,226,92,84,84,220,
[8*12*'挑']: 0,84,84,246,84,84,84,246,84,84,84,230,
[8*12*'挙']: 0,84,8,254,68,186,16,124,16,254,16,48,
[8*12*'挟']: 0,72,126,200,106,106,72,254,72,72,84,226,
[8*12*'挧']: 0,126,74,202,94,106,74,222,106,74,74,218,
[8*12*'挨']: 0,72,82,254,80,92,104,200,126,72,84,226,
[8*12*'挫']: 0,84,84,212,84,106,72,200,92,72,72,254,
[8*12*'振']: 0,94,80,214,80,94,84,214,84,116,82,218,
[8*12*'挺']: 0,114,92,212,100,126,84,212,116,94,80,238,
[8*12*'挽']: 0,76,84,196,126,106,106,254,84,84,84,230,
[8*12*'挾']: 0,72,126,200,92,92,92,234,72,72,84,226,
[8*12*'挿']: 0,68,88,254,72,126,106,254,106,126,72,200,
[8*12*'捉']: 0,94,82,210,94,68,68,214,84,84,84,238,
[8*12*'捌']: 0,122,106,238,126,86,86,218,106,106,74,214,
[8*12*'捍']: 0,94,82,222,82,94,64,222,68,126,68,196,
[8*12*'捏']: 0,94,82,222,82,94,68,196,78,68,68,222,
[8*12*'捐']: 0,94,82,222,64,94,82,222,82,94,82,214,
[8*12*'捕']: 0,74,126,200,126,106,126,234,126,106,106,234,
[8*12*'捗']: 0,68,86,212,84,126,72,234,90,68,72,240,
[8*12*'捜']: 0,72,126,234,126,106,126,200,124,84,72,246,
[8*12*'捧']: 0,72,92,200,126,84,126,234,92,72,126,200,
[8*12*'捨']: 0,72,84,234,92,72,126,192,92,84,84,220,
[8*12*'捩']: 0,126,64,222,82,94,84,222,84,100,74,210,
[8*12*'捫']: 0,118,118,246,118,118,98,226,98,98,98,230,
[8*12*'据']: 0,94,82,222,84,94,84,212,94,106,74,206,
[8*12*'捲']: 0,72,106,200,126,84,98,220,68,92,82,222,
[8*12*'捶']: 0,68,88,200,126,84,126,212,126,72,72,254,
[8*12*'捷']: 0,68,94,196,94,70,94,196,86,84,84,238,
[8*12*'捺']: 0,72,126,212,98,92,64,254,72,106,72,216,
[8*12*'捻']: 0,72,84,226,92,64,126,196,64,84,114,238,
[8*12*'掀']: 0,84,86,234,102,116,116,244,84,84,90,218,
[8*12*'掃']: 0,92,68,220,68,126,106,200,126,106,106,200,
[8*12*'授']: 0,70,120,234,126,98,92,196,84,72,84,226,
[8*12*'掉']: 0,72,78,200,92,84,92,212,92,72,126,200,
[8*12*'掌']: 0,84,16,254,170,56,16,124,16,254,16,48,
[8*12*'掎']: 0,72,126,200,84,98,126,194,122,106,122,198,
[8*12*'掏']: 0,80,94,242,94,106,94,202,106,126,66,198,
[8*12*'排']: 0,84,84,246,84,118,84,212,118,84,84,228,
[8*12*'掖']: 0,72,126,212,86,90,118,218,84,84,90,210,
[8*12*'掘']: 0,126,98,254,100,118,118,254,100,86,86,222,
[8*12*'掛']: 0,84,124,212,84,124,86,252,84,92,116,196,
[8*12*'掟']: 0,68,94,210,78,68,68,214,84,84,84,238,
[8*12*'掠']: 0,72,126,192,92,84,92,200,106,106,72,216,
[8*12*'採']: 0,70,120,234,100,72,126,200,92,92,106,200,
[8*12*'探']: 0,126,98,212,102,72,126,200,92,92,106,200,
[8*12*'掣']: 0,162,250,170,114,124,16,124,16,254,16,48,
[8*12*'接']: 0,72,126,212,84,126,72,254,84,88,76,242,
[8*12*'控']: 0,72,126,226,84,102,64,220,72,72,72,254,
[8*12*'推']: 0,84,84,222,116,94,84,212,94,84,84,222,
[8*12*'掩']: 0,72,126,212,106,126,106,254,106,126,72,206,
[8*12*'措']: 0,84,126,212,84,126,64,220,84,92,84,220,
[8*12*'掫']: 0,124,88,222,90,90,92,220,90,122,72,200,
[8*12*'掬']: 0,80,94,226,74,110,74,254,90,110,74,198,
[8*12*'掲']: 0,94,82,222,82,94,72,222,122,82,90,198,
[8*12*'掴']: 0,126,98,254,106,106,126,234,106,126,98,254,
[8*12*'掵']: 0,72,84,226,92,64,118,246,118,118,68,196,
[8*12*'掻']: 0,124,84,200,118,72,126,234,126,72,74,254,
[8*12*'掾']: 0,80,92,212,88,126,88,214,108,84,102,216,
[8*12*'揀']: 0,72,126,200,126,126,106,254,72,92,106,200,
[8*12*'揃']: 0,84,126,192,122,106,122,234,122,106,106,234,
[8*12*'揄']: 0,120,84,226,92,64,122,234,124,108,122,234,
[8*12*'揆']: 0,122,76,234,84,98,92,200,126,72,84,226,
[8*12*'揉']: 0,92,68,254,90,104,72,254,72,92,106,200,
[8*12*'描']: 0,84,126,212,64,126,106,254,106,106,106,254,
[8*12*'提']: 0,94,82,222,82,94,64,222,68,86,84,238,
[8*12*'插']: 0,68,88,200,126,72,90,234,126,106,106,254,
[8*12*'揖']: 0,92,84,220,64,126,84,220,84,94,116,196,
[8*12*'揚']: 0,92,84,220,84,126,80,222,106,86,106,214,
[8*12*'換']: 0,76,84,196,126,106,118,226,126,72,84,226,
[8*12*'握']: 0,94,82,222,80,94,88,222,84,94,100,222,
[8*12*'揣']: 0,106,106,254,64,126,80,254,106,106,106,234,
[8*12*'揩']: 0,100,118,228,100,118,72,222,82,94,82,222,
[8*12*'揮']: 0,126,98,200,126,72,126,234,126,72,126,200,
[8*12*'援']: 0,70,120,234,126,72,126,208,94,114,76,242,
[8*12*'揶']: 0,126,86,222,84,86,94,214,86,124,68,196,
[8*12*'揺']: 0,70,120,234,64,92,72,254,72,106,106,254,
[8*12*'搆']: 0,84,126,212,126,84,126,220,92,126,84,212,
[8*12*'損']: 0,94,82,222,64,94,82,222,82,94,64,210,
[8*12*'搏']: 0,74,126,200,126,106,126,234,68,126,84,204,
[8*12*'搓']: 0,84,126,200,92,72,126,208,94,84,100,222,
[8*12*'搖']: 0,72,76,212,72,80,92,232,126,72,106,254,
[8*12*'搗']: 0,72,94,210,94,82,94,208,94,106,126,194,
[8*12*'搜']: 0,86,106,254,106,126,72,220,68,84,72,246,
[8*12*'搦']: 0,94,74,222,84,94,74,222,74,94,74,222,
[8*12*'搨']: 0,92,84,220,84,126,74,222,106,94,106,202,
[8*12*'搬']: 0,86,122,234,120,110,106,250,108,108,106,202,
[8*12*'搭']: 0,84,126,212,72,84,98,220,64,92,84,220,
[8*12*'搴']: 0,16,254,170,124,40,254,68,186,16,254,48,
[8*12*'搶']: 0,72,84,254,64,94,82,222,80,94,106,206,
[8*12*'携']: 0,84,94,244,94,84,94,192,124,86,82,230,
[8*12*'搾']: 0,72,126,226,84,102,80,222,104,78,72,200,
[8*12*'摂']: 0,126,84,220,84,126,68,226,84,64,84,226,
[8*12*'摎']: 0,118,82,246,82,72,84,234,68,74,68,216,
[8*12*'摘']: 0,72,126,212,126,106,126,234,126,118,126,226,
[8*12*'摧']: 0,106,106,254,84,94,116,222,84,94,84,222,
[8*12*'摩']: 0,8,126,84,126,84,72,126,72,126,72,152,
[8*12*'摯']: 0,40,252,44,252,108,182,124,16,254,16,48,
[8*12*'摶']: 0,72,126,220,92,92,122,196,126,68,84,204,
[8*12*'摸']: 0,84,126,212,126,98,126,200,126,72,84,226,
[8*12*'摺']: 0,118,82,246,82,118,82,222,82,94,82,222,
[8*12*'撃']: 0,46,250,96,110,244,42,124,16,254,16,48,
[8*12*'撈']: 0,106,84,234,126,98,72,254,74,82,82,230,
[8*12*'撒']: 0,104,120,238,122,74,122,234,124,108,106,234,
[8*12*'撓']: 0,72,92,200,126,84,126,192,126,84,84,230,
[8*12*'撕']: 0,106,124,236,124,110,122,234,122,66,106,234,
[8*12*'撚']: 0,86,92,238,92,108,84,234,74,64,84,234,
[8*12*'撞']: 0,72,126,212,84,126,92,220,72,92,72,254,
[8*12*'撤']: 0,84,124,214,106,122,74,250,108,124,106,234,
[8*12*'撥']: 0,122,84,226,64,126,90,240,110,122,84,250,
[8*12*'撩']: 0,72,126,200,106,84,126,212,92,72,106,216,
[8*12*'撫']: 0,80,94,244,84,126,84,212,126,64,84,234,
[8*12*'播']: 0,92,72,234,126,92,106,254,106,126,106,254,
[8*12*'撮']: 0,92,84,220,84,126,88,222,90,90,124,202,
[8*12*'撰']: 0,118,82,228,118,64,84,254,84,126,64,226,
[8*12*'撲']: 0,106,72,254,84,126,72,220,72,126,84,226,
[8*12*'撹']: 0,106,68,254,98,92,84,220,84,92,84,230,
[8*12*'撻']: 0,100,78,228,94,74,94,228,126,100,96,222,
[8*12*'撼']: 0,68,126,228,124,110,108,250,64,84,114,238,
[8*12*'擁']: 0,72,126,192,82,102,124,214,100,126,84,230,
[8*12*'擂']: 0,92,72,254,106,84,64,254,106,126,106,254,
[8*12*'擅']: 0,72,126,192,126,118,126,220,84,92,64,254,
[8*12*'擇']: 0,126,106,254,72,92,126,212,126,72,126,200,
[8*12*'操']: 0,92,84,220,126,106,126,200,126,92,106,200,
[8*12*'擒']: 0,72,84,254,106,118,126,200,126,106,110,250,
[8*12*'擔']: 0,76,84,254,90,80,86,208,86,80,110,206,
[8*12*'擘']: 0,100,110,202,100,124,16,124,16,254,16,48,
[8*12*'據']: 0,72,78,248,110,96,126,232,118,108,86,204,
[8*12*'擠']: 0,72,126,200,118,84,106,220,84,92,84,228,
[8*12*'擡']: 0,72,126,200,126,84,126,234,80,92,72,254,
[8*12*'擢']: 0,118,82,246,82,118,84,222,116,94,84,222,
[8*12*'擣']: 0,72,126,200,126,66,92,200,126,116,116,204,
[8*12*'擦']: 0,72,126,226,94,106,84,226,126,72,106,216,
[8*12*'擧']: 0,86,154,206,170,254,68,186,16,254,16,48,
[8*12*'擬']: 0,102,114,226,116,102,122,212,126,84,84,234,
[8*12*'擯']: 0,72,126,226,92,106,76,244,92,84,92,226,
[8*12*'擱']: 0,118,118,246,98,110,118,234,118,110,110,226,
[8*12*'擲']: 0,86,110,198,124,86,126,254,86,124,84,236,
[8*12*'擴']: 0,68,126,236,126,108,126,236,108,108,64,210,
[8*12*'擶']: 0,100,118,210,68,126,64,250,106,122,106,234,
[8*12*'擺']: 0,126,106,254,80,100,118,192,116,118,116,214,
[8*12*'擽']: 0,90,108,218,108,118,72,254,72,92,106,200,
[8*12*'擾']: 0,126,72,220,84,126,106,212,94,116,72,246,
[8*12*'攀']: 0,68,238,84,238,254,68,186,16,254,16,48,
[8*12*'攅']: 0,84,126,212,106,92,84,220,84,92,64,226,
[8*12*'攘']: 0,72,126,246,64,84,126,212,126,90,116,218,
[8*12*'攜']: 0,106,126,212,94,116,94,192,126,118,98,234,
[8*12*'攝']: 0,94,76,204,76,94,68,254,118,118,126,210,
[8*12*'攣']: 0,90,132,90,198,122,16,124,16,254,16,48,
[8*12*'攤']: 0,106,122,238,84,126,124,212,126,84,108,198,
[8*12*'攪']: 0,86,106,246,106,126,98,220,84,92,84,230,
[8*12*'攫']: 0,118,118,212,94,116,94,212,94,84,72,246,
[8*12*'攬']: 0,116,102,240,102,126,84,220,84,92,84,230,
[8*12*'支']: 0,16,16,254,16,124,4,40,40,16,40,198,
[8*12*'攴']: 0,16,16,28,16,124,4,40,40,16,40,198,
[8*12*'攵']: 0,32,32,62,68,68,168,40,16,16,40,198,
[8*12*'收']: 0,40,168,174,186,170,170,164,228,164,42,50,
[8*12*'攷']: 0,232,72,78,154,234,170,42,36,36,42,114,
[8*12*'攸']: 0,40,40,78,122,234,106,106,100,100,74,82,
[8*12*'改']: 0,232,40,46,58,234,138,138,164,164,234,18,
[8*12*'攻']: 0,16,208,94,116,84,84,84,104,200,20,34,
[8*12*'放']: 0,36,36,246,74,74,122,90,84,84,90,178,
[8*12*'政']: 0,244,36,38,42,186,170,170,164,180,202,18,
[8*12*'故']: 0,72,72,238,90,74,234,170,164,164,234,18,
[8*12*'效']: 0,36,244,86,90,138,90,90,36,36,90,138,
[8*12*'敍']: 0,36,84,134,116,46,250,42,164,180,42,106,
[8*12*'敏']: 0,68,116,134,122,90,90,250,148,244,42,106,
[8*12*'救']: 0,52,36,246,42,186,170,42,100,180,42,106,
[8*12*'敕']: 0,36,244,38,250,170,170,250,36,116,170,42,
[8*12*'敖']: 0,40,248,46,250,42,250,74,116,84,90,178,
[8*12*'敗']: 0,232,168,238,186,234,170,170,228,4,170,178,
[8*12*'敘']: 0,36,84,134,122,42,250,42,164,164,42,106,
[8*12*'教']: 0,36,116,38,250,42,74,186,20,244,42,106,
[8*12*'敝']: 0,36,116,174,42,250,170,170,244,244,170,170,
[8*12*'敞']: 0,36,116,174,42,250,138,250,212,212,250,138,
[8*12*'敢']: 0,116,36,246,90,122,90,122,84,116,218,18,
[8*12*'散']: 0,84,244,86,250,10,250,154,244,148,154,178,
[8*12*'敦']: 0,36,244,118,90,122,10,122,20,244,42,106,
[8*12*'敬']: 0,84,244,86,74,122,154,122,84,84,122,26,
[8*12*'数']: 0,168,40,254,122,170,42,250,84,100,58,202,
[8*12*'敲']: 0,36,244,86,116,6,250,138,252,220,250,138,
[8*12*'整']: 0,40,254,122,122,164,42,254,16,92,80,254,
[8*12*'敵']: 0,36,252,86,250,170,250,170,252,220,250,138,
[8*12*'敷']: 0,36,244,38,250,250,42,250,68,116,90,178,
[8*12*'數']: 0,36,116,246,42,122,122,42,244,84,58,202,
[8*12*'斂']: 0,36,84,134,106,10,250,170,252,84,84,170,
[8*12*'斃']: 0,84,174,250,252,170,0,254,104,174,72,142,
[8*12*'文']: 0,16,16,254,68,68,40,40,16,40,68,130,
[8*12*'斈']: 0,16,254,68,56,198,56,8,254,16,16,48,
[8*12*'斉']: 0,16,254,68,40,56,198,124,68,124,68,132,
[8*12*'斌']: 0,72,90,232,62,164,180,92,84,84,186,130,
[8*12*'斎']: 0,16,254,68,56,198,124,68,124,84,124,148,
[8*12*'斐']: 0,40,238,40,238,40,16,254,68,40,56,198,
[8*12*'斑']: 0,214,84,124,76,108,214,84,84,108,196,14,
[8*12*'斗']: 0,8,40,24,8,72,40,8,14,248,8,8,
[8*12*'料']: 0,68,212,204,68,228,84,196,198,252,68,68,
[8*12*'斛']: 0,98,170,38,242,186,246,178,242,158,146,178,
[8*12*'斜']: 0,34,82,134,114,34,246,34,178,190,34,98,
[8*12*'斟']: 0,82,250,86,114,90,118,82,242,222,130,242,
[8*12*'斡']: 0,68,234,80,234,166,242,170,226,94,226,66,
[8*12*'斤']: 0,12,112,64,64,126,72,72,72,72,72,136,
[8*12*'斥']: 0,12,112,64,64,126,72,88,76,74,72,136,
[8*12*'斧']: 0,40,68,170,56,198,120,64,126,72,72,136,
[8*12*'斫']: 0,2,236,72,72,78,138,106,106,106,114,2,
[8*12*'斬']: 0,66,236,72,232,238,234,234,234,74,242,66,
[8*12*'断']: 0,162,236,248,168,254,170,250,234,170,138,242,
[8*12*'斯']: 0,82,252,88,120,94,122,90,250,10,82,146,
[8*12*'新']: 0,34,252,88,88,254,42,250,42,106,178,34,
[8*12*'斷']: 0,170,210,172,212,254,134,174,214,170,210,250,
[8*12*'方']: 0,16,16,254,32,32,60,36,36,68,68,140,
[8*12*'於']: 0,36,42,250,64,68,114,82,80,84,82,178,
[8*12*'施']: 0,72,78,240,72,74,110,186,170,168,42,110,
[8*12*'旁']: 0,16,254,40,254,130,16,254,32,60,68,140,
[8*12*'旃']: 0,72,78,240,78,74,106,170,190,170,42,106,
[8*12*'旄']: 0,72,78,240,68,88,110,184,174,184,42,110,
[8*12*'旅']: 0,72,78,244,72,90,106,172,172,172,42,106,
[8*12*'旆']: 0,72,78,244,68,94,100,190,182,182,36,100,
[8*12*'旋']: 0,80,94,224,94,74,104,174,168,168,56,110,
[8*12*'旌']: 0,72,78,240,68,84,126,164,174,164,36,126,
[8*12*'族']: 0,72,78,240,72,78,116,164,190,164,42,114,
[8*12*'旒']: 0,72,78,240,68,94,104,190,160,170,42,106,
[8*12*'旗']: 0,72,78,240,74,94,106,174,170,190,32,106,
[8*12*'旙']: 0,92,72,234,94,92,106,190,170,190,42,126,
[8*12*'旛']: 0,80,94,224,92,90,110,188,170,190,42,126,
[8*12*'无']: 0,124,16,16,16,254,24,24,40,42,74,142,
[8*12*'旡']: 0,124,16,144,144,254,24,24,40,42,74,142,
[8*12*'既']: 0,254,170,234,170,170,254,132,172,172,236,22,
[8*12*'日']: 0,126,66,66,66,66,126,66,66,66,66,126,
[8*12*'旦']: 0,124,68,68,124,68,68,68,124,0,0,254,
[8*12*'旧']: 0,190,162,162,162,162,190,162,162,162,162,190,
[8*12*'旨']: 0,128,140,240,130,126,0,124,68,124,68,124,
[8*12*'早']: 0,124,68,124,68,68,124,16,254,16,16,16,
[8*12*'旬']: 0,64,126,130,122,74,122,74,74,122,2,12,
[8*12*'旭']: 0,78,74,250,90,94,90,90,90,94,144,158,
[8*12*'旱']: 0,124,68,124,68,124,0,124,16,254,16,16,
[8*12*'旺']: 0,30,228,164,164,228,174,164,164,228,4,30,
[8*12*'旻']: 0,124,68,124,68,124,16,254,68,40,56,198,
[8*12*'昂']: 0,124,68,124,68,124,46,202,138,170,202,8,
[8*12*'昃']: 0,124,68,124,68,124,0,126,72,72,84,162,
[8*12*'昆']: 0,124,68,124,68,124,72,74,108,72,106,206,
[8*12*'昇']: 0,124,68,124,68,124,40,104,254,40,40,72,
[8*12*'昊']: 0,124,68,124,68,124,0,254,16,124,16,238,
[8*12*'昌']: 0,124,68,124,68,124,0,254,130,254,130,254,
[8*12*'明']: 0,14,234,170,174,234,170,174,234,10,18,38,
[8*12*'昏']: 0,4,120,72,126,72,230,124,68,124,68,124,
[8*12*'易']: 0,124,68,124,68,124,32,126,170,74,146,38,
[8*12*'昔']: 0,40,124,40,40,254,0,124,68,124,68,124,
[8*12*'昜']: 0,124,68,124,68,254,32,62,86,170,82,44,
[8*12*'星']: 0,124,68,124,68,124,80,124,144,124,16,254,
[8*12*'映']: 0,8,254,170,170,234,190,168,168,232,20,34,
[8*12*'春']: 0,16,124,16,124,40,254,124,170,56,40,56,
[8*12*'昧']: 0,8,232,188,168,232,190,168,232,28,42,8,
[8*12*'昨']: 0,8,238,184,168,238,168,168,174,232,8,8,
[8*12*'昭']: 0,30,234,170,170,246,160,190,178,242,18,30,
[8*12*'是']: 0,124,68,124,68,124,0,254,16,92,80,190,
[8*12*'昴']: 0,124,68,124,68,124,206,170,170,234,40,72,
[8*12*'昵']: 0,62,226,162,190,224,170,172,168,234,42,78,
[8*12*'昶']: 0,110,10,106,46,250,106,106,110,176,40,102,
[8*12*'昼']: 0,124,68,124,72,124,170,56,40,56,0,254,
[8*12*'昿']: 0,4,254,160,164,228,164,168,168,234,42,94,
[8*12*'晁']: 0,124,68,124,68,124,170,108,170,40,74,142,
[8*12*'時']: 0,8,252,168,190,228,190,164,180,228,4,12,
[8*12*'晃']: 0,124,68,124,68,124,16,84,254,40,72,142,
[8*12*'晄']: 0,4,246,182,164,228,190,172,172,236,20,38,
[8*12*'晉']: 0,254,36,72,108,254,0,124,68,124,68,124,
[8*12*'晋']: 0,254,40,170,40,254,0,124,68,124,68,124,
[8*12*'晏']: 0,124,68,124,68,254,146,124,36,104,24,230,
[8*12*'晒']: 0,62,212,180,190,246,182,182,162,226,34,62,
[8*12*'晝']: 0,16,124,20,254,20,254,124,68,124,68,254,
[8*12*'晞']: 0,18,236,178,168,254,180,164,190,246,22,4,
[8*12*'晟']: 0,124,68,124,68,126,68,116,86,84,100,138,
[8*12*'晢']: 0,68,216,80,94,212,100,124,68,124,68,124,
[8*12*'晤']: 0,30,228,190,170,234,190,160,190,242,18,30,
[8*12*'晦']: 0,16,254,160,190,234,190,170,170,254,2,12,
[8*12*'晧']: 0,20,254,180,164,254,164,164,190,242,18,30,
[8*12*'晨']: 0,124,68,124,68,126,64,92,64,126,84,154,
[8*12*'晩']: 0,12,244,164,190,234,170,190,180,244,20,38,
[8*12*'普']: 0,68,254,40,170,40,254,124,68,124,68,124,
[8*12*'景']: 0,124,68,124,68,254,68,124,16,84,146,48,
[8*12*'晰']: 0,10,236,188,172,238,190,186,186,234,10,10,
[8*12*'晴']: 0,4,238,164,174,228,190,170,174,234,14,10,
[8*12*'晶']: 0,124,68,124,68,124,0,238,170,238,170,238,
[8*12*'智']: 0,64,126,170,250,46,208,124,68,124,68,124,
[8*12*'暁']: 0,8,252,168,180,254,180,160,190,244,20,38,
[8*12*'暃']: 0,124,68,124,68,124,40,238,40,238,40,72,
[8*12*'暄']: 0,4,254,182,160,238,170,174,170,238,0,30,
[8*12*'暇']: 0,54,242,178,182,224,182,162,170,244,36,42,
[8*12*'暈']: 0,124,68,124,68,254,146,124,84,124,254,16,
[8*12*'暉']: 0,30,242,164,190,228,174,174,174,228,30,4,
[8*12*'暎']: 0,20,254,180,168,254,170,170,190,232,20,34,
[8*12*'暑']: 0,124,68,124,16,122,20,254,36,124,164,60,
[8*12*'暖']: 0,6,248,170,190,232,190,168,174,242,12,50,
[8*12*'暗']: 0,4,254,170,170,254,160,174,170,238,10,14,
[8*12*'暘']: 0,14,234,174,170,254,168,174,170,246,10,22,
[8*12*'暝']: 0,30,242,174,170,238,170,174,164,254,0,18,
[8*12*'暢']: 0,78,74,238,170,190,232,174,170,246,74,86,
[8*12*'暦']: 0,126,84,126,84,126,84,126,98,126,98,190,
[8*12*'暫']: 0,34,252,104,110,250,34,124,68,124,68,124,
[8*12*'暮']: 0,40,254,40,124,68,124,254,40,124,170,56,
[8*12*'暴']: 0,124,68,124,40,124,40,254,84,56,214,48,
[8*12*'暸']: 0,8,254,168,170,244,190,180,188,200,42,24,
[8*12*'暹']: 0,190,34,62,148,30,52,222,84,94,64,190,
[8*12*'暼']: 0,84,174,250,170,252,170,124,68,124,68,124,
[8*12*'暾']: 0,20,252,198,250,234,250,218,244,212,26,58,
[8*12*'曁']: 0,78,228,238,132,234,124,68,124,68,124,254,
[8*12*'曄']: 0,20,254,180,190,236,190,172,190,232,30,8,
[8*12*'曇']: 0,124,68,124,68,254,146,124,0,254,36,250,
[8*12*'曉']: 0,8,252,168,190,244,190,160,190,244,20,38,
[8*12*'曖']: 0,62,212,190,162,244,174,160,172,244,8,54,
[8*12*'曙']: 0,30,246,190,164,238,164,190,170,238,26,14,
[8*12*'曚']: 0,20,254,180,190,226,188,170,180,236,22,12,
[8*12*'曜']: 0,30,234,190,170,254,164,174,180,222,20,30,
[8*12*'曝']: 0,62,226,190,180,254,180,190,170,252,42,24,
[8*12*'曠']: 0,4,254,172,190,236,190,172,172,236,32,82,
[8*12*'曦']: 0,20,254,168,190,232,190,180,166,244,28,50,
[8*12*'曩']: 0,124,68,124,68,254,108,254,40,254,104,182,
[8*12*'曰']: 0,0,254,130,130,130,250,130,130,130,130,254,
[8*12*'曲']: 0,40,40,254,170,170,170,254,170,170,170,254,
[8*12*'曳']: 0,16,252,148,252,148,148,252,20,8,26,230,
[8*12*'更']: 0,254,16,124,84,124,84,124,80,32,48,206,
[8*12*'曵']: 0,20,252,148,252,148,148,252,20,8,26,230,
[8*12*'曷']: 0,124,68,124,68,124,32,126,210,106,122,6,
[8*12*'書']: 0,16,124,20,254,20,124,16,254,124,68,124,
[8*12*'曹']: 0,40,254,40,254,170,254,254,68,124,68,124,
[8*12*'曼']: 0,124,68,124,68,254,170,254,68,40,56,198,
[8*12*'曽']: 0,68,8,254,146,254,146,254,68,124,68,124,
[8*12*'曾']: 0,40,68,254,214,186,146,254,68,124,68,124,
[8*12*'替']: 0,68,238,68,238,68,170,124,68,124,68,124,
[8*12*'最']: 0,124,68,124,68,254,80,126,82,90,244,26,
[8*12*'會']: 0,16,40,254,0,254,146,254,68,124,68,124,
[8*12*'月']: 0,62,34,34,62,34,34,62,34,66,66,134,
[8*12*'有']: 0,16,16,254,32,60,100,188,36,60,36,44,
[8*12*'朋']: 0,126,90,90,126,90,90,126,90,90,90,182,
[8*12*'服']: 0,126,82,86,112,94,82,122,84,84,90,178,
[8*12*'朏']: 0,228,182,182,246,190,164,228,182,182,182,190,
[8*12*'朔']: 0,94,42,250,46,170,170,254,42,42,74,150,
[8*12*'朕']: 0,234,170,160,254,164,164,254,164,164,170,178,
[8*12*'朖']: 0,228,190,178,254,178,190,244,182,180,178,186,
[8*12*'朗']: 0,78,234,170,238,170,170,238,138,170,170,214,
[8*12*'望']: 0,46,250,78,74,118,0,124,16,124,16,254,
[8*12*'朝']: 0,78,234,74,238,170,234,174,234,74,234,86,
[8*12*'朞']: 0,40,254,40,56,40,254,68,186,40,56,72,
[8*12*'期']: 0,94,250,90,126,90,122,94,250,10,82,150,
[8*12*'朦']: 0,244,190,180,254,162,188,234,180,172,182,172,
[8*12*'朧']: 0,212,190,172,238,186,174,252,174,188,172,174,
[8*12*'木']: 0,16,16,254,16,56,56,84,84,146,16,16,
[8*12*'未']: 0,16,16,124,16,16,254,16,56,84,146,16,
[8*12*'末']: 0,16,16,254,16,16,124,16,56,84,146,16,
[8*12*'本']: 0,16,16,254,16,56,56,84,84,186,16,16,
[8*12*'札']: 0,40,40,248,40,40,104,120,168,42,42,46,
[8*12*'朮']: 0,20,16,254,16,84,84,84,84,84,150,16,
[8*12*'朱']: 0,16,80,124,144,16,254,16,56,84,146,16,
[8*12*'朴']: 0,40,40,248,40,44,106,122,168,40,40,40,
[8*12*'朶']: 0,120,40,46,66,134,16,254,56,84,146,16,
[8*12*'朷']: 0,94,74,234,74,74,202,234,202,74,82,86,
[8*12*'朸']: 0,72,72,254,74,74,202,234,202,74,82,86,
[8*12*'机']: 0,92,84,212,84,84,212,212,212,84,84,102,
[8*12*'朽']: 0,94,72,232,80,94,210,194,194,66,66,76,
[8*12*'朿']: 0,16,254,16,124,84,84,16,56,84,146,16,
[8*12*'杁']: 0,88,72,200,72,72,200,200,212,84,84,98,
[8*12*'杆']: 0,92,72,200,72,126,200,200,200,72,72,72,
[8*12*'杉']: 0,34,34,244,32,34,100,112,162,34,36,40,
[8*12*'李']: 0,16,254,56,84,146,120,8,254,16,16,48,
[8*12*'杏']: 0,16,254,16,56,84,146,124,68,68,68,124,
[8*12*'材']: 0,68,68,254,68,70,196,204,212,100,68,76,
[8*12*'村']: 0,36,36,254,36,36,116,108,164,36,36,44,
[8*12*'杓']: 0,80,94,226,66,82,202,202,194,66,66,76,
[8*12*'杖']: 0,68,68,254,68,84,212,212,200,72,84,98,
[8*12*'杙']: 0,74,72,206,120,72,200,200,196,68,68,66,
[8*12*'杜']: 0,68,68,228,94,68,196,228,196,68,68,94,
[8*12*'杞']: 0,94,66,226,66,94,208,240,208,82,82,94,
[8*12*'束']: 0,16,254,16,124,84,84,124,56,84,146,16,
[8*12*'杠']: 0,64,94,228,68,68,196,228,196,68,68,94,
[8*12*'条']: 0,32,60,100,24,230,16,254,56,84,146,16,
[8*12*'杢']: 0,16,254,16,56,84,146,0,124,16,16,254,
[8*12*'杣']: 0,72,72,200,106,106,234,234,234,106,106,126,
[8*12*'杤']: 0,94,72,232,72,78,202,234,202,74,82,86,
[8*12*'来']: 0,16,254,16,84,16,254,16,56,84,146,16,
[8*12*'杪']: 0,72,72,220,90,106,200,218,194,68,72,112,
[8*12*'杭']: 0,72,72,254,64,92,212,212,212,84,84,102,
[8*12*'杯']: 0,126,72,200,88,92,234,234,200,72,72,72,
[8*12*'杰']: 0,16,254,16,56,56,84,146,16,0,84,170,
[8*12*'東']: 0,16,254,16,124,84,124,84,124,56,84,146,
[8*12*'杲']: 0,124,68,124,68,124,16,254,56,84,146,16,
[8*12*'杳']: 0,16,254,16,56,84,146,124,68,124,68,124,
[8*12*'杵']: 0,80,92,232,72,72,254,200,200,72,72,72,
[8*12*'杷']: 0,126,106,234,106,106,254,224,224,98,98,94,
[8*12*'杼']: 0,92,68,212,72,126,202,200,200,72,72,88,
[8*12*'松']: 0,84,84,212,98,72,200,200,208,84,84,122,
[8*12*'板']: 0,94,80,208,94,82,218,218,212,100,74,82,
[8*12*'枅']: 0,126,84,212,84,84,254,212,212,84,84,100,
[8*12*'枇']: 0,84,84,212,94,84,212,212,212,84,92,118,
[8*12*'枉']: 0,94,68,228,68,68,206,228,196,68,68,94,
[8*12*'枋']: 0,68,68,254,72,72,206,234,202,74,82,86,
[8*12*'枌']: 0,84,84,212,98,64,222,202,202,82,82,102,
[8*12*'析']: 0,68,88,208,80,94,212,212,212,84,100,68,
[8*12*'枕']: 0,72,126,234,106,72,204,204,204,84,84,102,
[8*12*'林']: 0,36,36,254,36,36,108,108,182,36,36,36,
[8*12*'枚']: 0,80,80,222,116,84,212,212,200,72,84,98,
[8*12*'果']: 0,124,84,124,84,124,16,254,56,84,146,16,
[8*12*'枝']: 0,72,72,254,72,92,196,212,200,72,84,98,
[8*12*'枠']: 0,72,124,212,84,102,200,200,254,72,72,72,
[8*12*'枡']: 0,76,116,212,84,126,212,212,212,84,84,100,
[8*12*'枢']: 0,94,80,210,90,84,212,212,218,88,80,94,
[8*12*'枦']: 0,94,64,222,82,82,210,222,208,80,80,96,
[8*12*'枩']: 0,16,254,56,84,146,0,40,68,146,40,116,
[8*12*'枯']: 0,68,68,196,126,68,196,222,210,82,82,94,
[8*12*'枳']: 0,94,82,210,82,82,222,192,212,84,82,98,
[8*12*'枴']: 0,94,82,210,94,64,222,202,202,74,82,86,
[8*12*'架']: 0,64,254,90,90,190,16,254,56,84,146,16,
[8*12*'枷']: 0,80,94,250,90,90,218,218,234,106,78,88,
[8*12*'枸']: 0,80,94,226,94,86,214,214,222,66,66,76,
[8*12*'枹']: 0,80,94,226,94,84,212,220,208,82,82,94,
[8*12*'柁']: 0,72,126,226,80,82,212,216,208,82,82,94,
[8*12*'柄']: 0,126,72,200,126,106,234,234,246,98,98,102,
[8*12*'柆']: 0,72,72,254,68,84,212,212,212,72,72,126,
[8*12*'柊']: 0,72,76,212,72,84,226,200,196,64,88,68,
[8*12*'柎']: 0,74,74,214,82,114,218,210,210,82,82,86,
[8*12*'柏']: 0,72,72,222,82,82,222,210,210,82,82,94,
[8*12*'某']: 0,68,254,68,124,68,124,16,254,56,84,146,
[8*12*'柑']: 0,82,82,254,82,82,222,210,210,82,82,94,
[8*12*'染']: 0,144,60,148,20,166,16,254,56,84,146,16,
[8*12*'柔']: 0,124,8,254,50,84,176,16,254,56,84,146,
[8*12*'柘']: 0,94,72,232,72,78,218,234,202,74,74,78,
[8*12*'柚']: 0,72,72,254,106,106,254,234,234,106,106,126,
[8*12*'柝']: 0,68,88,208,80,94,212,220,212,86,100,68,
[8*12*'柞']: 0,80,94,232,72,78,200,200,206,72,72,72,
[8*12*'柢']: 0,66,92,212,84,94,212,212,212,90,66,90,
[8*12*'柤']: 0,92,84,212,92,84,212,220,212,84,84,126,
[8*12*'柧']: 0,66,92,212,84,84,212,212,212,84,90,98,
[8*12*'柩']: 0,94,84,214,90,82,212,212,212,90,80,94,
[8*12*'柬']: 0,16,254,16,254,214,186,254,16,56,84,146,
[8*12*'柮']: 0,72,106,234,106,126,200,200,234,106,106,126,
[8*12*'柯']: 0,94,66,222,86,86,214,214,222,66,66,70,
[8*12*'柱']: 0,80,72,254,72,72,200,220,200,72,72,126,
[8*12*'柳']: 0,86,86,230,118,118,246,246,246,84,84,100,
[8*12*'柴']: 0,36,182,164,180,198,16,254,56,84,146,16,
[8*12*'柵']: 0,94,90,218,90,90,254,218,218,90,82,86,
[8*12*'査']: 0,16,254,56,84,254,68,124,68,124,68,254,
[8*12*'柾']: 0,94,68,196,68,84,214,212,212,84,84,126,
[8*12*'柿']: 0,72,126,200,72,126,234,234,234,106,72,72,
[8*12*'栂']: 0,94,82,218,82,126,210,218,210,94,66,70,
[8*12*'栃']: 0,94,80,208,94,84,212,214,234,106,74,86,
[8*12*'栄']: 0,84,8,254,146,16,124,16,56,84,146,16,
[8*12*'栓']: 0,72,84,226,92,72,200,220,200,72,72,126,
[8*12*'栖']: 0,126,84,212,126,118,246,246,226,98,98,126,
[8*12*'栗']: 0,254,40,254,170,254,16,254,56,84,146,16,
[8*12*'栞']: 0,238,68,238,68,238,16,254,56,84,146,16,
[8*12*'校']: 0,72,126,212,84,98,212,212,200,72,84,98,
[8*12*'栢']: 0,94,72,232,94,82,210,222,210,82,82,94,
[8*12*'栩']: 0,126,74,202,94,106,202,222,234,74,74,90,
[8*12*'株']: 0,72,88,220,104,72,254,200,200,92,106,72,
[8*12*'栫']: 0,72,126,200,86,82,244,222,210,82,82,86,
[8*12*'栲']: 0,74,92,200,126,72,222,240,222,66,66,76,
[8*12*'栴']: 0,80,94,224,94,90,218,218,254,82,82,86,
[8*12*'核']: 0,72,126,200,112,84,200,210,228,72,84,98,
[8*12*'根']: 0,94,82,222,82,82,222,212,214,84,82,90,
[8*12*'格']: 0,80,92,212,104,72,212,226,220,84,84,92,
[8*12*'栽']: 0,40,122,40,254,40,250,42,116,116,164,42,
[8*12*'桀']: 0,68,126,212,62,68,144,254,56,84,146,16,
[8*12*'桁']: 0,86,80,224,78,82,210,242,210,82,82,86,
[8*12*'桂']: 0,72,92,200,72,126,200,200,220,72,72,126,
[8*12*'桃']: 0,84,84,246,84,84,212,246,212,84,84,102,
[8*12*'框']: 0,94,80,222,84,84,222,212,212,94,80,94,
[8*12*'案']: 0,16,254,146,124,40,116,16,254,56,84,146,
[8*12*'桍']: 0,72,126,212,98,92,192,254,208,94,66,70,
[8*12*'桎']: 0,126,72,208,84,122,200,200,220,72,72,126,
[8*12*'桐']: 0,94,82,222,82,94,214,214,214,94,82,86,
[8*12*'桑']: 0,120,40,16,238,170,68,170,254,56,84,146,
[8*12*'桓']: 0,94,64,222,82,82,222,210,210,94,64,94,
[8*12*'桔']: 0,68,68,254,68,68,222,192,222,82,82,94,
[8*12*'桙']: 0,72,82,254,68,84,222,228,196,126,68,68,
[8*12*'桜']: 0,72,106,234,68,72,254,212,216,72,84,98,
[8*12*'桝']: 0,82,82,222,106,106,218,202,206,82,82,98,
[8*12*'桟']: 0,74,78,248,78,120,206,248,202,68,76,114,
[8*12*'档']: 0,72,106,234,72,94,194,194,206,66,66,94,
[8*12*'桧']: 0,72,84,226,92,64,254,200,200,80,84,122,
[8*12*'桴']: 0,92,64,212,106,64,220,196,254,72,72,88,
[8*12*'桶']: 0,94,68,200,126,106,254,234,254,106,106,106,
[8*12*'桷']: 0,76,84,196,94,86,222,214,222,82,82,102,
[8*12*'桾']: 0,94,74,202,126,74,254,208,222,114,82,94,
[8*12*'桿']: 0,94,82,222,82,94,192,222,196,126,68,68,
[8*12*'梁']: 0,188,20,182,20,172,16,254,56,84,146,16,
[8*12*'梃']: 0,114,92,212,100,126,212,212,244,94,80,110,
[8*12*'梅']: 0,80,94,224,94,106,254,234,234,126,66,76,
[8*12*'梍']: 0,72,92,212,92,84,220,200,206,120,74,78,
[8*12*'梏']: 0,84,94,212,100,126,196,196,222,82,82,94,
[8*12*'梓']: 0,72,126,212,84,126,200,200,254,72,72,72,
[8*12*'梔']: 0,66,92,208,94,80,222,218,222,88,106,78,
[8*12*'梗']: 0,126,72,254,106,126,234,254,200,88,72,118,
[8*12*'梛']: 0,126,86,214,124,86,214,254,214,84,84,108,
[8*12*'條']: 0,40,46,90,100,250,100,126,100,108,86,68,
[8*12*'梟']: 0,16,124,68,124,64,126,18,254,56,84,146,
[8*12*'梠']: 0,94,82,210,94,72,200,222,210,82,82,94,
[8*12*'梢']: 0,106,106,200,94,82,222,210,222,82,82,86,
[8*12*'梦']: 0,36,254,108,182,36,60,68,180,8,48,192,
[8*12*'梧']: 0,94,68,222,74,74,254,192,222,82,82,94,
[8*12*'梨']: 0,114,42,250,114,166,16,254,56,84,146,16,
[8*12*'梭']: 0,72,82,254,84,102,208,220,244,72,84,98,
[8*12*'梯']: 0,84,72,254,74,126,232,254,202,90,110,72,
[8*12*'械']: 0,74,72,254,68,84,252,214,212,100,74,82,
[8*12*'梱']: 0,126,98,234,126,106,254,254,234,106,98,126,
[8*12*'梳']: 0,72,126,200,82,126,192,218,218,90,90,106,
[8*12*'梵']: 0,36,254,108,182,36,124,68,100,84,68,134,
[8*12*'梶']: 0,94,82,222,80,86,220,214,220,86,108,70,
[8*12*'梹']: 0,68,88,208,94,84,212,254,192,84,84,98,
[8*12*'梺']: 0,36,254,108,182,36,254,16,24,20,16,16,
[8*12*'梼']: 0,72,92,200,92,72,254,212,254,100,84,76,
[8*12*'棄']: 0,16,254,68,250,84,254,84,254,56,84,146,
[8*12*'棆']: 0,72,84,226,92,64,254,234,254,106,106,106,
[8*12*'棉']: 0,72,92,212,92,84,220,200,254,106,106,72,
[8*12*'棊']: 0,40,254,40,56,40,254,68,146,124,56,214,
[8*12*'棋']: 0,84,126,212,92,84,220,212,254,64,84,98,
[8*12*'棍']: 0,126,98,254,98,126,228,228,246,100,100,118,
[8*12*'棒']: 0,72,92,200,126,84,254,234,220,72,126,72,
[8*12*'棔']: 0,66,92,212,94,84,242,222,210,94,82,94,
[8*12*'棕']: 0,72,126,226,92,64,254,200,234,106,72,88,
[8*12*'棗']: 0,16,254,124,84,56,84,254,124,84,56,214,
[8*12*'棘']: 0,36,254,36,254,182,182,36,108,182,36,36,
[8*12*'棚']: 0,126,106,234,126,106,234,254,234,106,106,86,
[8*12*'棟']: 0,72,126,200,126,106,254,234,254,72,92,106,
[8*12*'棠']: 0,84,16,254,170,56,16,254,56,84,146,16,
[8*12*'棡']: 0,126,98,246,106,126,234,234,254,126,98,98,
[8*12*'棣']: 0,72,94,202,126,74,222,200,234,92,106,88,
[8*12*'棧']: 0,74,124,202,68,90,192,202,252,74,68,90,
[8*12*'森']: 0,16,254,56,84,146,36,254,36,108,182,36,
[8*12*'棯']: 0,72,84,226,92,64,254,196,192,84,114,110,
[8*12*'棲']: 0,72,126,200,94,74,222,200,254,84,76,114,
[8*12*'棹']: 0,72,78,200,92,84,220,212,220,72,126,72,
[8*12*'棺']: 0,72,126,226,92,84,220,208,222,82,82,94,
[8*12*'椀']: 0,72,126,226,80,94,234,234,216,72,90,110,
[8*12*'椁']: 0,72,126,220,84,92,192,220,196,126,72,88,
[8*12*'椄']: 0,72,126,212,84,126,200,254,212,88,76,114,
[8*12*'椅']: 0,72,126,200,84,98,254,194,250,106,122,70,
[8*12*'椈']: 0,80,94,226,74,110,202,254,202,94,106,70,
[8*12*'椋']: 0,72,126,192,92,84,220,200,234,106,72,88,
[8*12*'椌']: 0,72,126,226,84,102,192,220,200,72,72,126,
[8*12*'植']: 0,68,94,228,78,106,238,234,234,110,96,126,
[8*12*'椎']: 0,84,84,222,116,94,212,212,222,84,84,94,
[8*12*'椏']: 0,126,84,212,118,98,226,246,212,84,84,126,
[8*12*'椒']: 0,86,82,218,82,124,212,212,244,90,90,122,
[8*12*'椙']: 0,94,82,222,82,94,192,222,210,94,82,94,
[8*12*'椚']: 0,118,118,246,118,118,226,226,226,98,98,102,
[8*12*'椛']: 0,84,126,212,64,84,212,246,212,84,84,86,
[8*12*'検']: 0,72,84,254,72,126,234,234,254,72,84,98,
[8*12*'椡']: 0,122,82,230,126,86,214,250,210,90,114,70,
[8*12*'椢']: 0,126,98,254,106,106,254,234,234,126,98,126,
[8*12*'椣']: 0,84,84,254,118,126,246,246,254,64,84,98,
[8*12*'椥']: 0,96,102,254,86,86,254,214,214,86,110,72,
[8*12*'椦']: 0,72,92,234,72,126,212,226,200,126,82,102,
[8*12*'椨']: 0,68,126,224,106,110,242,210,218,82,82,86,
[8*12*'椪']: 0,84,126,212,84,118,246,246,212,84,84,126,
[8*12*'椰']: 0,126,86,222,84,86,222,214,214,124,68,68,
[8*12*'椴']: 0,72,86,246,90,80,214,242,218,84,84,90,
[8*12*'椶']: 0,118,106,246,98,126,212,230,204,84,72,118,
[8*12*'椹']: 0,84,126,212,92,84,220,212,254,118,96,126,
[8*12*'椽']: 0,80,92,212,88,126,216,214,236,84,102,88,
[8*12*'椿']: 0,72,92,200,126,84,254,220,246,92,84,92,
[8*12*'楊']: 0,92,84,220,84,126,208,222,234,86,106,86,
[8*12*'楓']: 0,126,102,250,106,126,234,234,254,106,110,90,
[8*12*'楔']: 0,86,126,214,126,86,202,200,254,72,84,98,
[8*12*'楕']: 0,72,126,208,94,100,222,210,222,82,82,86,
[8*12*'楙']: 0,124,76,214,84,124,222,214,246,84,84,116,
[8*12*'楚']: 0,36,254,108,182,36,254,18,92,80,80,190,
[8*12*'楜']: 0,86,86,254,86,86,254,238,238,110,122,74,
[8*12*'楝']: 0,72,126,200,126,126,234,254,200,92,106,72,
[8*12*'楞']: 0,126,106,234,126,72,254,208,222,82,82,102,
[8*12*'楠']: 0,72,126,200,126,98,246,234,254,106,126,106,
[8*12*'楡']: 0,120,84,226,92,64,250,234,252,108,122,106,
[8*12*'楢']: 0,84,72,254,84,126,246,246,226,126,98,126,
[8*12*'楪']: 0,106,126,234,110,96,254,200,254,92,106,72,
[8*12*'楫']: 0,92,84,220,64,126,212,220,212,94,116,68,
[8*12*'業']: 0,170,40,254,40,254,16,124,16,254,84,146,
[8*12*'楮']: 0,72,74,220,72,126,216,254,210,94,82,94,
[8*12*'楯']: 0,66,92,212,94,84,222,218,222,90,106,78,
[8*12*'楳']: 0,84,126,212,92,84,220,200,254,92,106,72,
[8*12*'楴']: 0,72,126,212,84,126,234,200,254,106,106,72,
[8*12*'極']: 0,126,80,216,78,106,234,236,234,74,88,126,
[8*12*'楷']: 0,100,118,228,100,118,200,222,210,94,82,94,
[8*12*'楸']: 0,84,116,212,94,124,212,212,244,116,90,90,
[8*12*'楹']: 0,124,84,214,90,106,210,234,192,92,92,126,
[8*12*'楼']: 0,106,72,254,92,106,200,254,212,88,76,114,
[8*12*'楽']: 0,16,186,108,56,108,186,16,254,56,84,146,
[8*12*'楾']: 0,72,92,212,92,84,220,200,250,92,106,88,
[8*12*'榁']: 0,72,126,226,92,72,212,250,200,92,72,126,
[8*12*'概']: 0,78,124,236,124,108,254,228,236,124,76,86,
[8*12*'榊']: 0,84,84,254,90,90,238,218,218,94,84,84,
[8*12*'榎']: 0,126,72,220,84,92,212,220,204,84,72,118,
[8*12*'榑']: 0,74,126,200,126,106,254,234,196,126,84,76,
[8*12*'榔']: 0,86,126,238,124,110,254,230,230,108,116,68,
[8*12*'榕']: 0,72,126,226,84,98,200,212,226,92,84,92,
[8*12*'榛']: 0,72,92,200,126,84,226,220,200,126,92,106,
[8*12*'榜']: 0,72,126,212,126,98,200,254,208,94,82,102,
[8*12*'榠']: 0,126,98,220,84,92,212,220,200,126,64,98,
[8*12*'榧']: 0,126,84,246,84,118,212,246,212,100,64,126,
[8*12*'榮']: 0,68,238,68,170,254,130,16,254,56,84,146,
[8*12*'榱']: 0,72,126,212,126,84,220,200,218,116,84,90,
[8*12*'榲']: 0,126,106,234,118,98,254,192,220,92,92,126,
[8*12*'榴']: 0,86,102,230,106,118,192,254,234,126,106,126,
[8*12*'榻']: 0,92,84,220,84,126,202,222,234,94,106,74,
[8*12*'榾']: 0,92,84,220,84,126,226,220,212,92,84,84,
[8*12*'榿']: 0,106,126,192,126,64,254,226,254,84,84,126,
[8*12*'槁']: 0,72,126,212,92,64,254,226,254,118,126,98,
[8*12*'槃']: 0,78,234,160,238,164,170,16,254,56,84,146,
[8*12*'槇']: 0,80,94,208,94,74,238,234,238,126,64,98,
[8*12*'槊']: 0,94,250,46,170,254,74,16,254,56,84,146,
[8*12*'構']: 0,84,126,212,126,84,254,220,220,126,84,84,
[8*12*'槌']: 0,98,86,198,70,68,246,214,214,86,80,110,
[8*12*'槍']: 0,72,84,254,64,94,210,222,208,94,106,78,
[8*12*'槎']: 0,84,126,200,92,72,254,208,222,84,100,94,
[8*12*'槐']: 0,72,126,234,126,106,254,216,220,94,104,78,
[8*12*'槓']: 0,92,72,254,84,92,212,220,212,92,64,98,
[8*12*'様']: 0,84,126,200,92,72,254,200,234,92,106,88,
[8*12*'槙']: 0,72,126,200,92,84,220,212,254,64,84,98,
[8*12*'槝']: 0,72,94,210,94,82,222,208,222,106,126,66,
[8*12*'槞']: 0,72,126,212,84,126,234,254,234,126,72,78,
[8*12*'槧']: 0,34,252,104,110,250,34,16,254,56,84,146,
[8*12*'槨']: 0,86,126,198,124,110,254,214,222,116,84,116,
[8*12*'槫']: 0,72,126,220,92,92,250,196,254,68,84,76,
[8*12*'槭']: 0,70,68,254,84,92,212,254,212,124,84,82,
[8*12*'槲']: 0,90,106,206,90,94,218,218,218,94,106,106,
[8*12*'槹']: 0,72,92,212,92,84,220,200,234,72,126,72,
[8*12*'槻']: 0,86,86,254,86,86,254,214,212,84,106,74,
[8*12*'槽']: 0,84,126,212,126,118,254,254,212,92,84,92,
[8*12*'槿']: 0,84,126,212,126,106,254,220,200,92,72,126,
[8*12*'樂']: 0,82,122,172,122,172,254,16,254,56,84,146,
[8*12*'樅']: 0,84,84,234,64,84,212,246,212,84,92,86,
[8*12*'樊']: 0,68,238,84,238,84,108,16,254,16,40,198,
[8*12*'樋']: 0,78,98,196,78,74,254,218,222,90,80,110,
[8*12*'樌']: 0,92,106,254,106,92,212,220,212,92,64,98,
[8*12*'樒']: 0,72,126,234,80,116,218,246,200,106,106,126,
[8*12*'樓']: 0,72,92,254,72,92,220,200,254,84,76,114,
[8*12*'樔']: 0,84,104,212,126,106,254,200,254,92,106,72,
[8*12*'樗']: 0,92,72,254,106,84,192,254,208,94,66,70,
[8*12*'標']: 0,126,84,254,126,64,220,192,254,72,106,88,
[8*12*'樛']: 0,118,82,246,82,72,212,234,196,74,68,88,
[8*12*'樞']: 0,126,96,238,106,110,224,246,246,118,96,126,
[8*12*'樟']: 0,72,126,212,126,84,220,212,220,72,126,72,
[8*12*'模']: 0,84,126,212,126,98,254,200,254,72,84,98,
[8*12*'樢']: 0,72,94,210,94,82,222,208,222,66,106,70,
[8*12*'樣']: 0,84,126,200,126,64,216,202,252,92,106,88,
[8*12*'権']: 0,80,94,232,126,84,222,244,222,84,84,94,
[8*12*'横']: 0,84,126,212,126,72,254,234,254,64,84,98,
[8*12*'樫']: 0,118,98,242,116,116,234,242,200,92,72,126,
[8*12*'樮']: 0,126,84,254,118,126,192,234,236,72,84,98,
[8*12*'樵']: 0,84,94,244,94,84,222,212,222,64,84,106,
[8*12*'樶']: 0,92,84,220,84,126,216,222,218,90,124,74,
[8*12*'樸']: 0,106,72,254,84,126,200,220,200,126,84,98,
[8*12*'樹']: 0,82,122,214,122,66,254,234,250,82,90,118,
[8*12*'樺']: 0,84,126,212,126,92,254,220,254,72,126,72,
[8*12*'樽']: 0,84,126,212,126,118,226,254,196,126,84,76,
[8*12*'橄']: 0,120,84,254,106,122,234,250,236,124,74,74,
[8*12*'橇']: 0,68,88,204,122,78,192,210,228,126,100,118,
[8*12*'橈']: 0,72,92,200,126,84,254,192,254,84,84,102,
[8*12*'橋']: 0,92,72,254,84,98,220,212,254,118,126,98,
[8*12*'橘']: 0,92,68,254,90,104,254,230,250,106,122,102,
[8*12*'橙']: 0,122,84,226,92,64,254,226,254,84,84,126,
[8*12*'機']: 0,90,108,218,108,126,196,254,212,86,84,106,
[8*12*'橡']: 0,76,84,254,106,126,216,214,236,84,102,88,
[8*12*'橢']: 0,116,94,212,110,88,222,218,222,106,78,74,
[8*12*'橦']: 0,72,126,212,84,126,220,220,200,92,72,126,
[8*12*'橲']: 0,72,94,200,94,82,222,212,254,94,82,94,
[8*12*'橸']: 0,92,84,220,84,92,192,254,218,126,90,126,
[8*12*'橿']: 0,126,92,220,92,64,254,220,220,92,64,126,
[8*12*'檀']: 0,72,126,192,126,118,254,220,212,92,64,126,
[8*12*'檄']: 0,84,124,238,122,106,218,250,220,92,106,90,
[8*12*'檍']: 0,72,126,212,126,82,222,210,222,84,114,110,
[8*12*'檎']: 0,72,84,254,106,118,254,200,254,106,110,122,
[8*12*'檐']: 0,76,84,254,90,80,214,208,214,80,110,78,
[8*12*'檗']: 0,100,110,74,228,110,100,16,254,56,84,146,
[8*12*'檜']: 0,72,84,254,64,126,234,254,212,92,84,92,
[8*12*'檠']: 0,84,246,122,138,108,122,16,254,56,84,146,
[8*12*'檢']: 0,72,84,226,92,64,254,234,254,84,84,106,
[8*12*'檣']: 0,72,126,212,84,106,254,192,254,118,126,126,
[8*12*'檪']: 0,72,92,246,92,118,220,200,254,72,92,106,
[8*12*'檬']: 0,84,126,212,126,98,220,218,236,84,102,88,
[8*12*'檮']: 0,72,126,200,126,66,220,200,254,116,116,76,
[8*12*'檳']: 0,72,126,226,92,106,204,244,220,84,92,98,
[8*12*'檸']: 0,72,126,226,84,110,192,254,234,126,72,88,
[8*12*'檻']: 0,116,102,240,112,102,240,192,220,92,92,126,
[8*12*'櫁']: 0,72,126,234,80,74,246,220,212,92,74,126,
[8*12*'櫂']: 0,118,82,246,82,64,212,222,244,94,84,94,
[8*12*'櫃']: 0,126,72,254,106,126,212,220,212,92,98,126,
[8*12*'櫑']: 0,92,92,220,92,92,192,246,246,118,118,118,
[8*12*'櫓']: 0,76,116,220,92,92,234,220,212,92,84,92,
[8*12*'櫚']: 0,118,118,246,98,126,246,234,254,118,126,98,
[8*12*'櫛']: 0,100,118,210,64,118,214,246,198,86,116,68,
[8*12*'櫞']: 0,84,86,230,114,94,228,246,218,118,90,86,
[8*12*'櫟']: 0,90,108,218,108,118,200,254,200,92,106,72,
[8*12*'櫨']: 0,68,70,228,94,84,214,214,208,108,76,94,
[8*12*'櫪']: 0,126,96,234,116,126,244,224,228,86,84,126,
[8*12*'櫺']: 0,92,72,254,106,84,192,254,234,106,106,126,
[8*12*'櫻']: 0,118,118,246,64,106,208,254,212,88,76,114,
[8*12*'欄']: 0,118,118,246,118,106,254,254,234,126,106,98,
[8*12*'欅']: 0,86,106,254,106,126,226,220,200,126,72,88,
[8*12*'權']: 0,84,126,212,118,118,212,222,244,94,84,94,
[8*12*'欒']: 0,90,132,90,132,222,90,16,254,56,84,146,
[8*12*'欖']: 0,116,102,240,102,126,212,220,212,92,84,102,
[8*12*'欝']: 0,68,238,84,254,170,254,226,174,226,138,230,
[8*12*'欟']: 0,110,126,238,110,70,214,254,246,124,116,122,
[8*12*'欠']: 0,64,126,82,84,144,16,16,40,40,68,130,
[8*12*'次']: 0,16,158,82,42,8,8,72,72,148,148,34,
[8*12*'欣']: 0,20,102,74,70,116,84,84,84,90,90,146,
[8*12*'欧']: 0,232,142,218,214,164,164,212,212,138,234,18,
[8*12*'欲']: 0,84,86,138,38,84,84,132,116,90,90,114,
[8*12*'欷']: 0,148,102,154,38,244,68,164,244,170,170,42,
[8*12*'欸']: 0,68,150,250,70,116,164,36,244,42,90,138,
[8*12*'欹']: 0,36,246,42,86,132,244,20,244,186,250,18,
[8*12*'欺']: 0,84,246,90,118,84,116,84,244,10,74,146,
[8*12*'欽']: 0,72,174,10,246,68,228,68,228,202,106,210,
[8*12*'款']: 0,40,254,42,118,4,116,4,244,42,186,106,
[8*12*'歃']: 0,20,102,42,246,36,116,180,244,186,186,242,
[8*12*'歇']: 0,244,150,250,150,244,68,116,212,186,218,58,
[8*12*'歉']: 0,84,246,58,246,52,244,52,244,122,170,42,
[8*12*'歌']: 0,232,46,234,182,228,36,228,164,234,42,114,
[8*12*'歎']: 0,84,246,90,246,180,244,36,244,36,90,138,
[8*12*'歐']: 0,244,134,186,182,132,212,212,212,138,250,10,
[8*12*'歓']: 0,68,118,170,246,36,116,228,116,106,106,114,
[8*12*'歔']: 0,36,54,42,246,164,180,132,84,218,90,234,
[8*12*'歙']: 0,36,86,250,118,4,244,84,244,90,250,82,
[8*12*'歛']: 0,36,86,138,118,4,252,172,252,84,90,170,
[8*12*'歟']: 0,84,150,186,246,180,244,180,244,4,90,146,
[8*12*'歡']: 0,84,246,90,214,212,100,116,228,116,106,122,
[8*12*'止']: 0,16,16,16,80,92,80,80,80,80,80,254,
[8*12*'正']: 0,124,16,16,16,80,92,80,80,80,80,254,
[8*12*'此']: 0,40,40,40,170,188,168,168,168,170,186,206,
[8*12*'武']: 0,4,118,4,254,20,20,92,84,84,90,226,
[8*12*'歩']: 0,16,92,80,80,254,84,150,52,8,16,224,
[8*12*'歪']: 0,254,16,48,84,146,124,16,92,80,80,254,
[8*12*'歯']: 0,16,92,80,254,0,214,146,254,186,214,254,
[8*12*'歳']: 0,16,92,80,254,8,126,72,122,68,116,170,
[8*12*'歴']: 0,126,84,126,84,126,84,68,86,84,84,190,
[8*12*'歸']: 0,78,226,238,130,254,246,68,222,246,214,228,
[8*12*'歹']: 0,254,32,32,60,68,164,24,8,16,32,192,
[8*12*'死']: 0,254,72,72,106,172,168,104,40,42,74,142,
[8*12*'歿']: 0,232,78,82,100,174,162,106,36,36,74,146,
[8*12*'殀']: 0,226,76,68,100,190,164,100,36,42,74,146,
[8*12*'殃']: 0,228,78,74,106,170,190,100,36,36,74,146,
[8*12*'殄']: 0,228,74,80,100,168,162,100,40,34,68,152,
[8*12*'殆']: 0,228,68,72,106,190,160,110,42,42,74,142,
[8*12*'殉']: 0,232,78,82,122,170,186,106,42,58,66,140,
[8*12*'殊']: 0,228,84,94,116,164,190,100,36,44,86,132,
[8*12*'残']: 0,234,78,88,110,184,174,120,42,36,76,146,
[8*12*'殍']: 0,236,64,84,106,160,172,100,62,40,72,152,
[8*12*'殕']: 0,228,94,74,106,190,160,110,42,42,74,142,
[8*12*'殖']: 0,228,94,68,110,170,174,106,42,46,96,190,
[8*12*'殘']: 0,234,92,74,100,170,160,106,60,42,68,154,
[8*12*'殞']: 0,254,82,94,96,190,178,126,50,62,64,146,
[8*12*'殤']: 0,232,78,90,110,170,190,104,46,54,74,150,
[8*12*'殪']: 0,228,94,68,126,178,172,96,46,42,68,158,
[8*12*'殫']: 0,246,118,64,126,170,190,106,62,40,126,136,
[8*12*'殯']: 0,232,94,82,108,170,180,108,44,44,64,146,
[8*12*'殱']: 0,214,124,84,126,180,188,118,60,52,92,178,
[8*12*'殲']: 0,212,86,108,68,190,180,124,54,60,84,186,
[8*12*'殳']: 0,124,68,68,70,188,4,40,40,16,40,198,
[8*12*'殴']: 0,238,138,218,208,174,170,218,212,132,234,18,
[8*12*'段']: 0,46,74,74,96,78,98,74,100,196,74,82,
[8*12*'殷']: 0,46,202,170,224,174,226,138,228,164,42,114,
[8*12*'殺']: 0,30,218,42,80,142,42,250,36,116,170,42,
[8*12*'殻']: 0,46,250,42,112,14,250,138,116,84,90,138,
[8*12*'殼']: 0,46,250,42,240,142,122,10,116,84,90,138,
[8*12*'殿']: 0,126,74,122,64,110,122,106,124,68,106,170,
[8*12*'毀']: 0,78,186,154,208,158,250,42,116,36,58,202,
[8*12*'毅']: 0,46,250,90,80,254,58,106,180,84,154,106,
[8*12*'毆']: 0,238,138,186,176,142,218,218,212,132,250,10,
[8*12*'毋']: 0,124,84,84,84,254,84,148,148,254,4,24,
[8*12*'母']: 0,124,68,84,68,254,68,164,132,254,4,24,
[8*12*'毎']: 0,64,126,128,124,84,254,84,148,254,4,24,
[8*12*'毒']: 0,16,124,16,124,16,254,84,254,84,126,12,
[8*12*'毓']: 0,68,126,136,114,94,240,90,154,250,42,106,
[8*12*'比']: 0,72,72,72,74,124,72,72,72,74,122,206,
[8*12*'毘']: 0,124,84,124,84,84,124,74,108,72,106,206,
[8*12*'毛']: 0,12,112,16,30,240,16,30,240,16,18,30,
[8*12*'毟']: 0,16,84,146,52,24,224,28,112,28,242,30,
[8*12*'毫']: 0,16,254,68,124,0,254,138,112,28,242,30,
[8*12*'毬']: 0,38,196,94,100,214,68,108,214,76,66,126,
[8*12*'毯']: 0,36,214,68,90,196,86,84,196,90,64,126,
[8*12*'毳']: 0,12,112,30,240,30,0,102,204,102,204,102,
[8*12*'氈']: 0,34,252,4,246,220,244,102,108,100,52,198,
[8*12*'氏']: 0,4,120,72,72,72,126,72,72,68,100,194,
[8*12*'民']: 0,124,68,68,124,72,72,126,72,72,100,194,
[8*12*'氓']: 0,94,82,242,158,148,148,158,148,148,114,26,
[8*12*'气']: 0,64,124,128,124,0,252,4,4,4,4,2,
[8*12*'気']: 0,64,124,128,124,0,252,20,84,36,84,130,
[8*12*'氛']: 0,64,124,128,124,0,252,84,140,116,84,178,
[8*12*'氣']: 0,64,124,128,124,0,252,172,36,252,116,170,
[8*12*'氤']: 0,64,124,128,124,0,252,172,252,172,220,250,
[8*12*'水']: 0,16,16,18,244,56,48,88,84,146,16,48,
[8*12*'氷']: 0,16,84,84,24,240,56,56,84,84,146,48,
[8*12*'永']: 0,48,8,48,20,244,56,56,84,84,146,48,
[8*12*'氾']: 0,158,82,18,146,82,22,16,80,82,146,158,
[8*12*'汀']: 0,190,68,4,132,68,4,4,68,68,132,140,
[8*12*'汁']: 0,136,72,8,136,126,8,8,72,72,136,136,
[8*12*'求']: 0,20,16,254,16,84,88,16,56,84,146,48,
[8*12*'汎']: 0,188,36,36,180,44,44,36,164,164,164,198,
[8*12*'汐']: 0,136,72,14,146,18,42,6,68,68,136,176,
[8*12*'汕']: 0,136,8,8,170,42,42,42,170,170,170,190,
[8*12*'汗']: 0,156,72,8,136,126,8,8,72,72,136,136,
[8*12*'汚']: 0,156,72,8,190,80,16,30,66,66,130,134,
[8*12*'汝']: 0,136,72,8,190,84,20,20,88,72,148,162,
[8*12*'汞']: 0,124,16,16,254,16,218,90,84,84,146,48,
[8*12*'江']: 0,128,92,8,136,72,8,8,72,72,136,190,
[8*12*'池']: 0,132,84,22,158,54,22,20,84,82,146,158,
[8*12*'汢']: 0,136,72,8,156,72,8,8,72,72,136,190,
[8*12*'汨']: 0,190,34,34,162,34,62,34,162,162,162,190,
[8*12*'汪']: 0,190,72,8,136,72,28,8,72,72,136,190,
[8*12*'汰']: 0,136,72,62,136,72,20,20,84,82,170,162,
[8*12*'汲']: 0,188,84,20,148,86,18,26,90,84,164,154,
[8*12*'汳']: 0,158,80,16,158,82,26,26,84,100,170,146,
[8*12*'決']: 0,136,94,10,138,10,62,8,72,84,148,162,
[8*12*'汽']: 0,144,30,32,156,0,60,4,68,68,132,130,
[8*12*'汾']: 0,148,84,20,162,64,30,10,74,82,146,166,
[8*12*'沁']: 0,144,8,0,144,20,50,50,176,148,148,156,
[8*12*'沂']: 0,132,88,16,144,94,20,20,84,84,164,132,
[8*12*'沃']: 0,132,88,8,136,126,8,8,72,84,148,162,
[8*12*'沈']: 0,136,62,42,170,8,12,12,76,84,148,166,
[8*12*'沌']: 0,136,14,56,136,42,42,62,136,136,138,142,
[8*12*'沍']: 0,190,16,16,158,18,34,36,188,132,132,190,
[8*12*'沐']: 0,136,8,62,136,28,28,28,170,170,136,136,
[8*12*'沒']: 0,144,94,18,164,92,4,20,72,72,148,162,
[8*12*'沓']: 0,16,242,60,84,146,124,68,124,68,68,124,
[8*12*'沖']: 0,136,72,62,170,106,42,62,72,72,136,136,
[8*12*'沙']: 0,136,72,44,170,74,8,26,66,68,136,176,
[8*12*'沚']: 0,132,68,4,148,86,20,20,84,84,148,190,
[8*12*'沛']: 0,136,62,8,136,62,42,42,170,170,136,136,
[8*12*'没']: 0,156,84,20,166,92,4,20,72,72,148,162,
[8*12*'沢']: 0,158,82,18,158,84,20,20,84,84,146,162,
[8*12*'沫']: 0,136,8,62,136,8,28,8,136,156,170,136,
[8*12*'沮']: 0,156,84,20,156,84,20,28,84,84,148,190,
[8*12*'沱']: 0,136,62,34,144,18,20,24,80,82,146,158,
[8*12*'河']: 0,190,2,58,170,42,42,42,186,130,130,134,
[8*12*'沸']: 0,148,62,22,190,52,52,62,150,150,148,164,
[8*12*'油']: 0,136,8,62,170,42,62,42,170,170,170,190,
[8*12*'沺']: 0,190,42,42,170,42,62,42,170,170,170,190,
[8*12*'治']: 0,136,72,16,148,122,0,28,84,84,148,156,
[8*12*'沼']: 0,158,74,10,138,86,0,30,82,82,146,158,
[8*12*'沽']: 0,132,68,30,132,68,4,30,82,82,146,158,
[8*12*'沾']: 0,136,72,8,142,72,8,30,82,82,146,158,
[8*12*'沿']: 0,148,84,20,148,34,0,28,84,84,148,156,
[8*12*'況']: 0,190,98,34,162,126,20,20,84,84,148,166,
[8*12*'泄']: 0,170,42,42,190,42,42,42,174,160,160,190,
[8*12*'泅']: 0,190,34,42,170,42,42,42,182,162,162,190,
[8*12*'泉']: 0,16,124,68,124,68,124,16,218,84,146,48,
[8*12*'泊']: 0,136,8,62,162,34,62,34,162,162,162,190,
[8*12*'泌']: 0,144,8,2,146,20,52,58,184,146,146,174,
[8*12*'泓']: 0,180,20,20,180,36,36,56,152,154,154,190,
[8*12*'法']: 0,136,72,28,136,72,62,8,72,80,148,186,
[8*12*'泗']: 0,190,54,54,182,54,54,54,162,162,162,190,
[8*12*'泙']: 0,190,8,28,170,8,8,62,136,136,136,136,
[8*12*'泛']: 0,132,56,8,188,4,8,8,168,176,176,206,
[8*12*'泝']: 0,132,88,16,144,94,20,28,84,86,164,132,
[8*12*'泡']: 0,144,94,18,186,74,10,26,86,80,146,158,
[8*12*'波']: 0,136,62,42,170,60,36,52,168,200,148,162,
[8*12*'泣']: 0,136,72,62,132,84,20,20,84,72,136,190,
[8*12*'泥']: 0,190,34,34,190,40,42,44,168,168,202,142,
[8*12*'注']: 0,144,72,62,136,72,8,28,72,72,136,190,
[8*12*'泪']: 0,190,34,34,190,34,34,62,162,162,162,190,
[8*12*'泯']: 0,190,34,34,190,40,40,62,168,164,164,178,
[8*12*'泰']: 0,16,124,16,124,40,254,68,214,56,214,48,
[8*12*'泱']: 0,136,62,42,170,42,126,8,72,84,148,162,
[8*12*'泳']: 0,152,64,24,138,122,28,28,92,106,170,152,
[8*12*'洋']: 0,148,72,62,136,72,28,8,72,126,136,136,
[8*12*'洌']: 0,186,82,18,154,42,42,26,74,74,146,166,
[8*12*'洒']: 0,190,20,20,190,54,54,54,162,162,162,190,
[8*12*'洗']: 0,136,40,62,168,72,126,20,148,148,164,198,
[8*12*'洙']: 0,136,88,28,168,8,62,8,72,92,170,136,
[8*12*'洛']: 0,144,28,20,168,8,20,34,156,148,148,156,
[8*12*'洞']: 0,190,34,62,162,62,54,54,182,190,162,166,
[8*12*'洟']: 0,136,62,8,190,10,62,40,190,138,148,162,
[8*12*'津']: 0,136,62,10,190,10,62,8,92,72,190,136,
[8*12*'洩']: 0,136,62,42,190,42,62,8,74,68,140,178,
[8*12*'洪']: 0,148,20,62,148,20,20,62,128,148,148,162,
[8*12*'洫']: 0,144,16,60,172,44,44,44,172,172,172,254,
[8*12*'洲']: 0,170,42,42,190,126,126,42,170,170,170,202,
[8*12*'洳']: 0,160,46,42,250,90,90,106,170,170,218,142,
[8*12*'洵']: 0,160,62,66,186,42,58,42,170,186,130,140,
[8*12*'洶']: 0,144,30,34,150,10,42,54,162,190,130,134,
[8*12*'洸']: 0,136,42,42,136,62,20,20,84,84,148,166,
[8*12*'活']: 0,130,92,4,132,94,4,4,94,82,146,158,
[8*12*'洽']: 0,136,20,34,156,0,0,62,162,162,162,190,
[8*12*'派']: 0,132,56,34,188,52,52,54,180,180,212,146,
[8*12*'流']: 0,136,62,8,146,62,0,42,170,170,170,202,
[8*12*'浄']: 0,156,20,36,190,10,126,10,190,136,136,152,
[8*12*'浅']: 0,138,14,56,142,56,14,56,138,132,140,178,
[8*12*'浙']: 0,146,20,60,148,22,30,54,150,154,146,178,
[8*12*'浚']: 0,136,18,62,148,38,16,28,180,136,148,162,
[8*12*'浜']: 0,132,88,16,158,84,20,62,64,84,148,162,
[8*12*'浣']: 0,136,62,34,156,0,62,20,84,84,148,166,
[8*12*'浤']: 0,136,62,34,136,62,16,20,164,168,202,158,
[8*12*'浦']: 0,138,62,8,190,42,62,42,190,170,170,170,
[8*12*'浩']: 0,148,94,20,164,30,0,30,82,82,146,158,
[8*12*'浪']: 0,136,60,36,188,36,60,40,170,164,180,226,
[8*12*'浬']: 0,190,42,62,170,42,62,8,92,72,136,190,
[8*12*'浮']: 0,134,56,42,128,28,4,8,190,136,136,152,
[8*12*'浴']: 0,148,20,34,136,20,20,34,156,148,148,156,
[8*12*'海']: 0,144,30,32,158,42,126,42,170,190,130,140,
[8*12*'浸']: 0,156,68,28,132,62,34,28,84,72,148,162,
[8*12*'浹']: 0,136,62,8,156,28,28,42,136,136,148,162,
[8*12*'涅']: 0,190,34,62,162,62,8,8,92,72,136,190,
[8*12*'消']: 0,170,42,8,190,34,62,34,190,162,162,166,
[8*12*'涌']: 0,190,4,8,190,42,62,42,190,170,170,170,
[8*12*'涎']: 0,178,28,20,164,54,20,20,180,158,144,174,
[8*12*'涓']: 0,158,82,30,128,94,18,30,82,94,146,150,
[8*12*'涕']: 0,148,8,62,138,62,40,62,138,154,174,136,
[8*12*'涙']: 0,158,64,30,146,94,20,30,84,100,138,146,
[8*12*'涛']: 0,136,60,8,188,8,126,20,254,164,212,140,
[8*12*'涜']: 0,136,62,8,156,0,62,34,148,148,148,166,
[8*12*'涯']: 0,190,36,46,164,62,36,36,174,164,196,158,
[8*12*'液']: 0,136,126,20,150,42,38,106,164,164,170,178,
[8*12*'涵']: 0,190,16,24,170,62,42,42,190,170,162,190,
[8*12*'涸']: 0,190,34,42,190,42,62,54,182,190,162,190,
[8*12*'涼']: 0,136,62,0,156,20,28,8,170,170,136,152,
[8*12*'淀']: 0,136,62,34,156,8,8,46,168,168,168,222,
[8*12*'淅']: 0,146,28,56,152,30,58,58,186,146,146,146,
[8*12*'淆']: 0,178,12,50,136,62,16,30,178,158,146,150,
[8*12*'淇']: 0,148,62,20,156,20,28,20,190,128,148,162,
[8*12*'淋']: 0,148,20,126,148,20,60,60,222,148,148,148,
[8*12*'淌']: 0,136,28,42,136,62,34,62,182,182,190,162,
[8*12*'淑']: 0,150,82,26,146,122,20,52,180,218,154,178,
[8*12*'淒']: 0,136,62,8,190,10,62,8,190,148,140,178,
[8*12*'淕']: 0,136,28,8,190,20,38,8,92,72,136,190,
[8*12*'淘']: 0,144,30,50,158,42,30,10,170,190,130,134,
[8*12*'淙']: 0,136,62,34,156,0,62,8,170,170,136,152,
[8*12*'淞']: 0,170,42,122,160,36,100,116,232,170,170,174,
[8*12*'淡']: 0,136,42,44,148,34,8,42,172,136,148,162,
[8*12*'淤']: 0,164,42,122,160,36,50,82,208,212,146,178,
[8*12*'淦']: 0,136,20,34,156,8,62,8,170,170,136,190,
[8*12*'淨']: 0,156,20,42,128,62,10,126,138,190,136,152,
[8*12*'淪']: 0,136,20,34,156,0,62,42,190,170,170,170,
[8*12*'淫']: 0,134,56,42,170,4,56,8,190,136,136,190,
[8*12*'淬']: 0,136,62,20,148,42,8,8,190,136,136,136,
[8*12*'淮']: 0,148,84,30,180,94,20,20,94,84,148,158,
[8*12*'深']: 0,190,34,20,166,8,62,8,92,92,170,136,
[8*12*'淳']: 0,136,126,28,148,92,0,28,68,126,136,152,
[8*12*'淵']: 0,170,42,42,182,34,62,34,182,170,170,202,
[8*12*'混']: 0,190,34,62,162,62,36,36,182,164,164,182,
[8*12*'淹']: 0,136,62,20,170,62,42,62,170,190,136,142,
[8*12*'淺']: 0,138,60,10,132,26,0,10,188,138,132,154,
[8*12*'添']: 0,132,24,8,190,20,34,8,170,174,138,152,
[8*12*'清']: 0,136,92,8,156,8,62,20,92,84,156,148,
[8*12*'渇']: 0,158,82,30,146,94,8,30,122,82,154,134,
[8*12*'済']: 0,136,62,20,136,54,20,28,84,92,148,164,
[8*12*'渉']: 0,136,44,40,168,126,8,42,218,132,136,176,
[8*12*'渊']: 0,170,42,62,190,42,62,42,190,190,170,202,
[8*12*'渋']: 0,132,86,20,148,62,0,34,84,64,148,162,
[8*12*'渓']: 0,134,56,42,170,8,28,8,190,136,148,162,
[8*12*'渕']: 0,170,42,6,190,22,22,58,146,146,170,170,
[8*12*'渙']: 0,140,84,4,190,42,54,34,126,72,148,162,
[8*12*'渚']: 0,136,74,28,136,62,16,30,114,94,146,158,
[8*12*'減']: 0,138,72,62,164,124,36,62,108,108,186,138,
[8*12*'渝']: 0,184,20,34,156,0,58,42,188,172,186,170,
[8*12*'渟']: 0,136,62,20,156,0,62,34,156,136,136,152,
[8*12*'渠']: 0,158,80,158,18,94,144,30,254,56,84,146,
[8*12*'渡']: 0,132,62,42,190,42,46,32,174,170,196,154,
[8*12*'渣']: 0,136,62,28,170,28,20,28,84,92,148,190,
[8*12*'渤']: 0,148,60,22,190,38,30,14,186,146,146,182,
[8*12*'渥']: 0,158,82,30,144,94,24,30,84,94,164,158,
[8*12*'渦']: 0,156,84,28,148,20,62,34,190,182,190,162,
[8*12*'温']: 0,158,82,30,146,94,0,30,86,86,150,190,
[8*12*'渫']: 0,170,62,42,174,32,62,8,190,136,156,170,
[8*12*'測']: 0,186,42,62,174,62,46,42,186,130,170,170,
[8*12*'渭']: 0,190,42,62,170,62,20,28,84,92,148,148,
[8*12*'渮']: 0,148,62,20,128,62,2,58,170,170,186,134,
[8*12*'港']: 0,148,62,20,190,20,34,28,68,92,146,158,
[8*12*'游']: 0,164,38,120,166,34,52,94,82,82,146,182,
[8*12*'渺']: 0,186,42,46,190,46,42,58,168,170,170,188,
[8*12*'渾']: 0,190,34,8,190,8,62,42,190,136,190,136,
[8*12*'湃']: 0,142,52,30,148,62,20,20,190,148,148,164,
[8*12*'湊']: 0,136,62,8,190,20,126,34,220,190,148,162,
[8*12*'湍']: 0,170,42,62,128,62,16,62,170,170,170,170,
[8*12*'湎']: 0,190,8,16,190,54,62,54,190,182,182,190,
[8*12*'湖']: 0,174,42,122,174,42,122,94,218,218,242,150,
[8*12*'湘']: 0,174,42,122,174,42,106,126,234,170,170,174,
[8*12*'湛']: 0,148,62,20,156,20,28,20,190,182,160,190,
[8*12*'湟']: 0,136,92,20,156,84,28,62,72,92,136,190,
[8*12*'湧']: 0,190,4,62,170,62,42,62,136,190,146,166,
[8*12*'湫']: 0,148,52,20,158,60,20,20,180,186,154,154,
[8*12*'湮']: 0,190,20,62,182,54,62,8,92,72,136,190,
[8*12*'湯']: 0,156,84,28,148,62,16,30,170,150,170,150,
[8*12*'湲']: 0,156,42,0,156,8,62,16,156,180,136,182,
[8*12*'湶']: 0,136,92,20,156,84,28,8,122,92,170,152,
[8*12*'湾']: 0,136,62,20,182,28,4,28,80,94,130,134,
[8*12*'湿']: 0,190,34,62,162,62,20,20,182,148,148,190,
[8*12*'満']: 0,148,62,20,190,8,62,42,190,190,162,166,
[8*12*'溂']: 0,146,58,18,186,58,58,58,146,186,210,150,
[8*12*'溌']: 0,184,42,20,162,0,62,20,190,148,148,166,
[8*12*'溏']: 0,132,62,36,174,38,62,36,190,210,146,158,
[8*12*'源']: 0,190,36,46,170,46,42,46,164,182,196,140,
[8*12*'準']: 0,148,30,180,30,84,158,16,254,16,16,16,
[8*12*'溘']: 0,136,28,8,190,8,20,58,128,156,156,190,
[8*12*'溜']: 0,150,38,38,170,54,0,62,170,190,170,190,
[8*12*'溝']: 0,148,62,20,190,20,62,28,156,190,148,148,
[8*12*'溟']: 0,190,34,28,148,28,20,28,136,190,128,162,
[8*12*'溢']: 0,148,8,62,148,20,34,28,92,92,156,190,
[8*12*'溥']: 0,138,62,8,190,42,62,42,132,190,148,140,
[8*12*'溪']: 0,156,42,16,136,20,58,8,190,136,148,162,
[8*12*'溯']: 0,174,26,122,158,90,90,126,154,170,202,150,
[8*12*'溲']: 0,150,42,62,170,62,8,28,68,84,136,182,
[8*12*'溶']: 0,136,62,34,148,34,8,20,162,156,148,156,
[8*12*'溷']: 0,190,34,62,170,54,46,54,166,170,162,190,
[8*12*'溺']: 0,182,18,54,164,54,18,54,218,182,218,182,
[8*12*'溽']: 0,190,32,44,160,62,84,26,132,254,148,140,
[8*12*'滂']: 0,136,62,20,190,34,8,62,144,158,146,166,
[8*12*'滄']: 0,136,84,62,128,94,18,30,80,94,170,142,
[8*12*'滅']: 0,138,8,126,196,124,84,126,252,212,148,170,
[8*12*'滉']: 0,156,84,28,148,28,42,8,126,84,148,166,
[8*12*'滋']: 0,148,8,62,146,18,36,18,146,164,164,182,
[8*12*'滌']: 0,148,22,42,180,122,52,62,180,190,180,164,
[8*12*'滑']: 0,156,84,28,148,62,34,28,84,92,148,148,
[8*12*'滓']: 0,136,62,34,136,62,20,62,136,190,136,136,
[8*12*'滔']: 0,156,0,20,170,0,22,34,182,162,162,190,
[8*12*'滕']: 0,232,188,170,232,190,180,234,188,172,186,168,
[8*12*'滝']: 0,136,62,20,148,126,42,62,170,190,136,142,
[8*12*'滞']: 0,170,126,42,190,0,126,74,190,170,170,136,
[8*12*'滬']: 0,190,0,62,162,62,32,62,170,190,224,190,
[8*12*'滯']: 0,148,62,20,170,0,62,42,136,190,170,136,
[8*12*'滲']: 0,136,16,26,164,54,28,42,148,138,132,152,
[8*12*'滴']: 0,136,62,20,190,42,62,42,190,182,190,162,
[8*12*'滷']: 0,136,14,8,190,42,54,42,170,182,170,190,
[8*12*'滸']: 0,184,14,52,132,52,14,52,132,180,180,180,
[8*12*'滾']: 0,136,62,20,162,28,20,28,154,180,148,154,
[8*12*'滿']: 0,148,62,20,156,8,62,42,190,190,170,170,
[8*12*'漁']: 0,156,20,36,190,42,62,42,190,128,148,170,
[8*12*'漂']: 0,190,20,62,190,0,28,0,190,136,170,152,
[8*12*'漆']: 0,136,62,28,170,20,34,8,170,156,170,152,
[8*12*'漉']: 0,136,62,52,190,54,62,36,182,164,228,182,
[8*12*'漏']: 0,190,34,62,160,62,40,62,170,190,234,170,
[8*12*'漑']: 0,144,62,54,182,54,46,52,164,180,164,170,
[8*12*'漓']: 0,136,62,20,170,54,62,8,190,170,174,186,
[8*12*'演']: 0,136,62,34,156,8,62,42,190,170,156,162,
[8*12*'漕']: 0,148,62,20,190,54,62,62,148,156,148,156,
[8*12*'漠']: 0,148,62,20,190,34,62,8,190,136,148,162,
[8*12*'漢']: 0,148,62,20,190,42,62,8,190,136,148,162,
[8*12*'漣']: 0,164,30,4,158,22,126,36,190,164,160,222,
[8*12*'漫']: 0,156,84,28,148,62,42,62,84,72,148,162,
[8*12*'漬']: 0,136,92,8,156,8,62,20,92,84,156,162,
[8*12*'漱']: 0,148,54,26,190,60,60,60,148,180,218,146,
[8*12*'漲']: 0,182,20,22,180,38,36,62,148,148,148,186,
[8*12*'漸']: 0,146,60,20,188,62,58,58,186,146,186,146,
[8*12*'漾']: 0,148,62,8,190,0,24,10,188,156,170,152,
[8*12*'漿']: 0,166,234,36,254,106,166,16,244,88,150,48,
[8*12*'潁']: 0,142,228,142,250,46,42,254,106,174,48,106,
[8*12*'潅']: 0,144,30,40,190,20,30,52,158,148,148,158,
[8*12*'潔']: 0,150,62,22,186,22,40,18,190,136,170,136,
[8*12*'潘']: 0,156,8,42,190,28,42,62,170,190,170,190,
[8*12*'潛']: 0,148,62,60,190,20,42,28,84,92,148,156,
[8*12*'潜']: 0,148,62,20,190,20,42,28,84,92,148,156,
[8*12*'潟']: 0,150,34,54,162,62,16,62,130,170,170,134,
[8*12*'潤']: 0,182,54,54,182,34,62,42,190,170,190,162,
[8*12*'潦']: 0,136,62,8,170,20,62,20,92,72,170,152,
[8*12*'潭']: 0,190,20,62,190,20,28,20,92,72,190,136,
[8*12*'潮']: 0,174,122,42,254,90,122,94,250,170,242,166,
[8*12*'潯']: 0,156,4,62,132,62,26,62,132,190,148,140,
[8*12*'潰']: 0,136,62,42,190,20,28,20,92,84,156,162,
[8*12*'潴']: 0,164,36,30,148,62,24,30,186,158,154,174,
[8*12*'潸']: 0,148,62,20,190,20,0,28,84,92,148,172,
[8*12*'潺']: 0,190,34,62,162,46,36,62,170,190,202,148,
[8*12*'潼']: 0,136,62,20,148,62,28,28,72,92,136,190,
[8*12*'澀']: 0,190,22,62,150,42,0,20,158,180,188,182,
[8*12*'澁']: 0,136,46,40,168,126,0,36,182,164,180,230,
[8*12*'澂']: 0,148,60,62,134,62,6,62,148,188,148,186,
[8*12*'澄']: 0,186,20,34,156,0,62,34,190,148,148,190,
[8*12*'澆']: 0,136,28,8,190,20,62,0,190,148,148,166,
[8*12*'澎']: 0,146,58,20,184,2,58,44,184,146,154,180,
[8*12*'澑']: 0,190,20,54,182,20,62,42,190,170,170,190,
[8*12*'澗']: 0,182,54,54,182,34,62,54,190,182,190,162,
[8*12*'澡']: 0,156,20,28,190,42,62,8,190,156,170,136,
[8*12*'澣']: 0,148,58,16,190,52,52,62,180,148,180,148,
[8*12*'澤']: 0,190,42,62,136,28,62,20,190,136,190,136,
[8*12*'澪']: 0,156,8,62,170,20,8,20,190,138,142,136,
[8*12*'澱']: 0,190,42,58,160,46,58,42,188,196,170,170,
[8*12*'澳']: 0,136,62,38,186,42,62,42,190,136,148,162,
[8*12*'澹']: 0,156,100,62,182,32,46,32,174,160,206,142,
[8*12*'激']: 0,148,60,46,186,42,26,58,156,156,170,154,
[8*12*'濁']: 0,190,42,62,144,30,42,62,190,138,142,178,
[8*12*'濂']: 0,136,62,52,190,52,62,54,190,212,182,148,
[8*12*'濃']: 0,148,62,54,190,0,62,32,190,180,212,154,
[8*12*'濆']: 0,136,62,20,190,20,28,20,92,84,156,162,
[8*12*'濔']: 0,190,28,42,190,42,54,42,182,170,182,170,
[8*12*'濕']: 0,190,34,62,146,36,18,36,182,128,148,170,
[8*12*'濘']: 0,136,62,34,148,46,0,62,170,190,136,152,
[8*12*'濛']: 0,148,62,20,190,34,28,26,172,148,166,152,
[8*12*'濟']: 0,136,62,8,182,20,42,28,84,92,148,164,
[8*12*'濠']: 0,136,62,20,156,62,34,28,174,148,166,152,
[8*12*'濡']: 0,156,8,62,170,0,62,8,190,170,170,170,
[8*12*'濤']: 0,136,62,8,190,2,28,8,190,180,180,140,
[8*12*'濫']: 0,180,38,48,176,38,48,0,92,92,156,190,
[8*12*'濬']: 0,136,14,8,190,34,20,42,148,190,148,156,
[8*12*'濮']: 0,170,40,62,180,126,40,60,168,190,180,162,
[8*12*'濯']: 0,182,18,54,146,54,20,30,180,158,148,158,
[8*12*'濱']: 0,136,62,34,156,42,12,52,156,148,156,162,
[8*12*'濳']: 0,148,30,44,190,20,42,28,84,92,148,156,
[8*12*'濶']: 0,182,54,54,166,58,42,62,170,182,190,162,
[8*12*'濺']: 0,182,60,54,180,58,48,54,188,134,164,170,
[8*12*'濾']: 0,136,14,8,190,40,46,44,172,208,178,174,
[8*12*'瀁']: 0,148,62,8,190,20,42,28,84,94,148,186,
[8*12*'瀉']: 0,136,126,82,172,36,60,16,190,194,170,166,
[8*12*'瀋']: 0,136,62,34,156,42,62,28,170,190,170,190,
[8*12*'瀏']: 0,146,38,38,182,10,22,62,138,158,142,186,
[8*12*'瀑']: 0,190,34,62,148,62,20,126,170,156,170,152,
[8*12*'瀕']: 0,174,52,46,170,126,42,110,170,158,160,202,
[8*12*'瀘']: 0,136,14,8,190,40,46,44,160,172,204,158,
[8*12*'瀚']: 0,148,58,16,190,50,54,58,182,154,178,150,
[8*12*'瀛']: 0,136,126,32,190,0,54,190,182,190,170,214,
[8*12*'瀝']: 0,190,32,42,180,62,52,32,164,214,148,190,
[8*12*'瀞']: 0,150,58,20,190,22,126,46,190,170,186,170,
[8*12*'瀟']: 0,148,62,20,190,10,126,54,182,162,182,214,
[8*12*'瀦']: 0,180,20,46,148,62,88,30,186,222,154,174,
[8*12*'瀧']: 0,148,126,44,174,122,46,60,174,188,172,174,
[8*12*'瀬']: 0,174,116,46,250,126,122,126,170,254,160,170,
[8*12*'瀰']: 0,190,20,26,180,42,46,58,158,154,158,186,
[8*12*'瀲']: 0,148,44,70,190,6,126,86,252,172,170,210,
[8*12*'瀾']: 0,182,54,54,182,42,62,62,170,190,170,162,
[8*12*'灌']: 0,148,62,20,182,54,20,30,180,158,148,158,
[8*12*'灑']: 0,182,54,42,136,62,44,62,164,182,228,182,
[8*12*'灘']: 0,170,122,46,252,86,124,20,190,148,180,206,
[8*12*'灣']: 0,154,44,26,172,22,62,28,80,94,130,134,
[8*12*'火']: 0,16,16,82,84,88,144,16,40,40,68,130,
[8*12*'灯']: 0,94,68,68,228,196,196,68,68,100,164,140,
[8*12*'灰']: 0,126,64,72,106,108,104,72,72,84,84,162,
[8*12*'灸']: 0,32,60,68,24,230,16,84,88,16,40,198,
[8*12*'灼']: 0,80,94,98,194,210,202,74,66,98,162,140,
[8*12*'災']: 0,84,84,168,84,84,0,84,88,16,40,198,
[8*12*'炉']: 0,94,64,94,242,210,210,94,80,80,160,160,
[8*12*'炊']: 0,80,94,82,234,200,200,72,72,84,84,162,
[8*12*'炎']: 0,16,84,88,40,198,16,84,88,16,40,198,
[8*12*'炒']: 0,72,72,92,218,234,200,90,66,68,168,176,
[8*12*'炙']: 0,32,60,84,168,16,224,16,84,88,40,198,
[8*12*'炬']: 0,94,80,80,222,210,210,94,80,80,176,158,
[8*12*'炭']: 0,146,254,0,126,72,106,106,108,72,84,162,
[8*12*'炮']: 0,80,94,98,222,212,212,92,80,82,178,158,
[8*12*'炯']: 0,94,82,82,222,214,214,86,94,82,178,150,
[8*12*'炳']: 0,126,72,72,254,234,234,106,118,98,162,166,
[8*12*'炸']: 0,80,94,104,200,206,200,72,78,104,168,136,
[8*12*'点']: 0,16,16,28,16,124,68,68,124,0,84,170,
[8*12*'為']: 0,80,16,248,40,60,68,126,130,42,170,134,
[8*12*'烈']: 0,242,74,106,170,106,42,66,134,0,84,170,
[8*12*'烋']: 0,40,62,72,92,220,106,106,72,0,84,170,
[8*12*'烏']: 0,16,124,68,124,64,126,64,126,2,170,134,
[8*12*'烙']: 0,80,92,84,232,200,212,98,92,84,180,156,
[8*12*'烝']: 0,124,8,16,218,84,84,146,124,0,84,170,
[8*12*'烟']: 0,126,98,106,254,234,234,106,118,98,162,190,
[8*12*'烱']: 0,126,118,118,246,226,254,118,118,126,162,166,
[8*12*'烹']: 0,16,254,68,124,0,124,8,16,48,0,170,
[8*12*'烽']: 0,76,84,72,246,200,220,72,92,72,190,136,
[8*12*'焉']: 0,254,16,92,80,254,64,124,64,126,2,170,
[8*12*'焔']: 0,72,78,82,196,238,234,106,110,106,170,174,
[8*12*'焙']: 0,72,126,84,212,254,192,92,84,84,180,156,
[8*12*'焚']: 0,36,254,108,182,36,16,84,84,16,40,198,
[8*12*'焜']: 0,126,98,126,226,254,228,100,118,100,164,182,
[8*12*'無']: 0,64,126,212,84,254,84,84,254,0,84,170,
[8*12*'焦']: 0,40,62,80,252,80,124,80,126,0,84,170,
[8*12*'然']: 0,70,116,94,180,84,36,74,138,0,84,170,
[8*12*'焼']: 0,72,92,72,212,254,212,64,126,84,148,166,
[8*12*'煉']: 0,72,126,72,254,234,254,106,126,72,156,170,
[8*12*'煌']: 0,72,92,84,220,212,220,126,72,92,136,190,
[8*12*'煎']: 0,68,254,0,234,170,234,170,226,166,0,170,
[8*12*'煕']: 0,246,166,182,214,214,180,164,246,0,84,170,
[8*12*'煖']: 0,92,106,64,220,200,254,80,92,116,136,182,
[8*12*'煙']: 0,94,76,94,246,246,222,68,78,100,164,158,
[8*12*'煢']: 0,68,238,68,170,254,130,124,20,252,20,18,
[8*12*'煤']: 0,84,126,84,220,212,220,72,126,92,170,136,
[8*12*'煥']: 0,76,84,68,254,234,246,98,126,72,148,162,
[8*12*'煦']: 0,232,174,178,238,170,174,162,230,0,84,170,
[8*12*'照']: 0,254,170,170,246,160,174,170,238,0,84,170,
[8*12*'煩']: 0,94,72,94,242,222,210,94,82,126,160,146,
[8*12*'煬']: 0,92,84,92,212,254,208,94,106,86,170,150,
[8*12*'煮']: 0,16,122,20,254,36,124,164,60,0,84,170,
[8*12*'煽']: 0,94,64,94,242,254,208,94,90,94,170,150,
[8*12*'熄']: 0,72,94,82,222,210,222,82,94,84,178,174,
[8*12*'熈']: 0,118,102,118,118,118,116,100,182,0,84,170,
[8*12*'熊']: 0,68,150,244,6,240,148,246,148,182,0,170,
[8*12*'熏']: 0,12,112,254,16,254,214,254,16,254,0,170,
[8*12*'熔']: 0,72,126,98,212,226,200,84,98,92,148,156,
[8*12*'熕']: 0,92,72,126,212,220,212,92,84,92,128,162,
[8*12*'熙']: 0,246,166,246,214,214,244,164,246,0,84,170,
[8*12*'熟']: 0,40,252,116,84,116,44,180,102,0,84,170,
[8*12*'熨']: 0,242,158,242,138,242,166,16,84,88,40,198,
[8*12*'熬']: 0,36,246,42,250,74,116,84,186,0,84,170,
[8*12*'熱']: 0,40,252,44,252,92,172,52,230,0,84,170,
[8*12*'熹']: 0,16,254,16,124,40,254,68,124,0,84,170,
[8*12*'熾']: 0,84,86,124,236,254,196,124,110,124,172,186,
[8*12*'燃']: 0,86,92,110,220,236,212,106,74,64,180,170,
[8*12*'燈']: 0,122,84,98,220,192,254,98,126,84,148,190,
[8*12*'燉']: 0,84,124,70,250,234,250,90,116,84,154,186,
[8*12*'燎']: 0,72,126,72,234,212,254,84,92,72,170,152,
[8*12*'燐']: 0,106,72,126,220,234,192,84,94,108,150,164,
[8*12*'燒']: 0,72,92,72,254,212,254,64,126,84,148,166,
[8*12*'燔']: 0,92,72,106,254,220,234,126,106,126,170,190,
[8*12*'燕']: 0,40,254,40,68,254,108,108,252,70,0,170,
[8*12*'燗']: 0,118,118,118,246,226,238,110,110,110,182,162,
[8*12*'營']: 0,68,238,68,170,254,170,56,16,124,68,124,
[8*12*'燠']: 0,72,126,102,250,234,254,106,126,72,148,162,
[8*12*'燥']: 0,92,84,92,254,234,254,72,126,92,170,136,
[8*12*'燦']: 0,88,86,90,234,212,234,72,126,92,170,136,
[8*12*'燧']: 0,108,82,64,220,202,212,76,86,108,160,190,
[8*12*'燬']: 0,86,106,122,232,254,210,122,84,84,186,138,
[8*12*'燭']: 0,126,106,126,208,222,234,94,94,74,174,154,
[8*12*'燮']: 0,92,230,222,68,92,186,0,124,36,24,230,
[8*12*'燵']: 0,100,78,100,222,202,222,100,126,100,160,190,
[8*12*'燹']: 0,238,68,170,102,170,102,16,84,88,40,198,
[8*12*'燻']: 0,68,88,126,200,222,222,94,72,126,128,170,
[8*12*'燼']: 0,72,94,74,254,200,254,64,106,64,156,190,
[8*12*'燿']: 0,118,82,118,210,246,212,94,116,94,148,158,
[8*12*'爆']: 0,126,98,126,212,254,212,126,106,92,170,152,
[8*12*'爍']: 0,90,108,90,236,246,200,126,72,92,170,136,
[8*12*'爐']: 0,68,70,68,222,212,214,86,80,108,172,158,
[8*12*'爛']: 0,118,118,118,246,234,254,126,106,126,170,162,
[8*12*'爨']: 0,44,84,84,254,170,124,40,254,84,146,40,
[8*12*'爪']: 0,12,112,84,84,84,84,84,84,84,84,146,
[8*12*'爬']: 0,16,102,118,118,118,116,116,118,112,104,166,
[8*12*'爭']: 0,12,116,82,128,124,20,254,20,124,16,48,
[8*12*'爰']: 0,12,116,82,188,16,254,32,60,84,136,118,
[8*12*'爲']: 0,12,116,82,184,40,60,68,254,2,170,134,
[8*12*'爵']: 0,254,84,254,170,254,2,238,162,234,130,230,
[8*12*'父']: 0,40,40,68,170,40,40,16,16,40,68,130,
[8*12*'爺']: 0,40,198,56,198,246,84,118,86,118,212,20,
[8*12*'爻']: 0,4,104,24,36,64,40,40,16,16,40,198,
[8*12*'爼']: 0,188,84,84,188,20,52,188,84,84,84,190,
[8*12*'爽']: 0,16,254,16,186,84,186,84,186,16,40,198,
[8*12*'爾']: 0,254,84,146,254,182,218,182,218,182,218,146,
[8*12*'爿']: 0,36,36,36,60,4,124,36,36,36,36,68,
[8*12*'牀']: 0,36,164,190,228,36,236,108,118,100,164,36,
[8*12*'牆']: 0,40,190,180,244,42,254,96,126,118,190,62,
[8*12*'片']: 0,72,72,72,126,64,64,124,68,68,68,132,
[8*12*'版']: 0,174,168,168,238,138,234,170,180,164,170,178,
[8*12*'牋']: 0,170,188,170,228,138,224,170,188,170,164,170,
[8*12*'牌']: 0,168,190,186,254,154,254,172,180,190,164,164,
[8*12*'牒']: 0,170,190,170,238,136,238,164,190,172,182,164,
[8*12*'牘']: 0,164,190,164,254,154,254,172,172,172,172,178,
[8*12*'牙']: 0,124,72,72,72,72,254,24,40,72,136,24,
[8*12*'牛']: 0,16,80,124,80,144,16,254,16,16,16,16,
[8*12*'牝']: 0,40,168,248,170,172,40,56,232,42,42,46,
[8*12*'牟']: 0,16,36,250,16,80,124,144,16,254,16,16,
[8*12*'牡']: 0,36,164,244,174,164,36,52,228,36,36,46,
[8*12*'牢']: 0,16,254,130,80,124,144,16,254,16,16,16,
[8*12*'牧']: 0,80,208,222,244,212,84,84,200,72,84,98,
[8*12*'物']: 0,80,222,218,234,202,86,86,234,74,82,70,
[8*12*'牲']: 0,72,216,222,232,200,72,92,200,72,72,126,
[8*12*'牴']: 0,66,220,244,212,222,84,116,212,90,66,90,
[8*12*'特']: 0,72,220,200,254,196,126,68,228,84,68,76,
[8*12*'牽']: 0,16,254,80,36,254,146,36,124,80,254,16,
[8*12*'牾']: 0,94,196,222,202,202,126,64,222,82,82,94,
[8*12*'犀']: 0,126,66,126,64,118,72,104,126,72,126,136,
[8*12*'犁']: 0,114,42,250,114,166,80,124,144,254,16,16,
[8*12*'犂']: 0,116,38,250,118,170,80,124,144,254,16,16,
[8*12*'犇']: 0,80,124,144,254,36,108,126,164,254,36,36,
[8*12*'犒']: 0,72,254,212,220,192,126,98,254,118,126,98,
[8*12*'犖']: 0,68,238,68,170,254,130,80,124,144,254,16,
[8*12*'犠']: 0,84,254,200,254,200,126,84,254,86,124,82,
[8*12*'犢']: 0,72,254,200,254,246,126,84,220,84,92,98,
[8*12*'犧']: 0,84,254,200,254,200,126,84,230,116,92,114,
[8*12*'犬']: 0,16,20,16,254,16,16,16,40,40,68,130,
[8*12*'犯']: 0,190,178,82,82,178,54,112,176,50,50,222,
[8*12*'犲']: 0,164,164,94,68,166,36,108,180,36,36,204,
[8*12*'状']: 0,72,74,72,254,72,72,72,212,84,84,98,
[8*12*'犹']: 0,170,168,94,72,172,44,108,172,44,52,214,
[8*12*'狂']: 0,174,164,68,68,164,46,100,164,36,36,222,
[8*12*'狃']: 0,188,148,84,84,212,126,84,212,84,84,190,
[8*12*'狄']: 0,164,164,68,86,180,36,100,164,42,42,210,
[8*12*'狆']: 0,168,168,126,106,170,42,126,168,40,40,200,
[8*12*'狎']: 0,190,170,106,126,170,42,106,190,40,40,200,
[8*12*'狐']: 0,162,188,80,84,212,84,84,212,84,90,162,
[8*12*'狒']: 0,148,190,86,126,244,116,126,214,86,84,164,
[8*12*'狗']: 0,168,174,82,122,170,42,106,186,34,34,204,
[8*12*'狙']: 0,188,180,84,92,212,84,92,212,84,84,190,
[8*12*'狛']: 0,168,168,94,82,178,62,114,178,50,50,222,
[8*12*'狠']: 0,190,178,94,82,178,62,116,182,52,50,218,
[8*12*'狡']: 0,136,190,84,84,226,84,84,200,72,84,162,
[8*12*'狢']: 0,168,174,74,84,164,42,112,174,42,42,206,
[8*12*'狩']: 0,164,190,82,68,190,36,100,180,36,36,204,
[8*12*'独']: 0,168,168,126,106,170,42,126,168,40,42,222,
[8*12*'狭']: 0,168,190,72,106,234,72,126,200,72,84,162,
[8*12*'狷']: 0,190,178,94,64,190,50,126,178,62,50,214,
[8*12*'狸']: 0,190,170,126,106,234,126,72,220,72,72,190,
[8*12*'狹']: 0,168,190,72,92,220,92,106,200,72,84,162,
[8*12*'狼']: 0,164,190,82,94,210,94,84,214,84,82,154,
[8*12*'狽']: 0,174,170,78,74,174,42,106,174,32,42,210,
[8*12*'猊']: 0,144,166,98,118,226,98,126,212,84,84,166,
[8*12*'猖']: 0,190,178,94,82,222,64,94,210,94,82,158,
[8*12*'猗']: 0,136,190,72,84,226,126,66,250,106,122,134,
[8*12*'猛']: 0,188,164,72,126,200,72,92,220,92,92,190,
[8*12*'猜']: 0,164,190,68,94,196,126,86,214,94,82,150,
[8*12*'猝']: 0,168,190,84,84,234,72,72,254,72,72,136,
[8*12*'猟']: 0,170,170,68,126,170,62,106,190,42,42,202,
[8*12*'猥']: 0,190,170,126,106,190,32,126,180,54,52,218,
[8*12*'猩']: 0,174,170,78,74,174,36,110,180,46,36,222,
[8*12*'猪']: 0,164,164,94,68,190,40,110,186,46,42,206,
[8*12*'猫']: 0,148,190,84,64,254,106,126,234,106,106,190,
[8*12*'献']: 0,36,246,36,254,148,212,180,244,170,250,170,
[8*12*'猯']: 0,170,170,126,64,254,80,126,234,106,106,170,
[8*12*'猴']: 0,172,164,100,126,168,46,116,190,36,42,242,
[8*12*'猶']: 0,180,168,126,84,190,54,118,162,62,34,254,
[8*12*'猷']: 0,84,38,244,94,244,212,212,148,244,154,250,
[8*12*'猾']: 0,188,180,92,84,254,98,92,212,92,84,148,
[8*12*'猿']: 0,168,188,72,126,220,84,92,218,116,84,154,
[8*12*'獄']: 0,180,166,92,70,188,36,124,164,58,58,202,
[8*12*'獅']: 0,174,164,124,110,190,38,126,174,44,60,196,
[8*12*'獎']: 0,166,234,36,254,106,166,16,254,16,40,198,
[8*12*'獏']: 0,148,190,84,126,226,126,72,254,72,84,162,
[8*12*'獗']: 0,190,160,104,126,218,108,124,212,84,100,138,
[8*12*'獣']: 0,212,38,244,254,244,4,244,4,244,154,250,
[8*12*'獨']: 0,190,170,126,80,222,106,94,222,74,78,154,
[8*12*'獪']: 0,168,180,126,64,254,106,126,212,92,84,156,
[8*12*'獰']: 0,168,190,98,84,238,64,126,234,126,72,152,
[8*12*'獲']: 0,148,190,84,94,244,94,84,222,84,72,182,
[8*12*'獵']: 0,148,168,84,92,220,106,126,234,126,106,170,
[8*12*'獸']: 0,212,214,116,126,116,4,244,4,116,90,122,
[8*12*'獺']: 0,150,186,82,120,254,122,126,218,126,80,154,
[8*12*'獻']: 0,36,54,36,254,164,180,180,132,244,250,170,
[8*12*'玄']: 0,16,16,254,16,32,100,24,16,32,68,250,
[8*12*'率']: 0,16,254,16,162,16,100,186,16,254,16,16,
[8*12*'玉']: 0,124,16,16,16,16,124,16,20,18,16,254,
[8*12*'王']: 0,124,16,16,16,16,124,16,16,16,16,254,
[8*12*'玖']: 0,208,92,84,84,228,72,72,84,212,34,66,
[8*12*'玩']: 0,220,64,64,126,212,84,84,84,212,20,38,
[8*12*'玲']: 0,200,84,98,92,192,126,74,74,202,8,8,
[8*12*'玳']: 0,212,86,100,110,228,100,100,100,228,36,34,
[8*12*'玻']: 0,228,94,86,84,222,82,90,84,228,42,18,
[8*12*'珀']: 0,232,72,94,82,242,94,82,114,210,18,30,
[8*12*'珂']: 0,254,66,94,86,246,86,86,126,194,2,6,
[8*12*'珈']: 0,208,94,122,90,218,90,90,106,234,14,24,
[8*12*'珊']: 0,222,90,90,90,218,126,90,90,218,18,22,
[8*12*'珍']: 0,200,84,98,72,208,68,72,82,196,8,48,
[8*12*'珎']: 0,208,94,104,72,220,90,90,106,200,8,24,
[8*12*'珞']: 0,208,92,84,104,200,84,98,92,212,20,28,
[8*12*'珠']: 0,200,88,92,104,200,126,72,72,220,42,8,
[8*12*'珥']: 0,254,84,92,84,212,92,84,84,222,52,4,
[8*12*'珪']: 0,200,92,72,72,254,72,72,92,200,8,62,
[8*12*'班']: 0,238,68,76,108,108,238,108,76,76,212,46,
[8*12*'珮']: 0,254,98,126,106,234,126,126,126,234,42,66,
[8*12*'珱']: 0,200,106,106,68,200,126,84,88,200,20,34,
[8*12*'珸']: 0,222,68,94,74,202,126,64,94,210,18,30,
[8*12*'現']: 0,254,82,94,82,254,82,94,108,204,20,38,
[8*12*'球']: 0,202,72,126,72,234,108,72,92,234,8,24,
[8*12*'琅']: 0,228,94,82,94,242,94,84,118,212,18,26,
[8*12*'理']: 0,254,106,126,106,234,126,72,92,200,8,62,
[8*12*'琉']: 0,200,126,72,82,254,64,106,106,234,42,74,
[8*12*'琢']: 0,254,72,72,90,236,84,108,84,230,4,24,
[8*12*'琥']: 0,228,70,68,94,244,86,80,100,212,20,38,
[8*12*'琲']: 0,212,84,118,84,246,84,84,118,212,20,36,
[8*12*'琳']: 0,212,84,126,84,212,124,124,126,212,20,20,
[8*12*'琴']: 0,238,68,238,68,238,16,56,198,124,8,16,
[8*12*'琵']: 0,238,68,238,68,238,72,74,108,72,106,206,
[8*12*'琶']: 0,238,68,238,68,254,84,84,124,64,66,62,
[8*12*'琺']: 0,228,68,78,100,196,78,68,100,232,42,46,
[8*12*'琿']: 0,254,98,72,126,200,126,106,126,200,62,8,
[8*12*'瑁']: 0,222,82,90,82,218,64,94,82,222,18,30,
[8*12*'瑕']: 0,246,114,114,118,224,118,98,106,244,36,42,
[8*12*'瑙']: 0,234,74,84,74,234,94,90,118,218,18,30,
[8*12*'瑚']: 0,214,86,126,86,214,126,110,110,234,58,10,
[8*12*'瑛']: 0,212,126,84,72,254,106,106,126,200,20,34,
[8*12*'瑜']: 0,248,84,98,92,192,122,106,124,236,58,42,
[8*12*'瑞']: 0,234,106,126,64,254,80,126,106,234,42,42,
[8*12*'瑟']: 0,238,68,238,68,238,32,20,164,170,48,222,
[8*12*'瑠']: 0,214,102,102,106,246,64,126,106,254,42,62,
[8*12*'瑣']: 0,200,92,106,72,254,98,126,98,254,0,34,
[8*12*'瑤']: 0,232,76,84,72,208,92,104,126,200,42,62,
[8*12*'瑩']: 0,68,238,68,170,254,130,124,16,124,20,254,
[8*12*'瑪']: 0,254,104,124,104,252,104,126,66,234,42,38,
[8*12*'瑯']: 0,214,126,110,124,238,126,102,102,236,52,4,
[8*12*'瑰']: 0,200,126,106,126,234,126,88,92,222,40,78,
[8*12*'瑳']: 0,212,126,72,92,200,126,80,94,212,36,30,
[8*12*'瑶']: 0,198,120,106,64,220,72,126,72,234,42,62,
[8*12*'瑾']: 0,212,126,84,126,234,106,126,72,220,8,62,
[8*12*'璃']: 0,200,126,84,106,246,126,72,126,234,62,34,
[8*12*'璋']: 0,200,126,84,126,212,92,84,92,200,62,8,
[8*12*'璞']: 0,234,72,126,84,254,72,92,72,254,20,34,
[8*12*'璢']: 0,254,84,118,118,212,126,106,126,234,42,62,
[8*12*'璧']: 0,100,110,74,228,110,100,254,16,124,20,254,
[8*12*'環']: 0,254,106,126,64,254,84,92,74,220,42,8,
[8*12*'璽']: 0,254,84,146,254,182,218,124,16,124,20,254,
[8*12*'瓊']: 0,204,84,126,106,246,92,84,92,244,8,54,
[8*12*'瓏']: 0,212,126,108,110,250,110,124,110,252,44,46,
[8*12*'瓔']: 0,246,118,118,64,234,80,126,84,216,12,50,
[8*12*'瓜']: 0,12,112,84,84,84,84,84,84,84,92,178,
[8*12*'瓠']: 0,66,252,84,180,116,20,244,84,116,58,98,
[8*12*'瓢']: 0,242,92,244,244,20,116,20,244,52,186,98,
[8*12*'瓣']: 0,76,246,214,214,214,84,84,214,84,92,180,
[8*12*'瓦']: 0,254,32,32,60,36,52,84,68,68,116,198,
[8*12*'瓧']: 0,244,68,68,126,84,116,116,84,84,112,222,
[8*12*'瓩']: 0,242,76,68,116,94,116,116,84,84,112,222,
[8*12*'瓮']: 0,40,68,170,116,0,254,32,60,84,68,246,
[8*12*'瓰']: 0,244,74,74,112,94,118,118,90,90,112,222,
[8*12*'瓱']: 0,242,76,68,118,92,118,124,84,86,112,222,
[8*12*'瓲']: 0,244,70,76,116,86,126,116,84,86,112,222,
[8*12*'瓶']: 0,190,16,240,92,84,252,92,84,84,92,150,
[8*12*'瓷']: 0,16,222,42,72,148,254,32,60,84,68,246,
[8*12*'瓸']: 0,238,68,78,106,106,110,106,106,110,96,222,
[8*12*'甃']: 0,116,46,252,116,170,254,32,60,84,68,246,
[8*12*'甄']: 0,254,72,232,236,236,236,76,236,76,108,214,
[8*12*'甅']: 0,238,72,78,110,110,116,110,100,110,96,222,
[8*12*'甌']: 0,254,136,184,188,140,220,220,220,140,236,22,
[8*12*'甍']: 0,40,254,84,254,130,124,32,60,84,68,246,
[8*12*'甎']: 0,94,232,72,236,236,236,44,236,44,172,122,
[8*12*'甑']: 0,190,72,232,236,236,12,236,172,236,172,250,
[8*12*'甓']: 0,100,110,74,238,100,254,32,60,84,68,246,
[8*12*'甕']: 0,16,254,84,158,84,254,32,60,84,68,246,
[8*12*'甘']: 0,68,68,254,68,68,124,68,68,68,68,124,
[8*12*'甚']: 0,40,254,40,56,40,56,40,254,108,64,124,
[8*12*'甜']: 0,42,202,94,74,234,78,74,234,170,170,238,
[8*12*'甞']: 0,84,16,254,170,56,68,254,68,124,68,124,
[8*12*'生']: 0,16,80,124,80,144,16,124,16,16,16,254,
[8*12*'産']: 0,16,254,36,126,64,104,126,104,92,72,190,
[8*12*'甥']: 0,94,214,254,214,94,232,94,74,106,202,22,
[8*12*'甦']: 0,228,76,238,244,228,238,68,196,94,64,190,
[8*12*'用']: 0,126,82,82,126,82,82,126,82,82,82,150,
[8*12*'甫']: 0,18,254,16,254,146,254,146,254,146,146,150,
[8*12*'甬']: 0,124,20,8,254,146,254,146,254,146,146,150,
[8*12*'田']: 0,0,254,146,146,146,254,146,146,146,146,254,
[8*12*'由']: 0,16,16,254,146,146,254,146,146,146,146,254,
[8*12*'甲']: 0,254,146,146,254,146,146,146,254,16,16,16,
[8*12*'申']: 0,16,16,254,146,146,254,146,146,254,16,16,
[8*12*'男']: 0,254,146,254,146,254,16,254,34,34,66,140,
[8*12*'甸']: 0,64,126,130,126,86,126,86,86,126,2,12,
[8*12*'町']: 0,240,190,180,180,244,180,180,180,244,4,12,
[8*12*'画']: 0,254,16,146,254,214,254,214,214,254,130,254,
[8*12*'甼']: 0,124,84,124,84,124,0,254,16,16,16,48,
[8*12*'畄']: 0,162,82,84,0,254,146,146,254,146,146,254,
[8*12*'畆']: 0,36,36,244,4,248,168,168,248,170,170,254,
[8*12*'畉']: 0,4,228,238,228,228,254,228,228,234,234,18,
[8*12*'畊']: 0,10,234,254,234,234,234,254,234,234,234,18,
[8*12*'畋']: 0,8,232,238,250,234,234,234,228,228,234,18,
[8*12*'界']: 0,124,84,124,84,124,40,68,170,40,40,72,
[8*12*'畍']: 0,4,234,234,240,234,234,234,234,234,10,18,
[8*12*'畏']: 0,124,84,124,84,124,0,254,84,72,100,194,
[8*12*'畑']: 0,94,86,86,246,214,222,86,86,86,182,158,
[8*12*'畔']: 0,4,246,182,180,190,244,180,190,180,244,4,
[8*12*'留']: 0,62,202,138,170,214,0,124,84,124,84,124,
[8*12*'畚']: 0,16,36,250,16,254,40,124,214,124,84,124,
[8*12*'畛']: 0,4,234,240,228,232,226,228,232,226,228,24,
[8*12*'畜']: 0,16,254,32,104,16,36,254,84,124,84,124,
[8*12*'畝']: 0,36,38,250,10,242,180,180,244,186,186,250,
[8*12*'畠']: 0,16,124,68,124,68,124,254,146,254,146,254,
[8*12*'畢']: 0,124,84,124,84,254,84,254,16,254,16,16,
[8*12*'畤']: 0,8,252,232,254,228,254,228,244,228,228,12,
[8*12*'略']: 0,8,238,234,244,228,234,240,238,234,234,14,
[8*12*'畦']: 0,4,238,228,228,254,228,228,238,228,228,30,
[8*12*'畧']: 0,124,84,124,84,124,196,56,198,124,68,124,
[8*12*'畩']: 0,8,232,254,232,232,250,244,244,244,242,26,
[8*12*'番']: 0,124,16,84,254,56,84,254,84,124,84,124,
[8*12*'畫']: 0,16,124,20,254,20,254,84,124,84,124,254,
[8*12*'畭']: 0,4,234,240,238,228,254,228,246,246,228,12,
[8*12*'異']: 0,124,84,124,84,124,40,124,40,254,68,130,
[8*12*'畳']: 0,124,84,124,84,254,130,124,68,124,68,254,
[8*12*'畴']: 0,8,252,232,254,232,254,228,254,228,212,12,
[8*12*'當']: 0,84,16,254,130,124,68,254,146,254,146,254,
[8*12*'畷']: 0,30,234,234,244,234,224,254,234,234,244,42,
[8*12*'畸']: 0,8,254,232,244,226,254,226,250,234,250,6,
[8*12*'畿']: 0,84,152,84,186,254,20,254,8,234,236,242,
[8*12*'疂']: 0,124,84,124,68,40,68,254,170,56,40,254,
[8*12*'疆']: 0,254,44,236,140,224,62,236,108,236,32,222,
[8*12*'疇']: 0,8,254,232,254,226,252,232,254,244,244,12,
[8*12*'疉']: 0,124,84,124,238,238,16,254,162,56,8,254,
[8*12*'疊']: 0,124,84,124,238,238,0,254,170,56,40,254,
[8*12*'疋']: 0,124,20,20,16,16,92,80,80,80,112,158,
[8*12*'疎']: 0,232,62,72,126,234,234,254,200,220,234,8,
[8*12*'疏']: 0,232,62,72,82,254,192,218,218,218,218,42,
[8*12*'疑']: 0,142,162,202,164,238,194,84,246,84,84,174,
[8*12*'疔']: 0,8,126,64,192,126,72,200,72,72,72,152,
[8*12*'疚']: 0,8,126,80,220,84,100,200,72,84,84,162,
[8*12*'疝']: 0,8,126,64,200,72,106,234,106,106,106,190,
[8*12*'疣']: 0,8,126,64,202,126,72,204,76,76,84,166,
[8*12*'疥']: 0,8,126,72,212,98,84,212,84,84,84,164,
[8*12*'疫']: 0,8,126,64,220,84,102,220,84,72,84,162,
[8*12*'疱']: 0,8,126,80,222,98,94,212,92,80,82,158,
[8*12*'疲']: 0,8,126,68,222,86,84,222,90,84,84,170,
[8*12*'疳']: 0,8,126,64,212,126,84,212,92,84,84,156,
[8*12*'疵']: 0,8,126,64,212,84,94,212,116,116,124,182,
[8*12*'疸']: 0,8,126,64,220,84,92,212,84,92,64,190,
[8*12*'疹']: 0,8,126,72,212,98,72,212,72,82,68,152,
[8*12*'疼']: 0,8,126,72,204,84,72,212,106,64,88,132,
[8*12*'疽']: 0,8,126,64,220,84,92,212,92,84,84,190,
[8*12*'疾']: 0,8,126,80,220,104,72,254,72,72,84,162,
[8*12*'痂']: 0,8,126,64,208,126,90,218,90,106,78,152,
[8*12*'痃']: 0,8,126,64,200,126,72,244,88,72,84,186,
[8*12*'病']: 0,8,126,64,254,72,126,234,106,118,98,166,
[8*12*'症']: 0,8,126,64,222,68,68,214,84,84,84,190,
[8*12*'痊']: 0,8,126,64,248,84,98,220,72,92,72,190,
[8*12*'痍']: 0,8,126,72,254,74,126,232,126,74,84,162,
[8*12*'痒']: 0,8,126,84,200,126,72,220,72,126,72,136,
[8*12*'痔']: 0,8,126,72,220,72,126,196,126,68,84,140,
[8*12*'痕']: 0,8,126,64,222,82,94,210,92,86,84,154,
[8*12*'痘']: 0,8,126,64,254,64,126,226,126,84,84,190,
[8*12*'痙']: 0,8,126,64,254,84,104,212,126,72,72,190,
[8*12*'痛']: 0,8,126,64,254,68,126,234,126,106,126,170,
[8*12*'痞']: 0,8,126,64,254,72,92,234,72,126,98,190,
[8*12*'痢']: 0,8,126,64,202,118,86,254,86,122,82,150,
[8*12*'痣']: 0,8,126,64,200,126,72,220,64,84,114,174,
[8*12*'痩']: 0,8,126,72,254,106,126,200,124,84,72,182,
[8*12*'痰']: 0,8,126,72,234,84,98,200,106,72,84,162,
[8*12*'痲']: 0,8,126,64,212,126,84,254,126,126,126,148,
[8*12*'痳']: 0,8,126,64,212,126,84,212,124,126,84,148,
[8*12*'痴']: 0,8,126,64,230,126,86,214,126,86,86,168,
[8*12*'痺']: 0,8,126,72,254,106,126,234,126,84,126,132,
[8*12*'痼']: 0,8,126,64,254,106,126,234,118,126,98,190,
[8*12*'痾']: 0,8,126,64,246,114,110,250,122,110,98,166,
[8*12*'痿']: 0,8,126,68,216,126,92,234,126,84,76,178,
[8*12*'瘁']: 0,8,126,72,254,84,84,234,72,126,72,136,
[8*12*'瘉']: 0,8,126,64,248,84,110,192,122,108,122,170,
[8*12*'瘋']: 0,8,126,64,254,106,126,254,106,110,122,162,
[8*12*'瘍']: 0,8,126,64,220,84,126,208,94,106,86,170,
[8*12*'瘟']: 0,8,126,64,254,106,118,226,126,64,92,190,
[8*12*'瘠']: 0,8,126,64,246,72,118,220,118,92,84,148,
[8*12*'瘡']: 0,8,126,72,212,126,82,222,80,94,106,142,
[8*12*'瘢']: 0,8,126,64,222,122,112,254,122,116,116,170,
[8*12*'瘤']: 0,8,126,64,214,102,122,254,106,126,106,190,
[8*12*'瘧']: 0,8,126,68,198,92,80,214,84,94,84,166,
[8*12*'瘰']: 0,8,126,64,220,92,80,202,126,72,106,136,
[8*12*'瘴']: 0,8,126,72,254,84,126,212,92,72,126,136,
[8*12*'瘻']: 0,8,126,72,220,126,92,254,72,126,84,186,
[8*12*'療']: 0,8,126,72,254,84,98,220,84,72,106,152,
[8*12*'癆']: 0,8,126,64,234,84,126,226,72,126,82,166,
[8*12*'癇']: 0,8,126,64,246,118,98,238,110,110,118,162,
[8*12*'癈']: 0,8,126,64,250,84,98,246,86,98,84,186,
[8*12*'癌']: 0,8,126,64,220,84,126,234,126,64,106,190,
[8*12*'癒']: 0,8,126,72,212,126,106,250,106,64,114,174,
[8*12*'癖']: 0,8,126,68,254,106,122,238,116,94,116,132,
[8*12*'癘']: 0,8,126,84,254,92,92,200,126,106,110,186,
[8*12*'癜']: 0,8,126,64,254,106,112,238,122,124,68,170,
[8*12*'癡']: 0,8,126,64,230,114,102,252,86,124,84,170,
[8*12*'癢']: 0,8,126,84,254,72,126,212,122,88,84,186,
[8*12*'癧']: 0,8,126,64,222,80,90,212,80,102,84,158,
[8*12*'癨']: 0,8,126,64,220,72,126,234,84,94,116,158,
[8*12*'癩']: 0,8,126,64,214,122,80,254,126,86,120,146,
[8*12*'癪']: 0,8,126,64,244,94,116,222,118,118,80,154,
[8*12*'癬']: 0,8,126,64,250,94,116,254,116,126,132,84,
[8*12*'癰']: 0,8,126,64,212,102,84,254,124,118,116,190,
[8*12*'癲']: 0,8,126,64,238,116,102,246,118,118,64,170,
[8*12*'癶']: 0,0,0,0,112,20,168,106,68,130,0,0,
[8*12*'癸']: 0,112,20,170,68,130,124,16,254,16,44,194,
[8*12*'発']: 0,112,20,170,68,130,124,40,254,40,74,142,
[8*12*'登']: 0,116,170,68,186,0,124,68,124,40,40,254,
[8*12*'發']: 0,116,170,68,130,238,42,224,142,234,36,106,
[8*12*'白']: 0,16,32,254,130,130,130,254,130,130,130,254,
[8*12*'百']: 0,254,16,16,124,68,68,124,68,68,68,124,
[8*12*'皀']: 0,16,124,68,124,68,124,64,76,112,66,62,
[8*12*'皃']: 0,16,124,68,124,68,68,124,40,42,74,142,
[8*12*'的']: 0,72,78,242,162,178,234,170,162,162,226,12,
[8*12*'皆']: 0,72,106,76,106,206,16,124,68,124,68,124,
[8*12*'皇']: 0,16,124,68,124,68,124,254,16,124,16,254,
[8*12*'皈']: 0,94,80,240,190,178,250,186,180,164,234,18,
[8*12*'皋']: 0,16,124,68,124,68,254,84,146,124,16,16,
[8*12*'皎']: 0,68,94,234,170,176,234,170,164,164,234,18,
[8*12*'皐']: 0,16,124,68,124,68,124,16,214,16,254,16,
[8*12*'皓']: 0,84,94,244,164,190,224,174,170,170,234,14,
[8*12*'皖']: 0,68,94,242,172,160,254,172,172,172,236,22,
[8*12*'皙']: 0,34,252,40,110,180,36,124,68,124,68,124,
[8*12*'皚']: 0,90,94,224,190,160,254,178,190,172,236,30,
[8*12*'皮']: 0,8,126,74,74,92,68,84,72,72,84,162,
[8*12*'皰']: 0,72,238,210,206,234,170,174,202,72,170,174,
[8*12*'皴']: 0,68,158,246,84,158,74,122,212,36,90,138,
[8*12*'皷']: 0,68,254,86,244,30,250,186,228,68,106,210,
[8*12*'皸']: 0,244,158,44,252,46,250,170,244,36,250,42,
[8*12*'皹']: 0,94,242,196,222,228,174,174,206,68,190,164,
[8*12*'皺']: 0,68,126,172,252,46,202,122,172,244,42,202,
[8*12*'皿']: 0,0,124,84,84,84,84,84,84,84,84,254,
[8*12*'盂']: 0,124,16,254,16,48,0,124,84,84,84,254,
[8*12*'盃']: 0,254,16,48,84,146,0,124,84,84,84,254,
[8*12*'盆']: 0,40,40,68,254,36,76,0,124,84,84,254,
[8*12*'盈']: 0,252,36,62,42,82,174,0,124,84,84,254,
[8*12*'益']: 0,68,8,254,40,68,130,124,84,84,84,254,
[8*12*'盍']: 0,16,124,16,254,36,250,0,124,84,84,254,
[8*12*'盒']: 0,16,40,124,130,124,68,124,0,124,84,254,
[8*12*'盖']: 0,68,254,16,124,16,254,0,124,84,84,254,
[8*12*'盗']: 0,16,158,42,8,84,162,0,124,84,84,254,
[8*12*'盛']: 0,10,126,68,118,84,170,0,124,84,84,254,
[8*12*'盜']: 0,144,30,170,8,148,162,0,124,84,84,254,
[8*12*'盞']: 0,20,254,8,54,252,8,118,0,124,84,254,
[8*12*'盟']: 0,238,170,238,170,238,18,0,124,84,84,254,
[8*12*'盡']: 0,16,124,20,254,20,254,0,170,124,84,254,
[8*12*'監']: 0,244,166,248,144,246,160,240,0,124,84,254,
[8*12*'盤']: 0,78,234,160,238,164,170,0,124,84,84,254,
[8*12*'盥']: 0,86,186,214,146,186,214,0,124,84,84,254,
[8*12*'盧']: 0,8,14,8,126,72,126,106,126,64,92,190,
[8*12*'盪']: 0,156,20,190,16,30,170,150,124,84,84,254,
[8*12*'目']: 0,126,66,66,126,66,66,126,66,66,66,126,
[8*12*'盲']: 0,16,254,64,124,0,124,68,124,68,68,124,
[8*12*'直']: 0,16,254,16,188,164,188,164,164,188,128,254,
[8*12*'相']: 0,94,82,242,94,82,242,222,210,82,82,94,
[8*12*'盻']: 0,10,234,178,224,190,168,238,162,162,226,12,
[8*12*'盾']: 0,6,120,72,126,72,94,82,94,82,82,158,
[8*12*'省']: 0,16,84,146,20,62,194,126,66,126,66,126,
[8*12*'眄']: 0,30,228,164,246,182,182,254,162,162,226,6,
[8*12*'眇']: 0,8,232,172,250,186,168,234,162,164,232,16,
[8*12*'眈']: 0,8,254,170,234,168,236,172,172,244,20,38,
[8*12*'眉']: 0,126,74,126,64,94,82,94,82,94,82,158,
[8*12*'看']: 0,124,16,124,16,254,32,124,164,60,36,60,
[8*12*'県']: 0,60,164,188,164,188,164,254,16,84,146,16,
[8*12*'眛']: 0,8,232,188,232,168,190,232,168,188,234,8,
[8*12*'眞']: 0,76,112,68,60,36,188,164,188,254,68,130,
[8*12*'真']: 0,16,254,16,124,68,124,68,254,0,68,130,
[8*12*'眠']: 0,30,242,178,254,180,180,254,180,180,242,26,
[8*12*'眤']: 0,62,226,162,254,168,234,172,168,232,42,78,
[8*12*'眥']: 0,36,182,164,164,254,68,124,68,124,68,124,
[8*12*'眦']: 0,20,244,180,254,180,180,244,180,180,252,22,
[8*12*'眩']: 0,4,228,190,228,168,186,228,164,168,242,30,
[8*12*'眷']: 0,84,146,124,40,254,68,254,68,124,68,124,
[8*12*'眸']: 0,8,242,190,228,180,190,244,164,190,228,4,
[8*12*'眺']: 0,20,244,182,244,180,244,182,180,244,20,38,
[8*12*'眼']: 0,30,242,190,242,178,190,244,182,180,242,26,
[8*12*'着']: 0,68,254,16,124,16,254,60,100,188,36,60,
[8*12*'睇']: 0,10,228,190,230,190,180,254,166,174,244,4,
[8*12*'睚']: 0,62,228,174,228,190,228,164,174,228,36,94,
[8*12*'睛']: 0,4,238,164,238,164,190,238,174,174,234,10,
[8*12*'睡']: 0,2,236,164,254,172,190,236,190,164,228,30,
[8*12*'督']: 0,46,50,42,244,36,170,124,68,124,68,124,
[8*12*'睥']: 0,8,254,170,254,170,190,236,180,190,228,4,
[8*12*'睦']: 0,8,252,168,254,180,230,168,188,232,8,62,
[8*12*'睨']: 0,8,246,178,250,178,178,254,172,172,236,22,
[8*12*'睫']: 0,4,238,164,238,166,174,228,182,180,252,22,
[8*12*'睹']: 0,4,228,174,228,190,172,254,170,174,234,14,
[8*12*'睾']: 0,16,254,170,254,16,254,40,254,16,254,16,
[8*12*'睿']: 0,16,28,16,254,170,84,56,198,124,68,124,
[8*12*'瞋']: 0,8,238,168,238,166,182,246,176,190,224,18,
[8*12*'瞎']: 0,4,254,178,228,174,164,254,160,174,234,14,
[8*12*'瞑']: 0,30,242,174,234,174,170,238,164,190,224,18,
[8*12*'瞞']: 0,20,254,180,252,168,190,234,190,190,234,42,
[8*12*'瞠']: 0,22,228,190,242,174,170,238,164,174,228,30,
[8*12*'瞥']: 0,180,38,250,170,244,170,124,68,124,68,124,
[8*12*'瞬']: 0,30,244,190,242,164,254,172,188,238,20,36,
[8*12*'瞭']: 0,8,254,168,234,180,254,180,188,200,42,24,
[8*12*'瞰']: 0,28,232,190,234,186,170,250,172,188,234,10,
[8*12*'瞳']: 0,4,254,170,234,190,174,238,164,174,228,30,
[8*12*'瞶']: 0,4,238,174,228,190,170,238,170,174,224,18,
[8*12*'瞹']: 0,30,244,190,226,180,174,224,174,186,228,26,
[8*12*'瞻']: 0,12,244,190,250,176,182,240,182,176,238,14,
[8*12*'瞼']: 0,8,244,162,236,160,254,170,190,244,20,42,
[8*12*'瞽']: 0,68,238,68,170,68,234,124,68,124,68,124,
[8*12*'瞿']: 0,108,108,108,40,62,80,252,80,124,80,126,
[8*12*'矇']: 0,20,254,180,254,162,188,234,180,172,246,12,
[8*12*'矍']: 0,108,108,108,62,80,252,80,126,40,16,238,
[8*12*'矗']: 0,8,124,8,92,84,124,68,238,68,204,238,
[8*12*'矚']: 0,62,226,190,232,190,254,176,190,250,94,58,
[8*12*'矛']: 0,124,4,40,16,254,18,52,80,144,16,48,
[8*12*'矜']: 0,232,52,194,92,224,96,94,194,68,68,200,
[8*12*'矢']: 0,64,64,124,144,16,254,16,16,40,68,130,
[8*12*'矣']: 0,16,36,250,64,124,144,16,254,16,40,198,
[8*12*'知']: 0,64,78,122,170,42,250,42,42,90,90,142,
[8*12*'矧']: 0,154,138,234,90,82,242,90,74,106,170,154,
[8*12*'矩']: 0,78,72,120,174,42,250,46,40,88,72,142,
[8*12*'短']: 0,158,128,238,74,74,238,64,74,106,164,158,
[8*12*'矮']: 0,156,136,254,92,106,200,126,84,88,140,178,
[8*12*'矯']: 0,156,136,254,84,98,220,84,126,118,190,162,
[8*12*'石']: 0,254,32,32,32,60,100,164,36,36,36,60,
[8*12*'矼']: 0,30,228,68,68,68,132,100,100,100,100,30,
[8*12*'砂']: 0,8,232,92,90,74,136,106,98,100,104,16,
[8*12*'砌']: 0,14,230,86,94,86,150,118,126,102,106,10,
[8*12*'砒']: 0,20,244,84,94,84,148,116,84,84,124,22,
[8*12*'研']: 0,30,234,74,74,94,138,106,106,106,106,18,
[8*12*'砕']: 0,8,252,84,84,102,136,104,126,104,104,8,
[8*12*'砠']: 0,14,234,74,78,74,138,110,106,106,106,30,
[8*12*'砥']: 0,2,252,84,84,94,148,116,84,90,98,26,
[8*12*'砦']: 0,36,182,164,180,198,0,254,32,124,164,60,
[8*12*'砧']: 0,8,232,72,78,72,136,126,82,82,114,30,
[8*12*'砲']: 0,16,254,82,90,74,138,122,86,80,114,30,
[8*12*'破']: 0,4,254,86,84,94,146,122,84,84,106,18,
[8*12*'砺']: 0,30,240,80,94,84,148,118,90,90,114,6,
[8*12*'砿']: 0,4,254,80,84,84,148,116,104,106,106,14,
[8*12*'硅']: 0,4,238,68,68,94,132,100,110,100,100,30,
[8*12*'硝']: 0,42,234,72,94,82,158,114,94,82,114,22,
[8*12*'硫']: 0,8,254,72,82,94,128,106,106,106,42,74,
[8*12*'硬']: 0,30,228,94,86,94,150,126,100,108,100,26,
[8*12*'硯']: 0,30,242,94,82,94,146,126,108,108,108,22,
[8*12*'硲']: 0,10,234,80,68,74,138,112,110,106,106,14,
[8*12*'硴']: 0,20,254,84,64,84,148,118,84,84,116,22,
[8*12*'硼']: 0,62,234,106,126,106,170,126,106,106,106,22,
[8*12*'碁']: 0,40,254,40,56,40,254,68,250,64,188,60,
[8*12*'碆']: 0,136,62,170,60,168,84,254,32,124,164,60,
[8*12*'碇']: 0,4,254,82,78,68,132,118,84,84,124,22,
[8*12*'碌']: 0,8,238,74,76,94,132,118,108,118,100,12,
[8*12*'碍']: 0,30,242,94,82,94,128,126,98,126,106,6,
[8*12*'碎']: 0,8,254,84,84,106,136,104,126,104,104,8,
[8*12*'碑']: 0,8,254,90,94,90,158,108,116,126,100,4,
[8*12*'碓']: 0,20,244,94,84,94,148,116,94,84,116,30,
[8*12*'碕']: 0,8,254,72,84,66,158,98,122,106,122,6,
[8*12*'碗']: 0,4,254,82,72,78,150,118,110,100,108,22,
[8*12*'碚']: 0,4,254,74,74,94,128,110,106,106,106,14,
[8*12*'碣']: 0,14,234,78,74,78,136,110,90,86,122,6,
[8*12*'碧']: 0,228,74,238,74,238,0,254,32,124,164,60,
[8*12*'碩']: 0,30,232,94,82,94,146,126,82,94,96,18,
[8*12*'碪']: 0,20,254,84,92,84,156,116,126,118,96,62,
[8*12*'碯']: 0,10,234,84,74,74,158,122,86,90,114,30,
[8*12*'碵']: 0,8,238,72,92,84,156,116,92,84,124,34,
[8*12*'確']: 0,8,254,74,84,94,148,126,84,94,116,30,
[8*12*'碼']: 0,30,244,94,84,94,148,126,82,90,114,6,
[8*12*'碾']: 0,30,242,94,84,94,148,126,84,86,116,26,
[8*12*'磁']: 0,10,228,94,74,74,148,106,106,116,116,30,
[8*12*'磅']: 0,4,254,74,94,82,132,126,104,110,106,22,
[8*12*'磆']: 0,14,234,78,74,94,146,110,106,110,106,10,
[8*12*'磊']: 0,124,32,60,100,60,0,238,68,102,238,102,
[8*12*'磋']: 0,10,254,68,78,68,158,104,110,116,100,14,
[8*12*'磐']: 0,78,234,160,238,164,170,254,32,124,164,60,
[8*12*'磑']: 0,26,254,64,94,64,158,114,126,108,108,30,
[8*12*'磔']: 0,10,238,86,74,82,132,126,100,108,118,4,
[8*12*'磚']: 0,8,254,92,92,92,154,100,126,100,116,12,
[8*12*'磧']: 0,4,238,68,78,68,158,110,106,110,96,18,
[8*12*'磨']: 0,8,126,84,126,84,126,80,94,114,82,158,
[8*12*'磬']: 0,46,250,32,110,100,138,254,32,124,164,60,
[8*12*'磯']: 0,218,108,90,108,126,132,126,84,86,116,42,
[8*12*'磴']: 0,26,236,74,80,78,128,110,106,110,100,30,
[8*12*'磽']: 0,4,238,68,94,74,158,96,126,108,108,22,
[8*12*'礁']: 0,20,222,116,94,84,158,116,126,96,20,42,
[8*12*'礇']: 0,4,254,82,94,86,158,118,126,100,106,18,
[8*12*'礎']: 0,10,254,74,94,74,142,118,84,86,124,22,
[8*12*'礑']: 0,42,200,126,98,92,148,126,106,126,106,62,
[8*12*'礒']: 0,10,254,68,94,68,158,108,126,110,124,10,
[8*12*'礙']: 0,38,242,98,116,102,186,116,126,116,20,42,
[8*12*'礦']: 0,4,254,84,94,84,158,118,86,86,96,10,
[8*12*'礪']: 0,30,240,90,94,90,158,126,84,94,110,10,
[8*12*'礫']: 0,26,236,90,108,118,136,126,88,92,106,8,
[8*12*'礬']: 0,68,238,84,238,84,254,68,250,64,188,60,
[8*12*'示']: 0,124,0,0,254,16,16,84,82,146,16,48,
[8*12*'礼']: 0,72,72,232,40,72,72,232,72,74,74,78,
[8*12*'社']: 0,68,68,228,46,68,68,228,68,68,68,94,
[8*12*'祀']: 0,222,18,18,242,82,94,240,208,210,82,94,
[8*12*'祁']: 0,78,74,234,44,74,74,234,74,76,72,72,
[8*12*'祇']: 0,66,92,244,52,84,94,244,84,84,82,90,
[8*12*'祈']: 0,66,76,232,40,78,74,234,74,74,82,66,
[8*12*'祉']: 0,68,68,228,52,86,84,244,84,84,84,94,
[8*12*'祐']: 0,68,68,254,40,72,78,218,106,74,74,78,
[8*12*'祓']: 0,234,8,30,232,74,74,212,212,228,74,82,
[8*12*'祕']: 0,208,8,2,210,84,116,250,248,210,82,110,
[8*12*'祖']: 0,92,84,244,60,84,84,252,84,84,84,126,
[8*12*'祗']: 0,226,28,20,244,94,84,244,212,218,66,90,
[8*12*'祚']: 0,208,30,40,200,78,72,232,206,200,72,72,
[8*12*'祝']: 0,94,82,242,50,94,76,236,76,76,84,86,
[8*12*'神']: 0,72,72,254,42,106,126,234,106,126,72,72,
[8*12*'祟']: 0,84,124,146,254,0,124,0,254,84,146,48,
[8*12*'祠']: 0,222,2,30,226,94,86,214,246,222,66,70,
[8*12*'祢']: 0,80,94,232,40,92,90,218,106,72,72,88,
[8*12*'祥']: 0,74,68,254,36,68,78,228,68,94,68,68,
[8*12*'票']: 0,254,40,254,170,254,124,0,254,84,146,48,
[8*12*'祭']: 0,126,82,180,40,68,186,0,254,84,146,48,
[8*12*'祷']: 0,72,92,232,60,72,126,212,126,100,84,76,
[8*12*'祺']: 0,212,62,20,220,84,92,212,254,192,84,98,
[8*12*'祿']: 0,208,28,20,216,126,72,234,220,234,72,88,
[8*12*'禀']: 0,16,254,0,254,238,254,124,0,254,84,178,
[8*12*'禁']: 0,36,254,108,182,36,124,0,254,84,146,48,
[8*12*'禄']: 0,92,68,236,36,126,72,234,92,106,72,88,
[8*12*'禅']: 0,90,68,254,54,94,86,254,68,94,68,68,
[8*12*'禊']: 0,214,62,22,254,86,74,200,254,200,84,98,
[8*12*'禍']: 0,78,74,238,42,74,94,242,94,86,94,82,
[8*12*'禎']: 0,72,78,232,60,84,92,244,92,84,92,98,
[8*12*'福']: 0,94,64,254,50,94,64,254,106,126,106,126,
[8*12*'禝']: 0,254,42,62,234,126,84,230,204,212,72,118,
[8*12*'禦']: 0,102,190,86,254,86,124,0,254,84,146,48,
[8*12*'禧']: 0,200,62,8,222,82,94,212,254,222,82,94,
[8*12*'禪']: 0,246,54,0,254,106,126,234,254,200,126,72,
[8*12*'禮']: 0,212,62,54,254,64,126,226,254,212,84,126,
[8*12*'禰']: 0,94,76,250,62,86,90,246,90,86,90,86,
[8*12*'禳']: 0,200,62,54,192,84,126,212,254,218,116,90,
[8*12*'禹']: 0,12,112,16,124,84,124,16,254,170,246,130,
[8*12*'禺']: 0,124,84,124,84,124,16,254,146,170,246,130,
[8*12*'禽']: 0,16,40,124,214,108,124,16,254,170,246,130,
[8*12*'禾']: 0,12,112,16,16,254,16,56,56,84,146,16,
[8*12*'禿']: 0,12,112,16,254,84,146,40,40,42,74,142,
[8*12*'秀']: 0,12,112,16,254,84,146,120,40,44,68,140,
[8*12*'私']: 0,20,100,36,36,244,36,40,120,170,42,46,
[8*12*'秉']: 0,12,112,254,20,254,20,124,56,84,146,16,
[8*12*'秋']: 0,40,200,72,106,236,72,72,200,212,84,98,
[8*12*'科']: 0,36,212,76,68,228,84,68,198,252,68,68,
[8*12*'秒']: 0,40,200,92,90,234,72,90,194,196,72,112,
[8*12*'秕']: 0,52,212,84,94,212,84,84,212,212,92,118,
[8*12*'秘']: 0,40,200,66,82,212,116,122,248,210,82,110,
[8*12*'租']: 0,60,212,84,92,212,84,92,212,212,84,126,
[8*12*'秡']: 0,42,200,94,72,234,74,84,212,228,74,82,
[8*12*'秣']: 0,40,200,126,72,200,92,72,200,220,106,72,
[8*12*'秤']: 0,62,200,106,106,200,72,126,200,200,72,72,
[8*12*'秦']: 0,16,124,16,124,40,254,68,186,124,56,214,
[8*12*'秧']: 0,40,220,84,84,212,126,72,200,212,84,98,
[8*12*'秩']: 0,40,216,92,104,200,126,72,200,212,84,98,
[8*12*'秬']: 0,62,208,80,94,242,82,94,240,208,80,94,
[8*12*'称']: 0,48,222,104,72,220,90,90,234,200,72,88,
[8*12*'移']: 0,40,206,82,74,228,78,82,234,196,72,112,
[8*12*'稀']: 0,50,204,82,72,254,84,100,222,214,86,68,
[8*12*'稈']: 0,62,210,94,82,222,64,94,196,254,68,68,
[8*12*'程']: 0,62,210,82,94,224,94,68,238,196,68,94,
[8*12*'稍']: 0,36,204,86,68,222,82,94,210,222,82,86,
[8*12*'税']: 0,52,200,126,98,226,126,84,212,212,84,102,
[8*12*'稔']: 0,40,212,98,92,192,126,68,192,212,114,110,
[8*12*'稗']: 0,40,254,106,126,234,126,84,228,254,68,68,
[8*12*'稘']: 0,52,254,84,92,212,92,84,254,192,84,98,
[8*12*'稙']: 0,36,222,68,110,234,110,106,234,238,96,126,
[8*12*'稚']: 0,52,212,94,116,222,84,84,222,212,84,94,
[8*12*'稜']: 0,40,220,72,126,212,102,80,220,244,72,118,
[8*12*'稟']: 0,16,254,0,254,238,254,124,16,254,56,214,
[8*12*'稠']: 0,62,226,106,126,234,126,106,246,254,98,102,
[8*12*'種']: 0,36,216,126,72,254,106,126,200,220,72,126,
[8*12*'稱']: 0,60,212,106,72,220,92,92,220,254,84,84,
[8*12*'稲']: 0,38,216,106,106,192,110,106,238,234,106,110,
[8*12*'稷']: 0,62,234,126,106,254,84,102,204,212,72,118,
[8*12*'稻']: 0,60,192,84,106,192,86,98,246,226,98,126,
[8*12*'稼']: 0,36,222,82,76,200,86,76,212,236,86,76,
[8*12*'稽']: 0,42,222,72,90,238,80,94,210,222,82,94,
[8*12*'稾']: 0,16,254,68,124,254,170,186,16,254,56,214,
[8*12*'稿']: 0,40,254,84,92,192,126,98,254,246,126,98,
[8*12*'穀']: 0,46,250,42,240,142,122,42,244,36,122,170,
[8*12*'穂']: 0,40,254,72,126,234,126,106,254,212,114,110,
[8*12*'穃']: 0,40,254,98,84,226,72,84,226,220,84,92,
[8*12*'穆']: 0,40,220,84,92,234,76,88,196,218,68,88,
[8*12*'穉']: 0,62,210,94,80,218,100,84,222,196,94,68,
[8*12*'積']: 0,40,220,72,92,200,126,84,220,212,92,98,
[8*12*'穎']: 0,158,232,158,242,62,210,94,242,94,224,82,
[8*12*'穏']: 0,38,216,106,68,222,66,94,192,212,114,110,
[8*12*'穐']: 0,44,212,126,106,254,72,126,234,254,72,78,
[8*12*'穗']: 0,40,254,92,92,220,92,122,192,212,114,110,
[8*12*'穡']: 0,40,254,84,84,234,126,64,254,246,126,126,
[8*12*'穢']: 0,36,214,84,126,196,126,100,246,228,122,82,
[8*12*'穣']: 0,40,254,84,98,212,126,84,254,218,116,90,
[8*12*'穩']: 0,60,234,64,92,200,92,70,220,192,114,110,
[8*12*'穫']: 0,52,254,84,94,244,94,84,222,212,72,118,
[8*12*'穰']: 0,40,254,118,64,212,126,84,254,218,116,90,
[8*12*'穴']: 0,16,254,130,130,40,40,40,68,68,68,130,
[8*12*'究']: 0,16,254,170,40,76,32,248,40,42,74,142,
[8*12*'穹']: 0,16,254,170,76,124,4,124,64,126,2,14,
[8*12*'空']: 0,16,254,170,40,76,0,124,16,16,16,254,
[8*12*'穽']: 0,16,254,170,76,40,124,40,40,254,40,72,
[8*12*'穿']: 0,16,254,170,76,0,124,72,254,40,200,24,
[8*12*'突']: 0,16,254,170,40,76,16,254,16,40,68,130,
[8*12*'窃']: 0,16,254,170,76,0,94,234,74,74,106,22,
[8*12*'窄']: 0,16,254,170,76,32,62,80,158,16,30,16,
[8*12*'窈']: 0,16,254,170,76,72,158,202,74,170,234,22,
[8*12*'窒']: 0,16,254,170,76,254,40,116,16,124,16,254,
[8*12*'窓']: 0,16,254,170,76,16,40,116,0,84,202,186,
[8*12*'窕']: 0,16,254,170,76,40,170,108,170,40,74,142,
[8*12*'窖']: 0,16,254,170,76,80,124,144,254,16,124,124,
[8*12*'窗']: 0,16,254,170,76,16,254,154,170,146,170,254,
[8*12*'窘']: 0,16,254,170,76,124,20,254,36,126,162,62,
[8*12*'窟']: 0,16,254,170,76,126,66,126,92,72,170,190,
[8*12*'窩']: 0,16,254,170,76,124,68,92,84,254,170,186,
[8*12*'窪']: 0,16,254,170,72,156,8,190,8,28,136,190,
[8*12*'窮']: 0,16,254,170,76,38,114,86,252,54,210,54,
[8*12*'窯']: 0,16,254,170,76,40,124,16,124,16,254,170,
[8*12*'窰']: 0,16,254,170,76,56,72,60,80,254,84,124,
[8*12*'窶']: 0,16,254,170,76,16,124,254,84,254,40,246,
[8*12*'窺']: 0,16,254,170,76,94,242,94,242,94,108,150,
[8*12*'窿']: 0,16,254,170,76,212,200,182,200,220,136,190,
[8*12*'竃']: 0,16,254,170,76,254,84,254,146,254,16,30,
[8*12*'竄']: 0,16,254,170,76,32,108,68,124,84,92,242,
[8*12*'竅']: 0,16,254,170,76,36,246,250,42,244,84,186,
[8*12*'竇']: 0,16,254,170,76,16,254,108,124,68,124,130,
[8*12*'竈']: 0,16,254,170,76,254,108,238,170,238,40,62,
[8*12*'竊']: 0,16,254,170,76,230,68,238,74,254,246,82,
[8*12*'立']: 0,16,16,254,4,68,68,36,40,40,8,254,
[8*12*'竍']: 0,68,68,228,36,190,164,164,68,100,196,4,
[8*12*'竏']: 0,66,76,228,36,190,164,164,68,100,196,4,
[8*12*'竒']: 0,16,124,40,40,254,4,116,84,116,4,12,
[8*12*'竓']: 0,68,88,232,46,184,168,174,88,72,234,14,
[8*12*'竕']: 0,74,74,234,50,160,190,170,74,106,202,22,
[8*12*'站']: 0,72,72,232,46,168,168,190,82,114,210,30,
[8*12*'竚']: 0,68,94,242,32,174,164,164,68,100,196,12,
[8*12*'竜']: 0,16,124,40,40,254,84,124,84,124,18,30,
[8*12*'竝']: 0,68,68,254,34,170,170,170,74,100,196,30,
[8*12*'竟']: 0,16,124,40,254,68,124,68,124,40,42,206,
[8*12*'章']: 0,16,124,40,254,68,124,68,124,16,254,16,
[8*12*'竡']: 0,94,72,232,62,178,178,190,82,114,210,30,
[8*12*'竢']: 0,72,82,254,40,174,180,164,94,100,202,18,
[8*12*'竣']: 0,72,82,254,52,166,168,172,116,72,212,34,
[8*12*'童']: 0,16,124,40,40,254,84,124,84,124,16,254,
[8*12*'竦']: 0,72,94,232,62,170,170,190,72,92,234,8,
[8*12*'竪']: 0,238,194,234,228,196,234,16,124,40,40,254,
[8*12*'竭']: 0,78,74,238,42,174,168,174,90,118,218,6,
[8*12*'端']: 0,106,106,254,0,190,168,190,106,106,234,42,
[8*12*'竰']: 0,94,80,254,54,190,182,190,68,110,196,30,
[8*12*'競']: 0,36,254,90,90,254,90,90,126,36,108,182,
[8*12*'竸']: 0,36,254,90,254,90,126,90,126,36,108,182,
[8*12*'竹']: 0,72,72,110,180,36,36,36,36,36,36,44,
[8*12*'竺']: 0,72,72,110,180,36,0,124,0,0,0,254,
[8*12*'竿']: 0,72,110,180,0,124,16,16,254,16,16,16,
[8*12*'笂']: 0,72,110,180,32,248,40,104,56,42,74,142,
[8*12*'笄']: 0,72,110,180,0,124,40,40,254,40,40,72,
[8*12*'笆']: 0,72,110,180,0,252,148,148,252,130,130,126,
[8*12*'笈']: 0,72,110,180,0,248,40,46,34,84,72,182,
[8*12*'笊']: 0,72,110,180,8,116,84,84,84,84,84,146,
[8*12*'笋']: 0,72,110,180,2,124,20,254,20,124,16,96,
[8*12*'笏']: 0,72,110,180,64,126,170,42,74,146,34,12,
[8*12*'笑']: 0,72,110,180,8,112,16,254,16,40,68,130,
[8*12*'笘']: 0,72,110,180,16,28,16,16,124,68,68,124,
[8*12*'笙']: 0,72,110,180,16,80,124,144,124,16,16,254,
[8*12*'笛']: 0,72,110,180,16,124,84,84,124,84,84,124,
[8*12*'笞']: 0,72,110,180,0,16,36,250,0,124,68,124,
[8*12*'笠']: 0,72,110,180,16,16,254,36,36,40,8,254,
[8*12*'笥']: 0,72,110,180,126,2,122,2,122,74,122,6,
[8*12*'符']: 0,72,110,180,0,36,94,196,84,76,68,76,
[8*12*'笨']: 0,72,110,180,16,254,16,56,84,146,56,16,
[8*12*'第']: 0,72,110,180,124,20,124,80,126,50,86,144,
[8*12*'笳']: 0,72,110,180,64,254,90,90,90,90,158,176,
[8*12*'笵']: 0,72,110,180,0,158,82,146,22,80,146,158,
[8*12*'笶']: 0,72,110,180,64,124,144,16,254,16,40,198,
[8*12*'笹']: 0,72,110,180,0,84,254,84,84,92,64,126,
[8*12*'筅']: 0,72,110,180,80,124,144,254,40,40,74,142,
[8*12*'筆']: 0,72,110,180,124,20,254,20,124,16,254,16,
[8*12*'筈']: 0,72,110,180,12,112,16,254,16,124,68,124,
[8*12*'等']: 0,72,110,180,16,124,16,254,8,254,40,24,
[8*12*'筋']: 0,72,110,180,0,232,190,234,170,234,170,182,
[8*12*'筌']: 0,72,110,180,0,112,40,124,146,124,16,254,
[8*12*'筍']: 0,72,110,180,126,130,122,74,122,74,122,6,
[8*12*'筏']: 0,72,110,180,42,72,126,200,74,68,76,82,
[8*12*'筐']: 0,72,110,180,0,254,188,136,156,136,188,254,
[8*12*'筑']: 0,72,110,180,0,252,84,92,84,116,212,38,
[8*12*'筒']: 0,72,110,180,254,130,186,130,186,170,186,134,
[8*12*'答']: 0,72,110,180,16,40,68,186,0,124,68,124,
[8*12*'策']: 0,72,110,180,16,254,16,254,146,56,84,146,
[8*12*'筝']: 0,72,110,180,56,72,252,20,254,20,124,48,
[8*12*'筥']: 0,72,110,180,0,124,68,124,16,254,130,254,
[8*12*'筧']: 0,72,110,180,0,124,68,124,68,124,42,206,
[8*12*'筬']: 0,72,110,180,4,126,68,116,86,84,100,138,
[8*12*'筮']: 0,72,110,180,0,124,16,84,84,186,16,254,
[8*12*'筰']: 0,72,110,180,40,46,88,206,72,78,72,72,
[8*12*'筱']: 0,72,110,180,40,46,90,234,100,100,74,82,
[8*12*'筴']: 0,72,110,180,16,254,84,84,186,16,40,198,
[8*12*'筵']: 0,72,110,180,2,220,68,150,84,222,64,190,
[8*12*'筺']: 0,72,110,180,0,254,188,136,156,138,188,254,
[8*12*'箆']: 0,72,110,180,124,84,108,74,108,72,106,206,
[8*12*'箇']: 0,72,110,180,0,254,146,186,146,186,170,254,
[8*12*'箋']: 0,72,110,180,8,250,12,50,252,10,12,114,
[8*12*'箍']: 0,72,110,180,84,222,116,94,212,94,84,222,
[8*12*'箏']: 0,72,110,180,56,84,252,20,254,20,124,48,
[8*12*'箒']: 0,72,110,180,124,4,254,4,254,146,124,84,
[8*12*'箔']: 0,72,110,180,8,190,34,190,34,34,162,190,
[8*12*'箕']: 0,72,110,180,68,254,68,124,68,254,68,130,
[8*12*'算']: 0,72,110,180,124,68,124,68,124,40,254,72,
[8*12*'箘']: 0,72,110,180,254,138,178,254,186,214,146,254,
[8*12*'箙']: 0,72,110,180,0,238,170,232,174,234,172,170,
[8*12*'箚']: 0,72,110,180,34,82,138,122,10,114,82,118,
[8*12*'箜']: 0,72,110,180,16,254,170,76,0,124,16,254,
[8*12*'箝']: 0,72,110,180,0,84,254,84,92,212,84,220,
[8*12*'箟']: 0,72,110,180,124,124,68,124,72,108,74,238,
[8*12*'管']: 0,72,110,180,16,254,170,186,32,60,36,60,
[8*12*'箪']: 0,72,110,180,84,124,84,124,84,254,16,16,
[8*12*'箭']: 0,72,110,180,72,254,0,234,170,234,162,166,
[8*12*'箱']: 0,72,110,180,0,46,250,46,122,110,170,46,
[8*12*'箴']: 0,72,110,180,4,126,68,116,70,116,116,138,
[8*12*'箸']: 0,72,110,180,16,122,20,254,36,124,164,60,
[8*12*'節']: 0,72,110,180,0,238,170,234,170,234,136,232,
[8*12*'篁']: 0,72,110,180,16,124,68,124,68,254,16,254,
[8*12*'範']: 0,72,110,180,46,250,42,250,248,42,250,46,
[8*12*'篆']: 0,72,110,180,32,60,72,254,48,218,44,218,
[8*12*'篇']: 0,72,110,180,254,68,124,64,126,106,126,170,
[8*12*'築']: 0,72,110,180,252,84,230,16,254,56,84,146,
[8*12*'篋']: 0,72,110,180,254,136,190,148,170,136,148,254,
[8*12*'篌']: 0,72,110,180,0,44,68,222,76,94,68,90,
[8*12*'篏']: 0,72,110,180,0,84,246,90,116,84,84,122,
[8*12*'篝']: 0,72,110,180,40,124,40,254,124,84,254,68,
[8*12*'篠']: 0,72,110,180,38,74,100,234,126,108,86,68,
[8*12*'篤']: 0,72,110,180,124,80,124,80,126,2,170,134,
[8*12*'篥']: 0,72,110,180,254,40,124,124,16,254,56,214,
[8*12*'篦']: 0,72,110,180,124,108,84,124,72,108,74,238,
[8*12*'篩']: 0,72,110,180,64,238,164,254,150,246,164,228,
[8*12*'篭']: 0,72,110,180,16,124,40,254,84,124,18,30,
[8*12*'篳']: 0,72,110,180,124,84,124,84,254,84,254,16,
[8*12*'篶']: 0,72,110,180,120,28,80,254,64,126,2,170,
[8*12*'篷']: 0,72,110,180,12,148,8,54,200,126,72,190,
[8*12*'簀']: 0,72,110,180,124,16,254,68,124,68,124,130,
[8*12*'簇']: 0,72,110,180,72,238,80,110,180,174,36,106,
[8*12*'簍']: 0,72,110,180,16,124,254,84,124,254,40,246,
[8*12*'簑']: 0,72,110,180,16,254,68,254,68,124,168,54,
[8*12*'簒']: 0,72,110,180,124,68,254,68,170,40,82,190,
[8*12*'簓']: 0,72,110,180,0,250,172,250,172,216,250,140,
[8*12*'簔']: 0,72,110,180,16,254,40,254,40,126,168,54,
[8*12*'簗']: 0,72,110,180,0,188,20,182,44,254,56,214,
[8*12*'簟']: 0,72,110,180,254,170,254,68,124,16,254,16,
[8*12*'簡']: 0,72,110,180,238,170,238,186,170,186,170,186,
[8*12*'簣']: 0,72,110,180,124,84,254,68,124,68,124,130,
[8*12*'簧']: 0,72,110,180,40,124,40,254,124,84,124,130,
[8*12*'簪']: 0,72,110,180,126,108,254,108,182,124,68,124,
[8*12*'簫']: 0,72,110,180,124,20,254,106,110,66,110,170,
[8*12*'簷']: 0,72,110,188,68,254,86,96,92,64,94,158,
[8*12*'簸']: 0,72,110,180,84,254,86,116,94,250,4,154,
[8*12*'簽']: 0,72,110,148,40,254,0,238,170,238,68,170,
[8*12*'簾']: 0,72,110,180,126,84,126,86,126,84,118,148,
[8*12*'簿']: 0,72,110,180,8,190,28,156,4,62,148,140,
[8*12*'籀']: 0,72,110,180,72,214,86,90,192,94,86,222,
[8*12*'籃']: 0,72,110,180,8,238,192,238,0,124,84,254,
[8*12*'籌']: 0,72,110,180,16,254,16,254,2,254,100,108,
[8*12*'籍']: 0,72,110,180,42,254,42,254,32,254,106,174,
[8*12*'籏']: 0,72,110,176,74,238,74,110,170,190,32,106,
[8*12*'籐']: 0,72,110,180,20,234,188,232,180,234,188,170,
[8*12*'籔']: 0,72,110,180,36,118,250,42,122,244,84,234,
[8*12*'籖']: 0,72,110,180,36,118,36,254,84,222,84,250,
[8*12*'籘']: 0,72,110,180,20,234,188,232,180,250,168,170,
[8*12*'籟']: 0,72,110,180,46,246,122,112,38,118,160,42,
[8*12*'籠']: 0,72,110,180,38,244,86,242,84,118,84,86,
[8*12*'籤']: 0,72,110,180,4,86,172,254,84,222,84,250,
[8*12*'籥']: 0,72,110,180,16,40,254,84,254,170,254,170,
[8*12*'籬']: 0,72,110,180,74,238,188,238,76,238,236,174,
[8*12*'米']: 0,16,84,84,16,254,16,56,56,84,146,16,
[8*12*'籵']: 0,36,180,164,36,254,36,100,116,164,36,36,
[8*12*'籾']: 0,94,234,202,74,218,78,202,234,202,74,86,
[8*12*'粁']: 0,34,172,164,36,254,36,100,116,164,36,36,
[8*12*'粂']: 0,32,60,68,24,230,16,84,254,56,84,146,
[8*12*'粃']: 0,84,212,212,94,212,84,212,212,212,92,118,
[8*12*'粉']: 0,84,212,212,98,192,94,202,202,210,82,102,
[8*12*'粋']: 0,72,252,212,84,230,72,200,254,200,72,72,
[8*12*'粍']: 0,68,216,200,78,248,72,206,248,200,74,78,
[8*12*'粐']: 0,94,192,222,82,210,82,222,208,208,80,96,
[8*12*'粒']: 0,72,200,254,68,212,84,212,212,200,72,126,
[8*12*'粕']: 0,72,232,222,82,242,94,210,242,210,82,94,
[8*12*'粗']: 0,92,212,212,92,212,84,220,212,212,84,126,
[8*12*'粘']: 0,72,232,200,78,232,72,222,242,210,82,94,
[8*12*'粛']: 0,16,124,20,254,20,252,86,122,94,122,150,
[8*12*'粟']: 0,254,40,254,170,254,16,84,254,56,84,146,
[8*12*'粡']: 0,94,210,222,82,222,86,214,214,222,82,86,
[8*12*'粢']: 0,16,222,42,72,182,0,84,254,56,84,146,
[8*12*'粤']: 0,16,124,108,84,124,84,254,64,124,4,28,
[8*12*'粥']: 0,214,122,114,214,188,148,246,122,114,82,214,
[8*12*'粧']: 0,68,222,208,84,212,94,212,212,212,100,94,
[8*12*'粨']: 0,94,232,200,94,242,82,222,242,210,82,94,
[8*12*'粫']: 0,126,208,208,126,234,106,234,234,234,106,106,
[8*12*'粭']: 0,72,212,226,92,192,64,222,210,210,82,94,
[8*12*'粮']: 0,68,222,210,94,210,94,212,214,212,82,90,
[8*12*'粱']: 0,188,20,182,20,172,16,84,254,56,84,146,
[8*12*'粲']: 0,46,50,106,164,74,144,84,254,56,84,146,
[8*12*'粳']: 0,126,200,254,106,254,106,254,200,216,72,118,
[8*12*'粹']: 0,72,254,212,84,234,72,200,254,200,72,72,
[8*12*'粽']: 0,72,254,226,92,192,126,200,234,234,72,88,
[8*12*'精']: 0,72,220,200,92,200,126,212,220,212,92,84,
[8*12*'糀']: 0,84,254,212,64,212,84,246,212,212,84,86,
[8*12*'糂']: 0,84,254,212,92,212,92,212,254,246,96,126,
[8*12*'糅']: 0,92,196,254,90,232,72,254,200,220,106,72,
[8*12*'糊']: 0,86,214,254,86,214,126,238,238,238,122,74,
[8*12*'糎']: 0,94,208,222,86,222,86,222,212,238,68,94,
[8*12*'糒']: 0,84,254,212,126,208,94,234,254,234,126,106,
[8*12*'糖']: 0,68,222,212,94,214,94,208,222,242,82,94,
[8*12*'糘']: 0,72,254,226,92,216,110,212,236,212,102,88,
[8*12*'糜']: 0,8,126,84,126,126,84,64,106,126,92,170,
[8*12*'糞']: 0,84,254,84,146,124,84,124,40,254,68,130,
[8*12*'糟']: 0,84,254,212,126,246,126,254,212,220,84,92,
[8*12*'糠']: 0,68,222,212,94,214,94,228,214,204,86,76,
[8*12*'糢']: 0,84,254,212,126,226,126,200,254,200,84,98,
[8*12*'糧']: 0,92,212,220,84,254,106,254,234,254,72,126,
[8*12*'糯']: 0,92,200,254,106,192,126,200,254,234,106,106,
[8*12*'糲']: 0,94,208,218,94,218,94,222,212,238,78,74,
[8*12*'糴']: 0,222,74,94,170,0,170,94,244,94,244,94,
[8*12*'糶']: 0,190,234,190,234,0,170,94,244,94,244,94,
[8*12*'糸']: 0,16,16,100,40,16,36,250,16,84,146,16,
[8*12*'糺']: 0,72,72,136,200,72,168,200,72,234,74,78,
[8*12*'系']: 0,12,112,32,104,16,36,250,16,84,146,16,
[8*12*'糾']: 0,68,84,148,212,84,148,212,86,252,68,68,
[8*12*'紀']: 0,94,66,130,194,94,144,208,80,242,82,94,
[8*12*'紂']: 0,68,68,190,196,68,148,204,68,228,68,76,
[8*12*'約']: 0,80,94,162,194,82,138,202,66,226,66,76,
[8*12*'紅']: 0,64,94,132,196,68,164,196,68,228,68,94,
[8*12*'紆']: 0,94,68,132,196,94,164,196,68,228,68,76,
[8*12*'紊']: 0,16,254,68,56,198,16,96,20,254,84,146,
[8*12*'紋']: 0,72,72,190,212,84,148,200,72,212,84,98,
[8*12*'納']: 0,72,72,190,234,106,170,246,118,226,98,102,
[8*12*'紐']: 0,124,84,148,212,84,190,212,84,212,84,126,
[8*12*'純']: 0,72,78,184,200,106,170,254,72,200,74,78,
[8*12*'紕']: 0,84,84,148,222,84,148,212,84,212,92,118,
[8*12*'紗']: 0,72,72,172,234,74,136,218,66,196,72,112,
[8*12*'紘']: 0,72,72,190,200,80,148,228,72,200,82,94,
[8*12*'紙']: 0,66,92,148,212,84,158,212,84,244,82,90,
[8*12*'級']: 0,92,68,148,212,86,146,218,90,212,100,90,
[8*12*'紛']: 0,84,84,148,226,64,158,202,74,210,82,102,
[8*12*'紜']: 0,78,64,128,222,68,164,200,72,234,82,94,
[8*12*'素']: 0,16,124,16,124,16,254,80,36,254,84,146,
[8*12*'紡']: 0,68,68,158,200,72,174,202,74,234,74,86,
[8*12*'索']: 0,16,124,16,254,170,146,36,250,16,84,146,
[8*12*'紫']: 0,36,182,164,246,16,96,20,250,16,84,146,
[8*12*'紬']: 0,72,72,190,234,106,190,234,106,234,106,126,
[8*12*'紮']: 0,40,248,40,122,174,16,96,20,254,84,146,
[8*12*'累']: 0,124,84,124,84,124,80,36,254,84,146,16,
[8*12*'細']: 0,94,86,150,214,86,158,214,86,246,86,94,
[8*12*'紲']: 0,106,106,170,254,106,170,234,110,224,96,126,
[8*12*'紳']: 0,72,72,190,234,106,190,234,106,254,72,72,
[8*12*'紵']: 0,68,94,146,192,94,164,196,68,228,68,76,
[8*12*'紹']: 0,94,74,138,202,86,160,222,82,242,82,94,
[8*12*'紺']: 0,82,82,190,210,82,158,210,82,210,82,94,
[8*12*'紿']: 0,68,68,136,202,94,128,206,74,234,74,78,
[8*12*'終']: 0,72,76,148,200,84,162,200,68,192,88,68,
[8*12*'絃']: 0,68,68,158,196,72,154,196,68,232,82,94,
[8*12*'組']: 0,92,84,148,220,84,148,220,84,212,84,126,
[8*12*'絅']: 0,94,82,146,222,86,182,214,94,242,82,86,
[8*12*'絆']: 0,72,92,170,200,92,136,200,126,200,72,72,
[8*12*'絋']: 0,68,94,144,212,84,148,212,104,202,82,94,
[8*12*'経']: 0,92,68,148,200,84,170,200,92,200,72,126,
[8*12*'絎']: 0,86,80,160,206,82,178,210,82,210,82,86,
[8*12*'絏']: 0,72,126,170,254,106,190,200,74,196,76,114,
[8*12*'結']: 0,68,68,190,196,68,158,192,94,210,82,94,
[8*12*'絖']: 0,72,106,170,200,126,148,212,84,212,84,102,
[8*12*'絛']: 0,40,46,90,100,250,112,106,126,100,86,68,
[8*12*'絞']: 0,72,126,148,212,98,148,212,72,200,84,98,
[8*12*'絡']: 0,80,92,148,232,72,148,226,92,212,84,92,
[8*12*'絢']: 0,80,94,162,222,86,158,214,86,222,66,70,
[8*12*'絣']: 0,84,72,190,212,84,190,212,84,212,84,100,
[8*12*'給']: 0,72,84,162,220,64,128,222,82,242,82,94,
[8*12*'絨']: 0,74,72,190,196,84,188,214,84,228,74,82,
[8*12*'絮']: 0,46,250,90,42,222,16,96,20,254,84,146,
[8*12*'統']: 0,72,126,136,208,98,190,212,84,212,84,102,
[8*12*'絲']: 0,68,68,136,204,68,170,204,68,238,68,68,
[8*12*'絳']: 0,78,74,148,196,90,132,222,84,222,68,68,
[8*12*'絵']: 0,72,84,162,220,64,190,200,72,208,84,122,
[8*12*'絶']: 0,76,84,132,222,90,186,222,80,242,82,94,
[8*12*'絹']: 0,94,82,158,192,94,146,222,82,222,82,86,
[8*12*'絽']: 0,94,82,146,222,72,136,222,82,242,82,94,
[8*12*'綉']: 0,68,88,136,254,92,170,252,84,214,82,102,
[8*12*'綏']: 0,92,64,148,234,64,136,254,84,216,76,114,
[8*12*'經']: 0,94,74,138,212,74,170,192,94,228,68,94,
[8*12*'継']: 0,84,94,156,212,94,148,222,92,244,80,94,
[8*12*'続']: 0,72,126,136,220,64,190,226,84,212,84,102,
[8*12*'綛']: 0,94,74,154,206,74,150,192,84,208,114,110,
[8*12*'綜']: 0,72,126,162,220,64,190,200,106,234,72,88,
[8*12*'綟']: 0,94,64,158,210,94,148,222,84,228,74,82,
[8*12*'綢']: 0,126,98,170,254,106,190,234,118,254,98,102,
[8*12*'綣']: 0,72,92,170,200,126,148,226,92,212,82,94,
[8*12*'綫']: 0,74,124,138,196,90,128,202,124,202,68,90,
[8*12*'綬']: 0,70,88,170,254,98,156,196,84,200,84,98,
[8*12*'維']: 0,84,84,158,212,94,180,212,94,244,84,94,
[8*12*'綮']: 0,244,6,122,84,116,138,48,36,254,84,146,
[8*12*'綯']: 0,80,94,178,222,106,158,202,106,254,66,70,
[8*12*'綰']: 0,68,94,146,206,74,174,200,78,234,74,78,
[8*12*'綱']: 0,126,98,182,234,126,170,234,126,254,98,102,
[8*12*'網']: 0,126,98,182,254,106,190,242,114,238,98,102,
[8*12*'綴']: 0,94,74,138,212,106,128,222,74,234,84,106,
[8*12*'綵']: 0,92,64,148,234,64,136,254,72,220,106,72,
[8*12*'綸']: 0,72,84,162,220,64,190,234,126,234,106,106,
[8*12*'綺']: 0,72,126,136,212,98,190,194,122,234,122,70,
[8*12*'綻']: 0,68,94,146,206,68,132,214,84,212,84,110,
[8*12*'綽']: 0,72,78,136,220,84,156,212,92,200,126,72,
[8*12*'綾']: 0,72,92,136,254,84,166,220,116,200,84,98,
[8*12*'綿']: 0,72,92,148,220,84,156,200,126,234,106,72,
[8*12*'緇']: 0,74,74,148,202,74,158,214,94,246,86,94,
[8*12*'緊']: 0,238,194,234,228,196,234,16,36,254,84,146,
[8*12*'緋']: 0,84,84,182,212,118,148,212,118,212,84,100,
[8*12*'総']: 0,84,84,162,200,84,186,192,84,208,114,110,
[8*12*'緑']: 0,92,68,156,196,126,136,234,92,234,72,88,
[8*12*'緒']: 0,72,74,156,200,126,144,222,114,222,82,94,
[8*12*'緕']: 0,68,94,138,196,90,170,206,74,238,74,82,
[8*12*'緘']: 0,74,72,190,228,124,164,254,108,236,122,74,
[8*12*'線']: 0,72,92,148,220,84,156,200,122,220,106,88,
[8*12*'緜']: 0,46,244,152,252,148,250,46,244,174,174,36,
[8*12*'緝']: 0,92,84,156,192,126,148,220,84,222,116,68,
[8*12*'緞']: 0,72,86,150,218,80,182,210,90,244,84,90,
[8*12*'締']: 0,72,126,148,212,126,170,200,126,234,106,72,
[8*12*'緡']: 0,94,82,158,212,90,128,222,82,222,82,94,
[8*12*'緤']: 0,106,126,170,238,96,190,200,126,220,106,72,
[8*12*'編']: 0,94,64,158,210,94,144,222,106,254,106,106,
[8*12*'緩']: 0,70,88,170,254,72,190,208,94,242,76,114,
[8*12*'緬']: 0,94,68,136,222,86,190,214,94,246,86,94,
[8*12*'緯']: 0,68,94,138,254,82,158,196,94,212,126,68,
[8*12*'緲']: 0,66,122,174,254,110,170,250,104,234,122,68,
[8*12*'練']: 0,72,126,136,254,106,190,234,126,200,92,106,
[8*12*'緻']: 0,68,124,150,214,102,190,214,124,212,122,74,
[8*12*'縁']: 0,92,68,156,196,126,136,214,108,212,102,88,
[8*12*'縄']: 0,126,106,190,200,126,170,254,106,254,72,78,
[8*12*'縅']: 0,74,72,190,228,124,172,254,116,220,76,82,
[8*12*'縉']: 0,126,82,164,246,126,128,220,84,220,84,92,
[8*12*'縊']: 0,84,98,128,220,64,148,226,64,220,92,126,
[8*12*'縋']: 0,82,70,134,214,68,134,246,86,214,80,110,
[8*12*'縒']: 0,84,126,136,220,72,190,208,94,212,100,94,
[8*12*'縛']: 0,74,126,136,254,106,190,196,126,196,84,76,
[8*12*'縞']: 0,72,126,148,220,64,190,226,126,246,126,98,
[8*12*'縟']: 0,94,80,150,208,94,148,218,100,254,84,76,
[8*12*'縡']: 0,72,126,162,200,126,148,254,72,254,72,72,
[8*12*'縢']: 0,232,188,170,232,190,180,242,168,190,168,170,
[8*12*'縣']: 0,110,100,232,236,228,138,254,36,182,182,36,
[8*12*'縦']: 0,90,82,160,206,84,180,212,86,212,92,86,
[8*12*'縫']: 0,86,74,132,202,68,190,212,94,212,80,110,
[8*12*'縮']: 0,72,126,162,222,100,174,234,110,234,106,110,
[8*12*'縱']: 0,84,84,170,192,84,180,214,84,212,92,86,
[8*12*'縲']: 0,126,106,190,234,126,144,202,126,200,106,72,
[8*12*'縵']: 0,92,84,156,212,126,170,254,84,200,84,98,
[8*12*'縷']: 0,72,92,190,200,92,156,200,126,212,76,114,
[8*12*'縹']: 0,126,84,190,254,64,156,192,126,200,106,88,
[8*12*'縺']: 0,84,78,148,206,78,190,212,94,212,80,110,
[8*12*'縻']: 0,8,126,84,126,126,84,104,82,126,72,170,
[8*12*'總']: 0,72,94,154,222,86,154,222,64,212,114,110,
[8*12*'績']: 0,72,92,136,220,72,190,212,92,212,92,98,
[8*12*'繁']: 0,132,246,106,244,106,16,96,20,254,84,146,
[8*12*'繃']: 0,106,106,190,192,118,182,246,118,246,118,90,
[8*12*'繆']: 0,118,82,182,210,72,148,234,68,202,68,88,
[8*12*'繊']: 0,86,124,148,254,84,148,252,86,212,92,114,
[8*12*'繋']: 0,46,250,96,110,244,42,16,36,254,84,146,
[8*12*'繍']: 0,72,94,138,222,72,170,254,106,254,106,74,
[8*12*'織']: 0,84,86,188,236,126,132,252,110,252,108,122,
[8*12*'繕']: 0,84,126,136,220,72,190,212,126,220,84,92,
[8*12*'繖']: 0,104,120,174,250,74,186,234,124,236,106,106,
[8*12*'繙']: 0,92,72,170,254,92,170,254,106,254,106,126,
[8*12*'繚']: 0,72,126,136,234,84,190,212,92,200,106,88,
[8*12*'繝']: 0,118,118,182,246,98,174,238,110,238,118,98,
[8*12*'繞']: 0,72,92,136,254,84,190,192,126,212,84,102,
[8*12*'繦']: 0,126,90,158,244,110,170,254,84,212,86,126,
[8*12*'繧']: 0,92,72,190,234,64,156,192,126,200,84,122,
[8*12*'繩']: 0,126,118,182,212,118,182,246,118,212,84,94,
[8*12*'繪']: 0,72,84,190,192,126,170,254,84,220,84,92,
[8*12*'繭']: 0,40,254,40,254,146,182,222,190,246,190,146,
[8*12*'繰']: 0,92,84,156,254,106,190,200,126,220,106,72,
[8*12*'繹']: 0,126,106,190,200,92,190,212,126,200,126,72,
[8*12*'繻']: 0,92,72,190,234,64,190,200,126,234,106,106,
[8*12*'繼']: 0,90,84,154,212,94,176,218,84,250,84,94,
[8*12*'繽']: 0,72,126,162,220,106,140,244,92,212,92,98,
[8*12*'繿']: 0,116,102,176,240,102,176,192,92,220,92,126,
[8*12*'纂']: 0,72,110,180,124,68,254,84,162,124,84,146,
[8*12*'纃']: 0,72,126,136,246,84,170,220,84,220,84,100,
[8*12*'纈']: 0,86,84,190,214,86,190,198,126,238,120,74,
[8*12*'纉']: 0,84,126,148,234,92,148,220,84,220,64,98,
[8*12*'續']: 0,72,126,136,254,118,190,212,92,212,92,98,
[8*12*'纎']: 0,86,124,148,254,84,188,214,124,212,92,114,
[8*12*'纏']: 0,68,126,160,238,110,164,254,106,244,100,94,
[8*12*'纐']: 0,86,124,172,238,70,174,238,86,214,104,74,
[8*12*'纒']: 0,94,80,158,222,84,158,208,90,208,100,94,
[8*12*'纓']: 0,118,118,182,192,106,144,254,84,216,76,114,
[8*12*'纔']: 0,76,84,190,228,118,140,212,126,234,92,102,
[8*12*'纖']: 0,84,86,172,196,126,148,252,86,252,84,122,
[8*12*'纛']: 0,16,254,124,254,100,104,132,254,36,182,36,
[8*12*'纜']: 0,116,102,176,230,126,148,220,84,220,84,102,
[8*12*'缶']: 0,64,124,80,144,16,254,16,84,84,84,124,
[8*12*'缸']: 0,128,254,164,36,244,36,36,180,180,244,14,
[8*12*'缺']: 0,132,254,166,38,246,46,36,180,180,244,10,
[8*12*'罅']: 0,132,230,196,94,244,86,92,244,238,228,12,
[8*12*'罌']: 0,238,170,238,0,170,64,124,144,254,84,124,
[8*12*'罍']: 0,124,124,124,238,238,64,124,144,254,84,124,
[8*12*'罎']: 0,142,234,206,74,254,86,64,238,228,234,30,
[8*12*'罐']: 0,148,254,212,118,246,84,94,244,222,212,30,
[8*12*'网']: 0,254,130,150,214,170,170,170,214,210,130,134,
[8*12*'罔']: 0,254,130,170,146,254,146,254,162,162,186,134,
[8*12*'罕']: 0,254,170,40,76,0,124,16,254,16,16,16,
[8*12*'罘']: 0,254,170,254,0,254,16,48,84,146,16,16,
[8*12*'罟']: 0,254,170,254,16,254,16,16,124,68,68,124,
[8*12*'罠']: 0,254,170,254,0,124,68,124,80,126,72,230,
[8*12*'罧']: 0,254,170,254,36,254,36,108,108,182,36,36,
[8*12*'罨']: 0,254,170,254,16,254,84,254,84,124,18,30,
[8*12*'罩']: 0,254,170,254,16,30,124,68,124,68,254,16,
[8*12*'罪']: 0,254,170,254,40,238,40,238,40,238,40,72,
[8*12*'罫']: 0,254,170,254,40,120,40,252,42,104,56,200,
[8*12*'置']: 0,254,170,254,16,254,36,188,164,188,128,254,
[8*12*'罰']: 0,254,170,254,0,234,10,234,10,226,162,230,
[8*12*'署']: 0,254,170,254,16,122,20,254,36,124,164,60,
[8*12*'罵']: 0,254,170,254,0,124,80,124,80,126,2,170,
[8*12*'罷']: 0,254,170,254,68,150,244,6,244,150,244,150,
[8*12*'罸']: 0,254,170,254,4,228,30,228,20,228,164,236,
[8*12*'罹']: 0,254,170,254,84,222,212,222,84,94,84,94,
[8*12*'羂']: 0,254,170,254,82,158,64,190,210,94,242,86,
[8*12*'羃']: 0,254,170,254,40,254,68,254,84,146,124,84,
[8*12*'羅']: 0,254,170,254,84,158,84,190,212,94,244,94,
[8*12*'羆']: 0,254,170,254,68,150,244,150,244,150,0,170,
[8*12*'羇']: 0,254,170,254,4,174,228,170,254,74,238,66,
[8*12*'羈']: 0,254,170,254,0,174,236,174,236,78,226,86,
[8*12*'羊']: 0,68,8,254,16,16,124,16,16,254,16,16,
[8*12*'羌']: 0,68,254,16,124,16,16,254,40,40,74,142,
[8*12*'美']: 0,68,254,16,124,16,254,16,254,16,40,198,
[8*12*'羔']: 0,68,8,254,16,124,16,16,254,0,84,170,
[8*12*'羚']: 0,168,84,226,92,224,94,106,202,74,72,136,
[8*12*'羝']: 0,162,92,244,84,254,84,116,212,90,66,154,
[8*12*'羞']: 0,68,254,16,124,16,254,124,84,126,84,190,
[8*12*'羣']: 0,124,20,254,50,222,40,254,16,254,16,16,
[8*12*'群']: 0,250,84,94,244,84,254,68,116,222,84,116,
[8*12*'羨']: 0,68,254,16,254,16,158,42,136,8,148,162,
[8*12*'義']: 0,68,254,16,124,16,254,104,42,254,36,106,
[8*12*'羮']: 0,68,254,16,124,0,170,124,16,254,40,198,
[8*12*'羯']: 0,174,74,238,74,238,72,110,218,86,90,134,
[8*12*'羲']: 0,68,254,16,124,16,254,104,252,74,36,106,
[8*12*'羶']: 0,164,94,224,94,250,94,110,202,78,64,158,
[8*12*'羸']: 0,16,254,64,124,0,110,86,126,86,122,146,
[8*12*'羹']: 0,68,254,16,124,0,170,16,124,254,40,198,
[8*12*'羽']: 0,238,34,170,102,34,34,102,170,34,34,102,
[8*12*'翁']: 0,40,68,170,116,0,238,34,170,102,170,102,
[8*12*'翅']: 0,94,74,238,90,234,46,186,74,74,96,158,
[8*12*'翆']: 0,238,102,170,32,120,42,206,16,254,16,16,
[8*12*'翊']: 0,94,74,234,46,186,170,174,90,106,202,10,
[8*12*'翌']: 0,238,34,170,102,170,102,16,124,40,40,254,
[8*12*'習']: 0,238,34,170,102,170,16,124,68,124,68,124,
[8*12*'翔']: 0,190,74,234,94,234,74,110,218,74,74,138,
[8*12*'翕']: 0,16,40,254,68,124,238,102,170,102,170,102,
[8*12*'翠']: 0,238,170,102,170,16,254,84,186,16,254,16,
[8*12*'翡']: 0,40,238,40,238,40,238,102,170,102,170,102,
[8*12*'翦']: 0,68,254,84,116,84,238,102,170,102,170,102,
[8*12*'翩']: 0,222,10,234,174,250,138,238,250,234,234,170,
[8*12*'翫']: 0,240,94,240,80,254,84,244,148,244,148,246,
[8*12*'翰']: 0,68,234,64,254,170,254,170,238,90,234,74,
[8*12*'翳']: 0,254,202,240,174,212,250,0,238,102,170,102,
[8*12*'翹']: 0,94,234,78,250,106,238,26,234,74,64,190,
[8*12*'翻']: 0,126,170,106,254,106,170,238,186,234,170,234,
[8*12*'翼']: 0,238,170,102,170,126,84,124,40,254,68,130,
[8*12*'耀']: 0,62,170,190,42,254,84,94,84,94,84,158,
[8*12*'老']: 0,16,16,122,20,254,16,36,120,160,34,62,
[8*12*'考']: 0,16,122,20,254,16,60,96,190,2,2,12,
[8*12*'耄']: 0,16,122,20,254,96,188,30,240,30,240,30,
[8*12*'者']: 0,16,16,122,20,254,32,124,164,60,36,60,
[8*12*'耆']: 0,16,122,20,254,96,190,124,68,124,68,124,
[8*12*'耋']: 0,16,122,20,254,96,188,16,40,116,16,254,
[8*12*'而']: 0,254,16,32,254,170,170,170,170,170,170,134,
[8*12*'耐']: 0,242,66,78,242,178,186,182,178,178,178,150,
[8*12*'耒']: 0,20,120,16,124,16,254,16,56,84,146,16,
[8*12*'耕']: 0,84,212,126,212,84,212,126,212,212,84,100,
[8*12*'耗']: 0,68,216,72,206,120,200,78,248,200,74,78,
[8*12*'耘']: 0,78,224,64,254,68,228,72,232,202,82,94,
[8*12*'耙']: 0,94,246,86,246,86,254,80,240,210,82,94,
[8*12*'耜']: 0,94,242,82,254,80,254,82,242,210,82,94,
[8*12*'耡']: 0,68,252,110,254,110,238,126,238,234,114,70,
[8*12*'耨']: 0,94,208,86,208,94,244,90,196,254,84,76,
[8*12*'耳']: 0,254,68,124,68,68,124,68,68,94,228,4,
[8*12*'耶']: 0,254,86,118,84,86,118,86,86,116,212,20,
[8*12*'耻']: 0,228,100,100,116,118,116,116,116,244,52,62,
[8*12*'耽']: 0,232,126,106,106,104,108,108,108,244,52,38,
[8*12*'耿']: 0,228,100,100,118,116,100,100,100,234,42,50,
[8*12*'聆']: 0,232,116,98,108,96,126,106,106,234,40,40,
[8*12*'聊']: 0,232,118,118,118,118,118,118,124,236,44,52,
[8*12*'聒']: 0,226,108,100,100,126,100,100,110,234,42,46,
[8*12*'聖']: 0,240,94,122,90,254,16,124,16,124,16,254,
[8*12*'聘']: 0,228,110,110,110,110,96,126,104,238,34,38,
[8*12*'聚']: 0,254,98,106,100,244,42,16,90,148,84,146,
[8*12*'聞']: 0,238,170,238,170,254,170,186,170,190,234,138,
[8*12*'聟']: 0,128,238,74,174,0,254,68,124,68,254,4,
[8*12*'聡']: 0,234,106,112,100,106,126,96,106,232,58,54,
[8*12*'聢']: 0,228,126,114,110,100,100,118,116,244,52,46,
[8*12*'聨']: 0,234,116,106,116,126,96,106,126,234,42,50,
[8*12*'聯']: 0,234,116,106,116,126,116,116,118,246,52,36,
[8*12*'聰']: 0,232,126,122,126,118,122,126,96,244,50,46,
[8*12*'聲']: 0,46,250,110,100,138,254,68,124,68,254,4,
[8*12*'聳']: 0,84,170,68,214,84,254,68,124,68,254,4,
[8*12*'聴']: 0,228,126,100,126,118,126,96,106,232,58,54,
[8*12*'聶']: 0,124,40,56,40,124,8,254,108,108,254,36,
[8*12*'職']: 0,244,118,124,108,126,100,124,110,252,44,58,
[8*12*'聹']: 0,228,126,114,108,118,96,126,118,254,36,44,
[8*12*'聽']: 0,228,126,100,254,54,254,96,254,104,250,54,
[8*12*'聾']: 0,38,244,86,242,84,254,68,124,68,254,4,
[8*12*'聿']: 0,16,124,20,254,20,124,16,124,16,254,16,
[8*12*'肄']: 0,132,174,198,174,230,206,68,238,68,94,164,
[8*12*'肅']: 0,16,124,20,254,20,252,106,110,66,110,170,
[8*12*'肆']: 0,116,78,102,78,102,78,244,46,68,94,244,
[8*12*'肇']: 0,246,90,116,74,144,124,20,254,16,254,16,
[8*12*'肉']: 0,16,254,146,170,198,146,146,170,198,130,134,
[8*12*'肋']: 0,232,168,190,234,170,170,234,170,170,178,166,
[8*12*'肌']: 0,238,170,170,234,170,170,234,170,170,170,178,
[8*12*'肓']: 0,16,254,64,124,0,124,68,124,68,68,76,
[8*12*'肖']: 0,146,84,16,254,130,254,130,254,130,130,134,
[8*12*'肘']: 0,228,164,190,228,164,180,236,164,164,164,172,
[8*12*'肚']: 0,228,164,164,238,164,164,228,164,164,164,190,
[8*12*'肛']: 0,224,174,164,228,164,164,228,164,164,164,190,
[8*12*'肝']: 0,238,164,164,228,190,164,228,164,164,164,164,
[8*12*'股']: 0,238,170,170,224,174,162,234,164,164,170,178,
[8*12*'肢']: 0,228,164,190,228,174,162,234,164,164,170,178,
[8*12*'肥']: 0,254,170,170,234,170,190,224,160,162,162,190,
[8*12*'肩']: 0,254,0,126,66,126,64,94,82,94,82,150,
[8*12*'肪']: 0,228,164,190,232,168,174,234,170,170,170,182,
[8*12*'肬']: 0,234,168,190,232,172,172,236,172,180,180,166,
[8*12*'肭']: 0,236,164,190,246,182,182,250,178,178,178,182,
[8*12*'肯']: 0,16,92,80,254,68,124,68,124,68,68,76,
[8*12*'肱']: 0,228,164,190,232,170,178,244,164,168,170,190,
[8*12*'育']: 0,16,254,16,36,254,68,124,68,124,68,76,
[8*12*'肴']: 0,100,24,100,16,254,32,124,164,60,36,44,
[8*12*'肺']: 0,228,190,164,228,190,182,246,182,182,164,164,
[8*12*'胃']: 0,254,146,254,146,254,68,124,68,124,68,76,
[8*12*'胄']: 0,16,254,146,254,146,254,68,124,68,68,76,
[8*12*'胆']: 0,238,170,170,238,170,170,234,174,160,160,174,
[8*12*'背']: 0,40,238,40,238,124,68,124,68,124,68,76,
[8*12*'胎']: 0,228,164,168,234,190,160,238,170,170,170,174,
[8*12*'胖']: 0,228,172,182,228,174,164,228,190,164,164,164,
[8*12*'胙']: 0,232,174,184,232,174,168,232,174,168,168,168,
[8*12*'胚']: 0,254,164,164,236,172,182,246,164,164,164,190,
[8*12*'胛']: 0,254,182,182,254,182,182,246,190,164,164,164,
[8*12*'胝']: 0,226,188,180,244,190,180,244,180,186,162,186,
[8*12*'胞']: 0,232,174,170,246,166,164,236,168,170,170,174,
[8*12*'胡']: 0,78,74,234,78,74,234,174,170,170,234,22,
[8*12*'胤']: 0,84,100,84,108,124,68,124,108,124,108,174,
[8*12*'胥']: 0,254,18,92,80,254,68,124,68,124,68,76,
[8*12*'胯']: 0,228,190,170,240,174,160,254,168,174,162,166,
[8*12*'胱']: 0,228,182,180,228,190,172,236,172,172,180,166,
[8*12*'胴']: 0,254,178,190,242,190,182,246,182,190,178,182,
[8*12*'胸']: 0,232,174,178,230,182,170,246,178,190,162,166,
[8*12*'胼']: 0,234,164,190,234,170,190,234,170,170,170,178,
[8*12*'能']: 0,68,150,244,4,246,144,244,150,244,148,182,
[8*12*'脂']: 0,232,170,172,234,174,160,238,170,174,170,174,
[8*12*'脅']: 0,32,124,36,254,90,182,124,68,124,68,76,
[8*12*'脆']: 0,236,180,164,254,176,190,250,184,184,170,174,
[8*12*'脇']: 0,232,190,170,234,182,160,244,190,170,170,182,
[8*12*'脈']: 0,228,184,178,252,180,180,246,180,180,180,178,
[8*12*'脉']: 0,236,160,172,228,190,172,236,172,182,164,172,
[8*12*'脊']: 0,214,16,214,40,124,198,124,68,124,68,76,
[8*12*'脚']: 0,238,174,190,238,174,190,238,174,180,188,164,
[8*12*'脛']: 0,254,170,170,244,170,170,224,190,164,164,190,
[8*12*'脣']: 0,126,92,64,126,84,154,124,68,124,68,76,
[8*12*'脩']: 0,40,46,90,100,234,112,110,106,110,74,74,
[8*12*'脯']: 0,234,190,168,254,170,190,234,190,170,170,170,
[8*12*'脱']: 0,234,164,190,242,178,190,236,172,172,180,166,
[8*12*'脳']: 0,232,170,170,228,162,182,234,170,182,162,190,
[8*12*'脹']: 0,238,168,172,232,172,168,254,168,170,172,170,
[8*12*'脾']: 0,232,190,170,254,170,190,236,180,190,164,164,
[8*12*'腆']: 0,234,170,190,250,190,186,250,190,160,170,178,
[8*12*'腋']: 0,228,190,168,238,170,174,250,172,172,170,170,
[8*12*'腎']: 0,238,202,228,202,252,68,124,68,124,68,76,
[8*12*'腐']: 0,8,126,84,110,100,108,126,106,118,106,182,
[8*12*'腑']: 0,228,190,176,234,174,178,242,186,178,178,182,
[8*12*'腓']: 0,236,172,190,236,190,172,236,190,172,172,180,
[8*12*'腔']: 0,228,190,178,234,178,160,238,164,164,164,190,
[8*12*'腕']: 0,228,190,178,232,174,182,246,174,164,172,182,
[8*12*'腟']: 0,228,190,178,238,164,170,254,164,174,164,190,
[8*12*'腥']: 0,238,170,174,234,174,164,238,180,174,164,190,
[8*12*'腦']: 0,234,170,180,234,170,190,250,182,186,178,190,
[8*12*'腫']: 0,226,172,190,228,190,182,254,164,174,164,190,
[8*12*'腮']: 0,254,170,190,234,170,190,224,170,168,186,182,
[8*12*'腰']: 0,238,164,190,246,190,164,254,170,172,164,186,
[8*12*'腱']: 0,250,174,170,246,186,174,234,190,170,168,182,
[8*12*'腴']: 0,232,182,182,254,182,182,254,164,164,170,178,
[8*12*'腸']: 0,238,170,174,234,190,168,238,170,182,170,182,
[8*12*'腹']: 0,232,174,186,238,170,174,232,174,186,164,186,
[8*12*'腺']: 0,228,174,170,238,170,174,228,190,172,182,172,
[8*12*'腿']: 0,238,186,174,234,174,168,234,188,186,176,174,
[8*12*'膀']: 0,228,190,170,254,178,164,254,168,174,170,182,
[8*12*'膂']: 0,72,238,88,106,108,170,124,68,124,68,76,
[8*12*'膃']: 0,254,170,170,246,162,190,224,172,172,172,190,
[8*12*'膈']: 0,238,160,174,234,174,160,254,178,190,182,178,
[8*12*'膊']: 0,234,190,168,254,170,190,234,164,190,180,172,
[8*12*'膏']: 0,16,254,68,124,254,170,124,68,124,68,76,
[8*12*'膓']: 0,232,174,186,238,170,190,232,174,182,170,182,
[8*12*'膕']: 0,254,162,166,254,166,182,246,162,186,162,190,
[8*12*'膚']: 0,8,14,8,126,72,126,106,126,84,92,148,
[8*12*'膜']: 0,234,190,170,254,178,190,228,190,164,170,178,
[8*12*'膝']: 0,228,190,172,246,172,178,228,182,172,182,172,
[8*12*'膠']: 0,254,170,190,234,164,170,244,162,164,162,172,
[8*12*'膣']: 0,228,190,186,224,190,168,254,164,174,164,190,
[8*12*'膤']: 0,238,164,190,246,170,160,236,164,190,164,172,
[8*12*'膨']: 0,234,190,170,252,162,190,244,184,170,190,164,
[8*12*'膩']: 0,228,190,164,252,164,188,230,180,180,180,170,
[8*12*'膰']: 0,252,168,170,254,188,170,254,170,190,170,190,
[8*12*'膳']: 0,234,190,164,238,164,190,234,190,174,170,174,
[8*12*'膵']: 0,244,190,180,232,190,180,234,168,190,168,168,
[8*12*'膸']: 0,228,190,168,238,180,174,230,182,182,176,174,
[8*12*'膺']: 0,8,126,84,110,108,110,64,94,82,94,146,
[8*12*'膽']: 0,236,180,190,250,176,182,240,182,176,174,174,
[8*12*'膾']: 0,228,170,190,224,190,182,254,170,174,170,174,
[8*12*'膿']: 0,234,190,186,254,160,190,240,190,180,180,186,
[8*12*'臀']: 0,238,170,192,238,132,170,124,68,124,68,76,
[8*12*'臂']: 0,100,110,74,228,110,4,124,68,124,68,76,
[8*12*'臆']: 0,232,190,180,254,178,190,242,190,164,178,174,
[8*12*'臈']: 0,234,190,170,238,170,174,242,186,182,186,166,
[8*12*'臉']: 0,232,180,162,252,160,190,234,190,180,180,170,
[8*12*'臍']: 0,232,190,168,246,180,170,252,180,188,180,164,
[8*12*'臑']: 0,238,164,190,246,160,190,232,190,170,170,170,
[8*12*'臓']: 0,244,190,180,228,190,164,244,182,180,180,170,
[8*12*'臘']: 0,234,180,170,236,172,182,254,182,190,182,178,
[8*12*'臙']: 0,234,190,170,236,190,172,236,190,160,180,170,
[8*12*'臚']: 0,228,166,164,254,180,182,246,176,172,172,190,
[8*12*'臟']: 0,244,190,180,228,190,180,252,174,188,180,162,
[8*12*'臠']: 0,90,132,90,198,90,254,146,170,146,170,134,
[8*12*'臣']: 0,254,144,144,252,132,132,252,144,144,144,254,
[8*12*'臥']: 0,244,164,164,244,148,148,244,170,170,250,10,
[8*12*'臧']: 0,10,8,190,164,252,52,254,116,188,36,74,
[8*12*'臨']: 0,244,166,168,246,150,144,254,170,170,250,14,
[8*12*'自']: 0,16,32,254,130,254,130,130,254,130,130,254,
[8*12*'臭']: 0,16,124,68,124,68,124,16,254,16,40,198,
[8*12*'至']: 0,254,16,32,40,116,16,16,124,16,16,254,
[8*12*'致']: 0,244,36,70,90,250,42,116,36,52,202,18,
[8*12*'臺']: 0,16,254,16,254,68,254,146,40,116,16,254,
[8*12*'臻']: 0,232,92,72,190,212,98,220,72,126,220,42,
[8*12*'臼']: 0,16,32,206,130,130,238,130,130,130,130,254,
[8*12*'臾']: 0,80,150,146,214,146,146,214,16,16,40,198,
[8*12*'舁']: 0,44,68,108,68,124,40,40,254,40,40,72,
[8*12*'舂']: 0,16,124,16,124,40,254,68,162,108,68,124,
[8*12*'舅']: 0,44,68,108,68,124,84,124,16,254,34,206,
[8*12*'與']: 0,86,154,214,154,206,170,170,254,0,68,130,
[8*12*'興']: 0,70,186,238,186,238,186,170,254,0,68,130,
[8*12*'舉']: 0,86,154,206,138,170,254,84,186,16,124,16,
[8*12*'舊']: 0,40,254,40,126,168,62,44,68,108,68,124,
[8*12*'舌']: 0,12,112,16,16,254,16,16,124,68,68,124,
[8*12*'舍']: 0,16,40,68,186,16,254,16,124,68,68,124,
[8*12*'舎']: 0,16,40,84,186,16,254,0,124,68,68,124,
[8*12*'舐']: 0,34,220,84,84,244,94,84,244,180,178,250,
[8*12*'舒']: 0,78,162,10,228,94,230,68,228,164,164,236,
[8*12*'舖']: 0,74,190,8,254,106,254,106,254,170,170,234,
[8*12*'舗']: 0,74,190,72,254,106,254,42,254,170,170,234,
[8*12*'舘']: 0,68,190,18,238,74,238,72,238,170,170,238,
[8*12*'舛']: 0,68,68,126,84,84,180,20,30,36,68,132,
[8*12*'舜']: 0,14,240,84,254,130,116,94,212,62,68,132,
[8*12*'舞']: 0,64,126,212,126,84,254,68,126,212,62,196,
[8*12*'舟']: 0,16,124,68,84,68,254,84,84,84,68,140,
[8*12*'舩']: 0,84,244,180,226,168,168,232,176,180,180,186,
[8*12*'航']: 0,72,232,190,224,188,180,244,180,180,180,166,
[8*12*'舫']: 0,68,228,190,232,168,174,234,170,170,170,182,
[8*12*'般']: 0,78,234,170,224,174,162,234,164,164,170,178,
[8*12*'舮']: 0,94,224,174,234,170,170,238,168,168,168,176,
[8*12*'舳']: 0,72,232,190,234,170,190,234,170,170,170,190,
[8*12*'舵']: 0,68,254,178,232,170,172,232,168,170,170,174,
[8*12*'舶']: 0,72,232,190,242,178,190,242,178,178,178,190,
[8*12*'舷']: 0,68,228,190,228,168,186,228,164,168,178,190,
[8*12*'舸']: 0,94,226,190,246,182,182,246,190,162,162,166,
[8*12*'船']: 0,74,234,170,234,170,176,238,170,170,170,174,
[8*12*'艀']: 0,76,224,180,234,160,174,226,190,164,164,172,
[8*12*'艇']: 0,114,220,212,228,254,212,212,244,222,208,174,
[8*12*'艘']: 0,72,246,190,246,190,164,238,162,170,164,186,
[8*12*'艙']: 0,68,234,190,224,174,170,238,168,174,186,174,
[8*12*'艚']: 0,74,254,170,254,186,190,254,170,174,170,174,
[8*12*'艝']: 0,78,228,190,246,164,160,236,164,190,164,172,
[8*12*'艟']: 0,68,254,170,234,190,174,238,164,174,164,190,
[8*12*'艢']: 0,72,254,180,244,170,190,224,190,182,190,190,
[8*12*'艤']: 0,74,254,164,254,164,190,236,190,174,188,170,
[8*12*'艦']: 0,68,252,182,248,182,184,224,172,172,172,190,
[8*12*'艨']: 0,84,254,180,254,162,188,234,180,172,182,172,
[8*12*'艪']: 0,76,244,172,236,186,160,238,170,174,170,174,
[8*12*'艫']: 0,68,230,164,254,180,182,246,176,172,172,190,
[8*12*'艮']: 0,124,68,124,68,68,124,72,74,68,100,194,
[8*12*'良']: 0,16,124,68,124,68,124,72,74,68,100,194,
[8*12*'艱']: 0,190,242,190,82,242,254,84,246,84,114,154,
[8*12*'色']: 0,56,40,72,252,84,84,124,64,66,66,62,
[8*12*'艶']: 0,86,250,210,254,26,250,158,248,90,90,238,
[8*12*'艷']: 0,182,250,242,254,10,250,158,248,90,90,238,
[8*12*'艸']: 0,36,36,182,182,182,182,182,254,36,36,68,
[8*12*'艾']: 0,40,254,40,0,68,40,40,16,16,40,198,
[8*12*'芋']: 0,40,254,40,0,124,16,16,254,16,16,48,
[8*12*'芍']: 0,40,254,40,64,126,130,34,18,2,2,12,
[8*12*'芒']: 0,40,254,40,16,254,64,64,64,64,64,62,
[8*12*'芙']: 0,40,254,40,16,124,16,254,16,40,68,130,
[8*12*'芝']: 0,40,254,40,16,124,4,8,80,96,64,190,
[8*12*'芟']: 0,40,254,40,124,68,134,124,4,40,56,198,
[8*12*'芥']: 0,40,254,40,16,40,68,170,40,40,72,136,
[8*12*'芦']: 0,40,254,40,124,0,124,68,124,64,64,128,
[8*12*'芫']: 0,40,254,40,0,124,0,254,40,42,74,142,
[8*12*'芬']: 0,40,254,40,40,68,130,124,36,36,68,140,
[8*12*'芭']: 0,40,254,40,124,84,84,124,64,66,66,62,
[8*12*'芯']: 0,40,254,40,32,16,32,100,98,160,36,60,
[8*12*'花']: 0,40,254,40,40,72,74,204,72,72,74,78,
[8*12*'芳']: 0,40,254,40,16,254,32,60,36,36,68,140,
[8*12*'芸']: 0,40,254,40,0,124,0,254,16,32,68,250,
[8*12*'芹']: 0,40,254,40,12,112,64,126,72,72,72,136,
[8*12*'芻']: 0,64,126,170,250,38,192,126,170,250,34,198,
[8*12*'芽']: 0,40,254,40,124,40,40,254,24,40,200,24,
[8*12*'苅']: 0,40,254,40,18,154,90,42,34,82,66,134,
[8*12*'苑']: 0,40,254,40,64,126,90,154,106,40,74,142,
[8*12*'苒']: 0,40,254,40,16,124,84,124,84,254,68,76,
[8*12*'苓']: 0,40,254,16,40,68,186,0,254,18,22,16,
[8*12*'苔']: 0,40,254,40,16,36,250,0,124,68,68,124,
[8*12*'苗']: 0,40,254,40,0,124,84,84,124,84,84,124,
[8*12*'苙']: 0,40,254,40,16,16,254,36,36,40,8,254,
[8*12*'苛']: 0,40,254,40,0,254,4,116,84,84,116,12,
[8*12*'苜']: 0,40,254,40,124,68,124,68,124,68,68,124,
[8*12*'苞']: 0,40,254,40,64,126,130,122,74,120,66,62,
[8*12*'苟']: 0,40,254,40,64,126,130,122,74,74,122,6,
[8*12*'苡']: 0,40,254,40,68,84,76,68,100,200,20,98,
[8*12*'苣']: 0,40,254,40,126,64,124,68,68,124,64,126,
[8*12*'若']: 0,40,254,40,16,254,32,60,100,164,36,60,
[8*12*'苦']: 0,40,254,40,16,254,16,16,124,68,68,124,
[8*12*'苧']: 0,40,254,40,16,254,130,124,16,16,16,48,
[8*12*'苫']: 0,40,254,40,16,30,16,124,68,68,68,124,
[8*12*'英']: 0,40,254,40,16,124,84,84,254,16,40,198,
[8*12*'苳']: 0,40,254,32,56,104,16,40,198,16,12,112,
[8*12*'苴']: 0,40,254,40,124,68,124,68,124,68,68,254,
[8*12*'苹']: 0,40,254,40,254,16,84,146,16,254,16,16,
[8*12*'苺']: 0,40,254,40,124,84,254,68,164,254,4,24,
[8*12*'苻']: 0,40,254,40,36,94,68,212,76,68,68,76,
[8*12*'茂']: 0,40,254,40,10,126,72,74,74,68,76,146,
[8*12*'范']: 0,40,254,40,0,158,82,146,22,80,146,158,
[8*12*'茄']: 0,40,254,40,64,254,90,90,90,90,158,176,
[8*12*'茅']: 0,40,254,40,124,40,16,254,50,80,144,48,
[8*12*'茆']: 0,40,254,40,32,206,170,170,170,234,40,72,
[8*12*'茉']: 0,40,254,40,16,254,16,124,16,56,214,16,
[8*12*'茎']: 0,40,254,40,124,36,56,198,16,124,16,254,
[8*12*'茖']: 0,40,254,40,32,60,196,56,198,124,68,124,
[8*12*'茗']: 0,40,254,40,32,60,100,24,32,254,34,62,
[8*12*'茘']: 0,40,254,40,124,36,76,0,254,90,90,182,
[8*12*'茜']: 0,40,254,40,254,40,254,170,174,194,130,254,
[8*12*'茣']: 0,40,254,20,92,64,124,20,254,16,40,198,
[8*12*'茨']: 0,40,254,40,16,158,42,8,72,148,148,34,
[8*12*'茫']: 0,40,254,40,8,190,16,144,16,80,144,158,
[8*12*'茯']: 0,40,254,40,42,72,126,200,72,72,84,98,
[8*12*'茱']: 0,40,254,40,80,124,144,254,56,84,146,16,
[8*12*'茲']: 0,40,254,40,0,68,136,170,68,68,170,238,
[8*12*'茴']: 0,40,254,40,254,130,186,170,170,186,130,254,
[8*12*'茵']: 0,40,254,40,254,146,186,146,146,170,130,254,
[8*12*'茶']: 0,40,254,40,16,40,84,186,16,84,146,16,
[8*12*'茸']: 0,40,254,40,254,68,124,68,124,70,252,4,
[8*12*'茹']: 0,40,254,40,32,254,90,90,106,42,90,142,
[8*12*'荀']: 0,40,254,40,126,130,122,74,122,74,122,6,
[8*12*'荅']: 0,40,254,40,16,40,68,186,0,124,68,124,
[8*12*'草']: 0,40,254,40,124,68,124,68,124,16,254,16,
[8*12*'荊']: 0,40,254,40,242,90,90,250,82,82,82,150,
[8*12*'荏']: 0,40,254,40,36,88,72,254,72,72,72,92,
[8*12*'荐']: 0,40,254,40,16,254,32,92,196,126,72,88,
[8*12*'荒']: 0,40,254,40,16,254,64,124,0,84,84,150,
[8*12*'荘']: 0,40,254,40,0,36,164,62,36,100,164,46,
[8*12*'荳']: 0,40,254,40,124,0,124,68,124,40,40,254,
[8*12*'荵']: 0,40,254,40,124,44,20,236,0,84,202,186,
[8*12*'荷']: 0,40,254,40,62,66,94,214,86,94,66,70,
[8*12*'荻']: 0,40,254,40,164,86,84,164,100,164,42,210,
[8*12*'荼']: 0,40,254,40,16,40,254,16,254,84,146,48,
[8*12*'莅']: 0,40,254,40,40,126,68,212,84,72,72,126,
[8*12*'莇']: 0,40,254,4,116,94,118,86,118,90,90,230,
[8*12*'莉']: 0,40,254,40,18,106,42,250,42,114,162,38,
[8*12*'莊']: 0,40,254,40,0,164,228,62,228,100,164,46,
[8*12*'莎']: 0,40,254,40,136,28,154,40,10,68,136,176,
[8*12*'莓']: 0,40,254,40,64,126,180,254,84,126,4,24,
[8*12*'莖']: 0,40,254,40,254,84,168,84,254,16,16,254,
[8*12*'莚']: 0,40,254,40,194,92,132,214,84,222,64,190,
[8*12*'莞']: 0,40,254,40,254,130,124,0,254,40,42,206,
[8*12*'莟']: 0,40,254,16,40,124,130,124,8,124,68,124,
[8*12*'莠']: 0,40,254,12,112,254,56,214,120,44,36,204,
[8*12*'莢']: 0,40,254,40,16,254,84,84,186,16,40,198,
[8*12*'莨']: 0,40,254,40,124,68,124,68,124,84,72,230,
[8*12*'莪']: 0,40,254,40,16,106,40,254,40,246,36,106,
[8*12*'莫']: 0,40,254,40,124,68,124,16,254,16,40,198,
[8*12*'莱']: 0,40,254,40,124,16,84,16,254,56,84,146,
[8*12*'莵']: 0,40,254,40,16,124,84,84,124,26,40,206,
[8*12*'莽']: 0,40,254,40,16,254,40,68,254,68,68,132,
[8*12*'菁']: 0,40,254,40,16,124,16,254,84,124,68,76,
[8*12*'菅']: 0,40,254,40,16,254,170,186,32,60,36,60,
[8*12*'菊']: 0,40,254,40,64,126,146,90,254,50,90,150,
[8*12*'菌']: 0,40,254,40,254,186,146,254,186,214,146,254,
[8*12*'菎']: 0,40,254,40,124,124,68,124,72,108,74,238,
[8*12*'菓']: 0,40,254,40,124,84,124,84,254,56,84,146,
[8*12*'菖']: 0,40,254,40,124,68,124,254,130,254,130,254,
[8*12*'菘']: 0,40,254,40,0,84,212,98,200,200,84,122,
[8*12*'菜']: 0,40,254,12,112,20,72,16,254,56,84,146,
[8*12*'菟']: 0,40,254,32,56,72,252,84,124,42,40,206,
[8*12*'菠']: 0,40,254,40,136,62,170,60,52,168,200,182,
[8*12*'菩']: 0,40,254,40,16,124,40,254,0,124,68,124,
[8*12*'菫']: 0,40,254,40,254,84,124,254,16,124,16,254,
[8*12*'華']: 0,40,254,40,254,84,254,84,254,16,254,16,
[8*12*'菰']: 0,40,254,40,226,60,84,116,212,84,90,226,
[8*12*'菱']: 0,40,254,40,124,16,254,68,186,104,16,238,
[8*12*'菲']: 0,40,254,40,40,238,40,238,40,238,40,72,
[8*12*'菴']: 0,40,254,40,254,40,84,254,84,124,18,30,
[8*12*'菷']: 0,40,254,124,4,254,4,254,146,124,84,16,
[8*12*'菻']: 0,40,254,40,36,254,36,108,108,182,36,36,
[8*12*'菽']: 0,40,254,40,32,54,34,250,36,180,36,106,
[8*12*'萃']: 0,40,254,40,16,254,68,170,16,254,16,16,
[8*12*'萄']: 0,40,254,40,126,194,122,162,122,170,250,6,
[8*12*'萇']: 0,40,254,40,60,32,56,32,252,42,36,114,
[8*12*'萋']: 0,40,254,16,254,20,254,20,254,36,56,198,
[8*12*'萌']: 0,40,254,40,238,170,238,170,174,234,18,38,
[8*12*'萍']: 0,40,254,40,190,8,156,42,8,190,136,136,
[8*12*'萎']: 0,40,254,16,254,56,84,254,36,104,24,230,
[8*12*'萓']: 0,40,254,40,16,254,130,124,68,124,68,254,
[8*12*'萠']: 0,40,254,40,126,90,126,90,126,90,90,182,
[8*12*'萢']: 0,40,254,40,144,30,162,58,10,184,162,190,
[8*12*'萩']: 0,40,254,40,200,106,236,104,200,200,84,98,
[8*12*'萪']: 0,40,254,36,212,76,228,84,198,252,68,68,
[8*12*'萬']: 0,40,254,40,124,84,124,84,254,146,170,182,
[8*12*'萱']: 0,40,254,40,16,254,130,124,68,124,0,254,
[8*12*'萵']: 0,40,254,40,124,68,92,84,254,170,186,134,
[8*12*'萸']: 0,40,254,40,214,146,214,146,214,16,40,198,
[8*12*'萼']: 0,40,254,40,108,108,0,254,32,60,4,28,
[8*12*'落']: 0,40,254,16,156,52,136,20,34,156,148,156,
[8*12*'葆']: 0,40,254,40,60,84,220,72,126,92,106,72,
[8*12*'葉']: 0,40,254,84,254,84,92,64,254,56,84,146,
[8*12*'葎']: 0,40,254,40,94,138,62,72,220,72,126,72,
[8*12*'著']: 0,40,254,40,16,122,20,254,36,124,164,60,
[8*12*'葛']: 0,40,254,68,124,68,124,62,98,202,122,6,
[8*12*'葡']: 0,40,254,40,126,162,250,34,250,170,250,170,
[8*12*'葢']: 0,40,254,40,16,254,40,84,130,124,84,254,
[8*12*'董']: 0,40,254,44,112,254,84,124,84,124,16,254,
[8*12*'葦']: 0,40,254,40,254,36,254,68,126,80,254,16,
[8*12*'葩']: 0,40,254,40,64,254,170,234,190,160,226,62,
[8*12*'葫']: 0,40,254,40,78,234,78,234,174,170,234,22,
[8*12*'葬']: 0,40,254,40,254,108,168,78,40,254,40,72,
[8*12*'葭']: 0,40,254,40,238,162,238,128,238,138,228,138,
[8*12*'葮']: 0,40,254,40,78,106,64,110,66,234,68,90,
[8*12*'葯']: 0,40,254,40,80,158,82,170,202,66,226,76,
[8*12*'葱']: 0,40,254,40,64,126,170,86,0,84,202,186,
[8*12*'葵']: 0,40,254,40,116,170,68,186,16,254,40,198,
[8*12*'葷']: 0,40,254,40,254,146,254,84,124,84,254,16,
[8*12*'葹']: 0,40,254,72,238,80,74,110,186,170,40,110,
[8*12*'葺']: 0,40,254,40,124,68,254,68,124,68,254,4,
[8*12*'蒂']: 0,40,254,40,16,254,40,254,146,124,84,16,
[8*12*'蒄']: 0,40,254,40,254,130,100,30,228,84,76,190,
[8*12*'蒋']: 0,40,254,40,70,120,234,68,126,196,84,76,
[8*12*'蒐']: 0,40,254,16,124,84,124,84,124,54,48,222,
[8*12*'蒔']: 0,40,254,40,28,232,190,228,190,228,20,12,
[8*12*'蒙']: 0,40,254,40,254,130,124,48,218,44,202,48,
[8*12*'蒜']: 0,40,254,40,0,108,0,254,36,182,36,108,
[8*12*'蒟']: 0,40,254,40,72,238,50,174,170,78,98,198,
[8*12*'蒡']: 0,40,254,40,16,254,40,254,146,124,40,88,
[8*12*'蒭']: 0,40,254,64,126,170,250,126,170,250,34,198,
[8*12*'蒲']: 0,40,254,40,138,62,136,62,42,190,170,170,
[8*12*'蒸']: 0,40,254,40,56,202,92,84,146,124,0,170,
[8*12*'蒹']: 0,68,254,20,124,44,254,44,124,40,108,170,
[8*12*'蒻']: 0,40,254,40,238,34,238,136,102,170,102,170,
[8*12*'蒼']: 0,40,254,40,68,254,68,124,64,124,164,60,
[8*12*'蒿']: 0,40,254,16,254,68,124,0,254,170,186,134,
[8*12*'蓁']: 0,40,254,16,124,40,254,68,186,124,56,214,
[8*12*'蓄']: 0,40,254,40,16,254,36,250,84,124,84,124,
[8*12*'蓆']: 0,40,254,8,126,84,126,72,126,106,106,136,
[8*12*'蓉']: 0,40,254,16,254,170,84,40,68,254,68,124,
[8*12*'蓊']: 0,40,254,40,198,40,116,0,238,102,170,102,
[8*12*'蓋']: 0,40,254,40,16,254,36,250,0,124,84,254,
[8*12*'蓍']: 0,40,254,16,122,20,254,96,190,124,68,124,
[8*12*'蓐']: 0,40,254,40,126,64,126,84,90,126,84,140,
[8*12*'蓑']: 0,40,254,16,254,68,254,68,124,106,164,50,
[8*12*'蓖']: 0,40,254,16,124,108,84,124,72,108,74,238,
[8*12*'蓙']: 0,40,254,8,126,84,84,106,72,92,72,190,
[8*12*'蓚']: 0,40,254,40,46,90,100,250,100,106,68,88,
[8*12*'蓬']: 0,40,254,40,140,84,8,246,72,126,72,190,
[8*12*'蓮']: 0,40,254,40,136,62,28,220,92,126,72,190,
[8*12*'蓴']: 0,40,254,16,254,84,124,242,8,254,40,24,
[8*12*'蓼']: 0,40,254,40,108,52,40,214,8,52,8,112,
[8*12*'蓿']: 0,40,254,40,16,254,130,94,72,222,82,94,
[8*12*'蔀']: 0,40,254,32,254,86,84,254,6,118,84,116,
[8*12*'蔆']: 0,40,254,40,156,8,190,20,46,148,136,182,
[8*12*'蔑']: 0,40,254,40,124,84,126,68,102,84,68,138,
[8*12*'蔓']: 0,40,254,40,124,68,254,170,254,40,16,238,
[8*12*'蔔']: 0,40,254,40,64,126,130,122,50,122,90,126,
[8*12*'蔕']: 0,40,254,84,254,84,150,0,254,146,124,84,
[8*12*'蔗']: 0,40,254,8,126,84,126,84,92,64,84,170,
[8*12*'蔘']: 0,40,254,16,32,122,132,214,40,214,8,112,
[8*12*'蔚']: 0,40,254,40,242,158,242,138,246,34,178,102,
[8*12*'蔟']: 0,40,254,40,72,238,88,110,164,174,36,106,
[8*12*'蔡']: 0,40,254,40,118,170,68,186,0,254,84,178,
[8*12*'蔦']: 0,40,254,16,124,68,124,68,126,2,170,134,
[8*12*'蔬']: 0,40,254,40,228,62,72,238,192,218,218,234,
[8*12*'蔭']: 0,40,254,40,212,220,162,220,196,254,148,186,
[8*12*'蔵']: 0,40,254,40,4,126,68,124,118,116,124,138,
[8*12*'蔽']: 0,40,254,32,180,38,250,170,250,244,164,170,
[8*12*'蕀']: 0,40,254,36,254,36,254,182,36,108,182,36,
[8*12*'蕁']: 0,40,254,40,124,4,124,238,74,254,40,24,
[8*12*'蕃']: 0,40,254,8,48,84,254,56,84,254,84,124,
[8*12*'蕈']: 0,40,254,40,254,170,254,68,124,16,254,16,
[8*12*'蕉']: 0,40,254,40,126,208,124,80,126,0,84,170,
[8*12*'蕊']: 0,40,254,40,84,202,186,0,36,72,218,182,
[8*12*'蕋']: 0,40,254,16,92,80,254,0,36,182,164,254,
[8*12*'蕎']: 0,40,254,16,254,124,170,56,254,170,186,134,
[8*12*'蕕']: 0,40,254,40,172,82,222,76,94,218,82,158,
[8*12*'蕗']: 0,40,254,40,230,170,228,74,224,206,202,238,
[8*12*'蕘']: 0,40,254,16,124,254,40,254,0,254,40,206,
[8*12*'蕚']: 0,40,254,68,124,238,170,254,32,60,4,28,
[8*12*'蕣']: 0,40,254,40,254,84,254,130,126,212,62,228,
[8*12*'蕨']: 0,40,254,40,126,68,110,122,124,84,100,138,
[8*12*'蕩']: 0,40,254,40,156,20,190,16,30,170,150,170,
[8*12*'蕪']: 0,40,254,64,126,212,126,84,254,0,84,170,
[8*12*'蕭']: 0,40,254,40,124,20,254,106,110,66,110,170,
[8*12*'蕷']: 0,40,254,40,238,36,74,238,106,78,64,202,
[8*12*'蕾']: 0,40,254,16,254,146,182,124,84,124,84,124,
[8*12*'薀']: 0,40,254,40,190,42,182,62,0,156,156,190,
[8*12*'薄']: 0,40,254,8,190,28,156,4,62,132,148,140,
[8*12*'薇']: 0,40,254,40,84,188,70,190,70,254,108,74,
[8*12*'薈']: 0,40,254,16,40,124,214,124,68,124,68,124,
[8*12*'薊']: 0,40,254,40,98,170,42,234,170,226,2,166,
[8*12*'薐']: 0,40,254,40,220,72,254,84,238,212,72,118,
[8*12*'薑']: 0,40,254,40,254,124,84,254,124,84,124,254,
[8*12*'薔']: 0,40,254,40,254,84,186,254,0,124,108,124,
[8*12*'薗']: 0,40,254,40,254,146,254,170,186,214,146,254,
[8*12*'薙']: 0,40,254,40,74,126,172,126,44,46,92,142,
[8*12*'薛']: 0,40,254,68,238,164,254,138,254,164,174,228,
[8*12*'薜']: 0,40,254,4,110,100,126,74,254,100,110,100,
[8*12*'薤']: 0,40,254,40,244,86,116,182,116,54,84,158,
[8*12*'薦']: 0,40,254,40,126,84,126,94,80,94,130,86,
[8*12*'薨']: 0,40,254,124,84,254,130,124,104,174,104,206,
[8*12*'薩']: 0,40,254,40,196,222,138,222,212,222,148,174,
[8*12*'薪']: 0,40,254,40,34,252,88,254,42,250,114,170,
[8*12*'薫']: 0,40,254,40,124,16,254,84,124,254,0,170,
[8*12*'薬']: 0,40,254,16,186,108,186,16,254,56,84,146,
[8*12*'薮']: 0,40,254,40,174,250,122,170,244,84,58,202,
[8*12*'薯']: 0,40,254,40,254,170,254,24,254,124,164,60,
[8*12*'薹']: 0,40,254,40,254,68,124,254,170,116,16,254,
[8*12*'薺']: 0,40,254,16,254,108,186,68,124,68,124,132,
[8*12*'藁']: 0,40,254,16,254,40,254,170,56,254,56,214,
[8*12*'藉']: 0,40,254,32,202,94,234,94,224,78,234,78,
[8*12*'藍']: 0,40,254,232,206,224,206,224,0,124,84,254,
[8*12*'藏']: 0,40,254,40,10,190,228,60,246,188,52,90,
[8*12*'藐']: 0,40,254,36,206,106,206,106,174,100,172,118,
[8*12*'藕']: 0,40,254,40,206,78,238,68,254,86,254,82,
[8*12*'藜']: 0,40,254,40,206,86,234,86,40,214,56,84,
[8*12*'藝']: 0,40,254,40,252,44,244,102,254,16,36,250,
[8*12*'藤']: 0,40,254,40,244,168,254,168,244,170,188,170,
[8*12*'藥']: 0,40,254,40,82,172,122,172,254,56,84,146,
[8*12*'藩']: 0,40,254,4,152,42,190,28,42,190,170,190,
[8*12*'藪']: 0,40,254,36,118,250,106,250,36,252,84,234,
[8*12*'藷']: 0,40,254,40,202,28,200,62,208,62,210,222,
[8*12*'藹']: 0,40,254,40,222,18,222,8,222,50,218,198,
[8*12*'藺']: 0,40,254,40,238,238,170,190,234,190,170,190,
[8*12*'藻']: 0,40,254,28,148,62,170,62,8,190,156,170,
[8*12*'藾']: 0,40,254,40,46,246,122,112,38,118,160,42,
[8*12*'蘂']: 0,40,254,40,100,60,136,238,16,254,56,214,
[8*12*'蘆']: 0,40,254,40,14,120,78,92,92,64,92,190,
[8*12*'蘇']: 0,40,254,40,98,172,36,254,164,236,22,164,
[8*12*'蘊']: 0,40,254,40,94,150,90,178,222,64,236,94,
[8*12*'蘋']: 0,40,254,32,46,180,170,254,42,158,32,202,
[8*12*'蘓']: 0,40,254,40,204,84,234,126,234,254,64,106,
[8*12*'蘖']: 0,40,254,68,174,234,132,238,164,254,56,214,
[8*12*'蘗']: 0,40,254,100,110,74,228,110,100,254,56,214,
[8*12*'蘚']: 0,40,254,0,106,190,36,238,164,254,4,164,
[8*12*'蘢']: 0,40,254,36,246,84,246,82,116,86,116,86,
[8*12*'蘭']: 0,40,254,40,238,170,238,146,254,186,186,214,
[8*12*'蘯']: 0,40,254,40,156,20,190,42,150,124,84,254,
[8*12*'蘰']: 0,40,254,40,92,148,126,170,254,84,200,118,
[8*12*'蘿']: 0,40,254,40,254,170,254,84,158,84,244,94,
[8*12*'虍']: 0,8,14,8,126,66,80,86,120,80,82,158,
[8*12*'虎']: 0,8,14,8,126,82,92,64,84,84,84,166,
[8*12*'虐']: 0,8,14,8,126,72,78,94,80,94,80,158,
[8*12*'虔']: 0,8,14,8,126,82,92,72,126,84,72,182,
[8*12*'處']: 0,8,14,8,126,82,92,80,94,106,80,174,
[8*12*'虚']: 0,8,14,8,126,82,92,64,84,118,84,190,
[8*12*'虜']: 0,8,14,8,126,72,126,106,126,126,82,166,
[8*12*'虞']: 0,8,14,8,126,74,110,124,68,126,84,162,
[8*12*'號']: 0,196,198,196,30,212,150,224,84,84,84,230,
[8*12*'虧']: 0,46,52,36,254,164,182,242,226,242,226,118,
[8*12*'虫']: 0,16,16,124,84,84,84,124,16,16,20,250,
[8*12*'虱']: 0,252,20,228,36,252,172,172,252,36,44,250,
[8*12*'虹']: 0,64,94,228,164,164,164,228,68,68,100,222,
[8*12*'虻']: 0,68,68,254,168,168,168,232,72,72,104,206,
[8*12*'蚊']: 0,72,72,254,180,180,180,232,72,84,84,226,
[8*12*'蚋']: 0,88,72,254,170,170,170,246,98,98,98,230,
[8*12*'蚌']: 0,68,68,254,164,164,174,228,68,94,100,196,
[8*12*'蚓']: 0,90,74,234,186,178,178,250,74,74,106,218,
[8*12*'蚕']: 0,254,16,254,68,146,124,84,84,124,20,250,
[8*12*'蚣']: 0,84,84,244,162,168,168,232,80,84,84,250,
[8*12*'蚤']: 0,124,20,68,56,214,124,84,84,124,20,250,
[8*12*'蚩']: 0,84,124,32,254,16,124,84,84,124,20,250,
[8*12*'蚪']: 0,68,84,236,164,180,172,228,70,92,100,196,
[8*12*'蚫']: 0,72,78,242,174,170,170,238,74,72,106,206,
[8*12*'蚯']: 0,68,88,240,176,190,180,244,84,84,84,254,
[8*12*'蚰']: 0,72,72,254,170,170,190,234,106,106,106,254,
[8*12*'蚶']: 0,74,74,254,170,170,174,234,74,74,106,206,
[8*12*'蛄']: 0,68,68,228,190,164,164,222,82,82,114,222,
[8*12*'蛆']: 0,78,74,234,174,170,170,238,74,74,106,222,
[8*12*'蛇']: 0,68,94,242,168,170,172,232,72,74,106,206,
[8*12*'蛉']: 0,72,84,226,172,160,190,234,74,74,104,200,
[8*12*'蛋']: 0,254,18,92,80,190,16,124,84,124,20,250,
[8*12*'蛍']: 0,84,8,254,146,124,84,84,124,16,20,250,
[8*12*'蛎']: 0,94,80,240,190,180,180,246,74,74,106,214,
[8*12*'蛔']: 0,94,82,242,190,182,182,246,94,82,114,222,
[8*12*'蛙']: 0,68,78,228,164,190,164,228,78,68,100,222,
[8*12*'蛛']: 0,72,88,220,232,200,254,200,72,92,106,200,
[8*12*'蛞']: 0,66,92,228,164,190,164,228,94,82,114,222,
[8*12*'蛟']: 0,72,126,212,212,226,212,212,72,72,84,226,
[8*12*'蛤']: 0,72,84,226,172,160,160,254,82,82,114,222,
[8*12*'蛩']: 0,252,84,92,230,16,124,84,84,124,20,250,
[8*12*'蛬']: 0,40,254,40,254,68,146,124,84,124,20,250,
[8*12*'蛭']: 0,94,68,232,170,190,164,228,78,68,100,222,
[8*12*'蛮']: 0,16,254,40,170,88,16,124,84,124,20,250,
[8*12*'蛯']: 0,68,68,238,164,190,168,250,76,72,106,206,
[8*12*'蛸']: 0,90,74,232,190,178,190,242,94,82,114,214,
[8*12*'蛹']: 0,94,68,232,190,170,190,234,126,106,106,234,
[8*12*'蛻']: 0,84,84,226,190,162,162,254,84,84,84,230,
[8*12*'蛾']: 0,76,118,212,254,212,212,220,118,84,92,242,
[8*12*'蜀']: 0,254,170,254,64,126,162,250,170,250,42,246,
[8*12*'蜂']: 0,70,74,228,186,164,174,228,78,68,126,196,
[8*12*'蜃']: 0,126,64,126,84,154,16,124,84,124,20,250,
[8*12*'蜆']: 0,94,82,254,178,190,178,254,76,76,108,214,
[8*12*'蜈']: 0,78,74,234,174,176,190,234,94,72,84,226,
[8*12*'蜉']: 0,76,64,244,170,160,174,226,94,68,100,204,
[8*12*'蜊']: 0,74,114,214,214,254,214,210,122,114,82,214,
[8*12*'蜍']: 0,72,84,226,220,200,254,200,106,106,72,216,
[8*12*'蜑']: 0,194,92,134,84,190,16,124,84,124,20,250,
[8*12*'蜒']: 0,114,92,212,228,246,212,212,116,94,80,238,
[8*12*'蜘']: 0,96,102,254,214,214,254,214,86,86,110,200,
[8*12*'蜚']: 0,40,238,40,238,40,238,124,84,124,20,250,
[8*12*'蜜']: 0,16,254,146,36,170,112,254,84,124,20,250,
[8*12*'蜥']: 0,82,92,248,216,222,250,250,122,90,82,210,
[8*12*'蜩']: 0,126,98,234,190,170,254,106,118,126,98,198,
[8*12*'蜴']: 0,94,82,254,178,190,168,238,74,86,106,214,
[8*12*'蜷']: 0,72,92,234,200,254,212,226,92,84,82,222,
[8*12*'蜻']: 0,68,78,228,174,164,190,246,86,94,114,214,
[8*12*'蜿']: 0,72,126,226,176,190,170,234,90,72,90,238,
[8*12*'蝉']: 0,106,68,254,170,190,170,254,72,126,72,200,
[8*12*'蝋']: 0,106,106,196,190,170,190,234,126,106,106,202,
[8*12*'蝌']: 0,74,122,214,210,250,214,210,114,126,82,210,
[8*12*'蝎']: 0,78,74,238,170,174,168,238,90,86,90,230,
[8*12*'蝓']: 0,120,84,226,220,192,250,234,124,108,122,234,
[8*12*'蝕']: 0,72,168,62,234,170,234,190,232,136,170,254,
[8*12*'蝗']: 0,68,78,234,174,170,174,254,68,78,100,222,
[8*12*'蝙']: 0,94,64,238,170,174,168,238,94,78,110,202,
[8*12*'蝟']: 0,126,106,254,170,190,180,220,84,92,116,212,
[8*12*'蝠']: 0,94,64,238,170,174,160,254,86,94,86,222,
[8*12*'蝣']: 0,84,86,248,214,210,218,220,106,106,74,214,
[8*12*'蝦']: 0,118,114,242,182,160,182,226,106,116,100,234,
[8*12*'蝨']: 0,124,36,252,34,68,238,170,170,238,68,238,
[8*12*'蝪']: 0,78,74,238,170,190,168,238,74,86,106,214,
[8*12*'蝮']: 0,72,78,250,174,170,174,232,78,90,100,218,
[8*12*'蝴']: 0,86,86,254,214,214,254,238,110,110,122,202,
[8*12*'蝶']: 0,106,126,234,174,160,190,200,126,92,106,200,
[8*12*'蝸']: 0,78,74,238,170,170,190,242,94,86,126,210,
[8*12*'蝿']: 0,78,74,238,164,190,182,254,86,94,100,198,
[8*12*'螂']: 0,86,126,238,188,174,190,230,102,108,116,196,
[8*12*'融']: 0,244,4,126,90,122,10,254,148,244,182,158,
[8*12*'螟']: 0,94,82,238,170,174,170,238,68,94,96,210,
[8*12*'螢']: 0,68,238,68,170,254,146,124,84,124,20,250,
[8*12*'螫']: 0,36,246,42,250,84,218,124,84,124,20,250,
[8*12*'螯']: 0,36,246,42,250,84,186,124,84,124,20,250,
[8*12*'螳']: 0,106,72,254,226,220,212,220,72,92,72,254,
[8*12*'螺']: 0,126,106,254,170,190,176,234,126,72,106,200,
[8*12*'螻']: 0,72,92,254,200,220,220,200,126,84,76,242,
[8*12*'螽']: 0,60,100,56,214,8,48,68,174,234,68,238,
[8*12*'蟀']: 0,72,126,200,242,200,208,250,72,126,72,200,
[8*12*'蟄']: 0,40,252,44,252,108,182,124,84,124,20,250,
[8*12*'蟆']: 0,84,126,212,254,226,254,200,126,72,84,226,
[8*12*'蟇']: 0,40,254,68,124,68,254,124,214,124,20,250,
[8*12*'蟋']: 0,68,120,234,200,254,220,234,64,84,114,238,
[8*12*'蟐']: 0,106,72,254,226,220,212,220,126,106,106,200,
[8*12*'蟒']: 0,84,126,212,200,254,200,212,126,84,84,228,
[8*12*'蟠']: 0,92,72,234,190,188,170,254,106,126,106,254,
[8*12*'蟯']: 0,72,92,200,254,212,254,192,126,84,84,230,
[8*12*'蟲']: 0,16,124,84,124,20,250,68,170,238,68,238,
[8*12*'蟶']: 0,120,94,218,218,254,200,254,72,92,72,254,
[8*12*'蟷']: 0,106,72,254,226,220,212,254,106,126,106,254,
[8*12*'蟹']: 0,110,166,106,100,110,164,124,84,124,20,250,
[8*12*'蟻']: 0,84,126,200,254,200,254,212,126,86,124,210,
[8*12*'蟾']: 0,76,84,254,218,208,214,208,86,80,110,206,
[8*12*'蠅']: 0,126,118,246,212,246,246,246,118,84,84,222,
[8*12*'蠍']: 0,124,108,254,234,250,212,228,116,108,122,202,
[8*12*'蠎']: 0,84,126,200,254,212,234,220,72,126,84,228,
[8*12*'蠏']: 0,94,106,202,216,218,222,222,90,94,90,234,
[8*12*'蠑']: 0,106,84,234,254,226,200,254,72,92,106,200,
[8*12*'蠕']: 0,92,72,254,234,192,254,200,126,106,106,234,
[8*12*'蠖']: 0,84,126,212,222,244,222,212,94,84,72,246,
[8*12*'蠡']: 0,60,72,254,52,204,50,68,238,238,68,238,
[8*12*'蠢']: 0,16,124,56,254,108,186,68,238,238,68,238,
[8*12*'蠣']: 0,94,80,250,190,186,190,254,84,94,110,202,
[8*12*'蠧']: 0,16,254,16,254,162,120,56,238,238,68,238,
[8*12*'蠱']: 0,16,124,84,124,250,108,108,218,124,84,254,
[8*12*'蠶']: 0,254,108,254,108,182,124,68,254,238,68,238,
[8*12*'蠹']: 0,16,254,84,254,162,120,56,238,238,68,238,
[8*12*'蠻']: 0,90,132,90,132,222,90,124,84,124,20,250,
[8*12*'血']: 0,16,32,124,84,84,84,84,84,84,84,254,
[8*12*'衂']: 0,62,42,106,122,106,106,106,110,106,234,22,
[8*12*'衄']: 0,62,42,106,106,106,126,106,106,106,234,30,
[8*12*'衆']: 0,32,124,84,84,254,24,82,154,20,84,146,
[8*12*'行']: 0,92,64,128,62,68,68,196,68,68,68,76,
[8*12*'衍']: 0,86,64,128,22,66,66,194,82,82,82,86,
[8*12*'衒']: 0,86,80,184,22,98,82,210,98,106,122,70,
[8*12*'術']: 0,86,80,184,22,82,122,250,122,82,82,86,
[8*12*'街']: 0,86,120,144,22,122,82,250,82,90,114,70,
[8*12*'衙']: 0,70,120,144,62,90,122,194,122,106,122,70,
[8*12*'衛']: 0,86,120,152,62,106,122,210,122,114,122,86,
[8*12*'衝']: 0,70,120,144,62,122,122,210,122,82,90,118,
[8*12*'衞']: 0,86,120,152,62,106,122,194,122,122,82,86,
[8*12*'衡']: 0,86,88,168,22,122,122,250,82,122,82,106,
[8*12*'衢']: 0,110,108,172,2,82,122,242,122,114,122,70,
[8*12*'衣']: 0,16,16,254,16,40,42,108,168,36,52,98,
[8*12*'表']: 0,16,124,16,124,16,254,40,106,164,52,98,
[8*12*'衫']: 0,34,34,244,16,34,36,112,178,34,36,40,
[8*12*'衰']: 0,16,254,68,254,68,124,40,106,164,52,98,
[8*12*'衲']: 0,76,68,254,54,86,86,250,114,82,82,86,
[8*12*'衵']: 0,94,82,242,50,94,82,242,114,82,82,94,
[8*12*'衷']: 0,16,254,16,124,84,124,40,106,164,52,98,
[8*12*'衽']: 0,66,76,228,36,68,94,228,100,68,68,78,
[8*12*'衾']: 0,16,40,124,130,124,8,16,254,106,164,50,
[8*12*'衿']: 0,72,84,226,44,64,64,254,98,68,68,72,
[8*12*'袁']: 0,16,124,16,254,124,68,124,40,106,164,50,
[8*12*'袂']: 0,72,94,234,42,74,94,232,104,84,84,98,
[8*12*'袈']: 0,64,254,90,90,190,16,254,40,106,164,50,
[8*12*'袋']: 0,42,72,222,68,66,16,254,40,106,164,50,
[8*12*'袍']: 0,72,78,242,46,74,74,238,106,72,74,78,
[8*12*'袒']: 0,94,82,242,62,82,82,242,126,64,64,94,
[8*12*'袖']: 0,72,72,254,42,106,126,234,106,106,106,126,
[8*12*'袗']: 0,68,74,240,36,72,66,228,72,66,68,88,
[8*12*'袙']: 0,72,72,254,50,82,94,242,114,82,82,94,
[8*12*'袞']: 0,16,254,40,68,254,68,124,40,106,164,50,
[8*12*'袢']: 0,68,76,246,36,78,68,228,126,68,68,68,
[8*12*'袤']: 0,16,254,124,8,254,42,216,16,106,164,50,
[8*12*'被']: 0,68,94,246,52,94,82,250,116,84,74,82,
[8*12*'袮']: 0,72,78,244,36,76,78,238,118,68,68,76,
[8*12*'袰']: 0,124,84,254,68,164,254,8,254,106,164,50,
[8*12*'袱']: 0,84,86,228,46,100,100,228,100,106,106,114,
[8*12*'袴']: 0,68,94,234,48,78,64,254,104,78,66,70,
[8*12*'袵']: 0,82,92,228,36,100,126,228,100,100,100,110,
[8*12*'袷']: 0,72,84,226,44,64,64,254,114,82,82,94,
[8*12*'袿']: 0,68,78,228,36,94,68,228,110,68,68,94,
[8*12*'裁']: 0,40,122,40,254,36,252,38,108,212,84,106,
[8*12*'裂']: 0,242,74,106,170,66,134,16,254,106,164,50,
[8*12*'裃']: 0,72,78,232,62,64,94,232,108,74,72,72,
[8*12*'裄']: 0,86,80,224,46,82,82,242,114,82,82,86,
[8*12*'装']: 0,36,190,36,100,174,16,254,40,106,164,50,
[8*12*'裏']: 0,16,254,84,124,84,124,16,254,106,164,50,
[8*12*'裔']: 0,16,254,106,164,50,254,170,206,186,170,186,
[8*12*'裕']: 0,84,84,226,40,84,84,226,124,84,84,92,
[8*12*'裘']: 0,20,254,84,56,212,50,16,254,106,164,50,
[8*12*'裙']: 0,94,74,234,62,74,94,232,110,90,74,78,
[8*12*'補']: 0,74,94,232,62,106,126,234,126,106,106,106,
[8*12*'裝']: 0,164,228,62,228,100,174,16,254,106,164,50,
[8*12*'裟']: 0,136,42,136,26,68,152,254,40,106,164,50,
[8*12*'裡']: 0,94,86,254,54,86,94,228,110,68,68,94,
[8*12*'裨']: 0,68,94,246,62,86,94,236,116,94,68,68,
[8*12*'裲']: 0,94,72,232,62,106,106,254,126,126,106,106,
[8*12*'裳']: 0,84,16,254,170,186,16,254,40,106,164,50,
[8*12*'裴']: 0,40,238,40,238,40,238,72,254,106,164,50,
[8*12*'裸']: 0,126,106,254,42,126,72,254,104,92,106,72,
[8*12*'裹']: 0,16,254,84,124,84,254,84,178,108,164,50,
[8*12*'裼']: 0,94,82,254,50,94,72,238,106,86,74,86,
[8*12*'製']: 0,162,250,170,122,34,250,170,16,254,104,182,
[8*12*'裾']: 0,94,82,254,52,94,84,244,110,74,74,78,
[8*12*'褂']: 0,84,84,252,52,92,86,252,116,92,116,68,
[8*12*'褄']: 0,68,94,228,46,70,94,228,126,74,68,90,
[8*12*'複']: 0,72,78,250,46,74,78,232,110,90,68,90,
[8*12*'褊']: 0,94,64,238,42,78,72,238,110,94,78,74,
[8*12*'褌']: 0,94,82,228,62,68,78,238,110,68,94,68,
[8*12*'褐']: 0,94,82,254,50,94,72,238,122,82,90,70,
[8*12*'褒']: 0,16,254,60,84,254,92,106,16,42,228,50,
[8*12*'褓']: 0,94,90,234,46,100,126,228,108,118,100,100,
[8*12*'褝']: 0,90,68,254,54,94,86,254,100,94,68,68,
[8*12*'褞']: 0,94,86,246,58,82,94,224,108,76,76,94,
[8*12*'褥']: 0,94,80,246,48,94,84,250,100,94,84,76,
[8*12*'褪']: 0,78,90,238,42,94,72,234,124,90,80,94,
[8*12*'褫']: 0,66,124,228,38,124,118,240,108,108,76,86,
[8*12*'褶']: 0,94,74,254,42,64,72,254,114,94,82,94,
[8*12*'褸']: 0,72,92,254,40,92,92,232,126,84,76,114,
[8*12*'褻']: 0,16,254,40,252,44,244,102,48,106,164,50,
[8*12*'襁']: 0,116,88,222,52,110,106,250,94,84,86,126,
[8*12*'襃']: 0,16,254,92,148,254,156,234,16,42,228,50,
[8*12*'襄']: 0,16,254,108,108,40,124,40,254,106,164,50,
[8*12*'襌']: 0,86,86,224,62,106,126,234,126,72,126,72,
[8*12*'襍']: 0,84,94,244,62,84,94,232,126,92,106,72,
[8*12*'襖']: 0,72,126,226,54,106,126,234,126,72,84,98,
[8*12*'襞']: 0,100,110,74,228,110,100,16,254,106,164,50,
[8*12*'襟']: 0,74,94,234,62,74,94,224,126,68,86,76,
[8*12*'襠']: 0,106,72,254,34,92,84,254,106,126,106,126,
[8*12*'襤']: 0,68,92,246,56,86,88,224,108,76,76,94,
[8*12*'襦']: 0,92,72,254,42,64,126,200,126,106,106,106,
[8*12*'襪']: 0,74,94,234,46,78,94,244,116,86,84,106,
[8*12*'襭']: 0,86,84,254,54,86,126,198,126,110,120,74,
[8*12*'襯']: 0,86,126,238,46,86,126,214,124,116,84,90,
[8*12*'襲']: 0,38,244,86,242,86,116,86,254,106,164,50,
[8*12*'襴']: 0,118,118,246,54,106,126,254,106,126,106,98,
[8*12*'襷']: 0,86,106,254,42,126,98,220,72,126,72,88,
[8*12*'襾']: 0,0,0,254,40,40,254,170,170,186,130,130,
[8*12*'西']: 0,254,40,40,254,170,170,174,194,130,130,254,
[8*12*'要']: 0,254,40,254,170,254,16,254,36,104,24,230,
[8*12*'覃']: 0,254,40,254,186,130,124,68,124,16,254,16,
[8*12*'覆']: 0,254,40,254,170,254,92,148,92,244,72,118,
[8*12*'覇']: 0,254,40,254,170,254,0,174,234,78,234,86,
[8*12*'覈']: 0,254,40,254,186,68,246,250,42,244,84,186,
[8*12*'覊']: 0,254,40,254,186,0,174,236,172,78,226,86,
[8*12*'見']: 0,124,68,124,68,124,68,124,40,40,74,142,
[8*12*'規']: 0,94,82,254,82,94,242,94,76,172,148,38,
[8*12*'覓']: 0,12,112,84,130,124,68,124,68,124,42,206,
[8*12*'視']: 0,94,82,254,50,94,82,254,76,76,76,86,
[8*12*'覗']: 0,254,50,254,50,254,178,190,172,236,52,102,
[8*12*'覘']: 0,94,82,126,82,94,242,190,172,172,236,22,
[8*12*'覚']: 0,84,8,254,130,124,68,124,68,124,42,206,
[8*12*'覡']: 0,254,42,46,122,126,122,174,44,60,204,22,
[8*12*'覦']: 0,238,90,142,122,14,218,222,236,236,212,214,
[8*12*'覧']: 0,232,206,224,206,252,68,124,68,124,42,206,
[8*12*'覩']: 0,46,42,126,42,254,106,254,84,116,84,122,
[8*12*'親']: 0,46,250,94,90,254,42,254,44,108,180,38,
[8*12*'覬']: 0,174,250,14,250,14,250,158,244,84,84,250,
[8*12*'覯']: 0,94,250,94,250,94,250,126,116,244,84,90,
[8*12*'覲']: 0,94,250,94,250,174,170,254,36,116,44,246,
[8*12*'観']: 0,78,122,174,250,46,122,238,116,100,108,118,
[8*12*'覺']: 0,44,84,108,84,254,170,56,40,56,42,206,
[8*12*'覽']: 0,232,206,224,206,254,68,124,68,124,42,206,
[8*12*'覿']: 0,46,250,46,250,222,250,94,116,84,116,138,
[8*12*'觀']: 0,94,250,94,218,222,106,126,228,116,100,122,
[8*12*'角']: 0,60,36,72,254,82,126,82,126,66,66,134,
[8*12*'觚']: 0,98,188,52,244,180,244,180,244,180,186,162,
[8*12*'觜']: 0,36,182,164,246,56,72,254,82,126,66,142,
[8*12*'觝']: 0,98,188,52,244,190,244,180,244,186,162,186,
[8*12*'解']: 0,110,166,42,240,180,252,190,244,158,148,180,
[8*12*'触']: 0,104,168,62,234,170,234,190,232,168,170,190,
[8*12*'觧']: 0,106,164,62,228,164,238,164,228,190,164,164,
[8*12*'觴']: 0,104,174,58,238,170,254,168,238,182,170,182,
[8*12*'觸']: 0,126,170,62,240,190,234,190,254,170,174,186,
[8*12*'言']: 0,124,0,254,0,124,0,124,0,124,68,124,
[8*12*'訂']: 0,254,4,228,4,228,4,228,4,228,164,236,
[8*12*'訃']: 0,232,8,232,8,236,10,234,8,232,168,232,
[8*12*'計']: 0,228,4,228,4,254,4,228,4,228,164,228,
[8*12*'訊']: 0,252,20,212,20,220,52,212,20,212,228,198,
[8*12*'訌']: 0,224,30,228,4,228,4,228,4,228,164,254,
[8*12*'討']: 0,228,4,254,4,228,20,236,4,228,164,236,
[8*12*'訐']: 0,238,4,228,4,254,4,228,4,228,164,228,
[8*12*'訓']: 0,210,18,218,26,218,26,218,26,210,210,226,
[8*12*'訖']: 0,200,14,208,14,194,4,200,8,210,210,206,
[8*12*'託']: 0,196,24,200,8,206,56,200,8,202,202,206,
[8*12*'記']: 0,222,2,194,2,222,16,208,16,210,210,222,
[8*12*'訛']: 0,216,24,232,42,236,40,232,40,234,170,238,
[8*12*'訝']: 0,222,20,212,20,212,62,196,12,212,228,204,
[8*12*'訟']: 0,212,20,212,34,200,8,200,16,212,212,250,
[8*12*'訣']: 0,200,30,202,10,202,62,200,8,212,212,226,
[8*12*'訥']: 0,216,8,254,42,234,42,246,34,226,162,230,
[8*12*'訪']: 0,228,4,254,8,232,14,234,10,234,170,246,
[8*12*'設']: 0,220,20,212,38,220,4,212,8,200,212,226,
[8*12*'許']: 0,232,14,244,4,228,30,228,4,228,164,228,
[8*12*'訳']: 0,222,18,210,30,212,20,212,20,212,210,226,
[8*12*'訴']: 0,196,24,208,16,222,20,220,20,214,228,196,
[8*12*'訶']: 0,222,2,222,22,214,22,214,30,194,194,198,
[8*12*'診']: 0,200,20,226,8,208,4,200,18,196,200,240,
[8*12*'註']: 0,208,8,254,8,200,8,220,8,200,200,254,
[8*12*'証']: 0,222,4,196,4,212,22,212,20,212,212,254,
[8*12*'詁']: 0,228,4,228,30,228,4,238,10,234,170,238,
[8*12*'詆']: 0,194,28,212,20,222,20,212,20,218,194,218,
[8*12*'詈']: 0,254,170,254,0,254,0,124,0,124,68,124,
[8*12*'詐']: 0,232,14,248,8,238,8,232,14,232,168,232,
[8*12*'詑']: 0,228,30,242,8,234,12,232,8,234,170,238,
[8*12*'詒']: 0,228,4,232,10,254,0,238,10,234,170,238,
[8*12*'詔']: 0,222,10,202,10,214,0,222,18,210,210,222,
[8*12*'評']: 0,222,4,214,22,196,4,222,4,196,196,196,
[8*12*'詛']: 0,220,20,212,28,212,20,220,20,212,212,254,
[8*12*'詞']: 0,222,2,222,2,222,22,214,22,222,194,198,
[8*12*'詠']: 0,216,0,216,10,250,28,220,28,234,202,216,
[8*12*'詢']: 0,208,30,226,30,214,30,214,22,222,194,198,
[8*12*'詣']: 0,208,18,220,18,222,0,222,18,222,210,222,
[8*12*'試']: 0,202,8,254,4,196,60,212,20,212,250,194,
[8*12*'詩']: 0,200,28,200,62,196,62,196,36,212,196,204,
[8*12*'詫']: 0,200,62,226,4,216,8,206,56,200,202,206,
[8*12*'詬']: 0,194,28,208,30,208,16,222,26,234,170,238,
[8*12*'詭']: 0,204,20,196,62,224,46,234,42,232,234,206,
[8*12*'詮']: 0,200,20,226,28,200,8,220,8,200,200,254,
[8*12*'詰']: 0,196,4,254,4,196,30,192,30,210,210,222,
[8*12*'話']: 0,194,28,196,4,254,4,196,30,210,210,222,
[8*12*'該']: 0,200,62,200,48,212,8,210,36,200,212,226,
[8*12*'詳']: 0,212,8,254,8,200,28,200,8,254,200,200,
[8*12*'詼']: 0,208,62,208,20,222,28,212,36,202,202,210,
[8*12*'誂']: 0,212,20,246,20,212,20,246,20,212,212,230,
[8*12*'誄']: 0,202,28,200,28,200,62,200,8,220,234,200,
[8*12*'誅']: 0,200,24,220,40,200,62,200,8,220,234,200,
[8*12*'誇']: 0,200,62,212,34,220,0,254,16,222,194,198,
[8*12*'誉']: 0,84,8,254,68,186,0,124,0,124,68,124,
[8*12*'誌']: 0,200,8,254,8,200,28,192,20,208,242,238,
[8*12*'認']: 0,222,10,218,14,202,22,192,20,208,242,238,
[8*12*'誑']: 0,222,36,212,52,212,30,212,52,212,212,238,
[8*12*'誓']: 0,92,208,94,228,124,0,124,0,124,68,124,
[8*12*'誕']: 0,242,28,212,36,246,20,212,52,222,208,238,
[8*12*'誘']: 0,196,24,200,62,220,42,252,20,214,210,230,
[8*12*'誚']: 0,196,12,214,4,222,18,222,18,222,210,214,
[8*12*'語']: 0,222,4,222,10,202,62,192,30,210,210,222,
[8*12*'誠']: 0,202,8,254,36,252,44,236,46,244,228,202,
[8*12*'誡']: 0,202,8,254,4,212,60,214,20,228,202,210,
[8*12*'誣']: 0,254,8,200,28,220,28,220,42,200,200,254,
[8*12*'誤']: 0,206,10,234,46,224,60,196,62,192,212,226,
[8*12*'誥']: 0,212,30,212,36,254,4,196,30,210,210,222,
[8*12*'誦']: 0,222,4,200,62,234,62,234,62,234,170,234,
[8*12*'誨']: 0,208,30,224,30,234,62,234,42,254,194,204,
[8*12*'説']: 0,212,8,254,34,226,62,212,20,212,212,230,
[8*12*'読']: 0,200,62,200,28,192,62,226,20,212,212,230,
[8*12*'誰']: 0,212,20,222,52,222,20,212,30,212,212,222,
[8*12*'課']: 0,254,42,254,42,254,8,254,8,220,234,200,
[8*12*'誹']: 0,212,20,246,20,246,20,212,54,212,212,228,
[8*12*'誼']: 0,200,62,226,28,212,28,212,28,212,212,254,
[8*12*'調']: 0,254,34,234,62,234,62,226,62,246,190,226,
[8*12*'諂']: 0,200,14,210,4,216,22,210,26,210,210,222,
[8*12*'諄']: 0,200,62,220,20,220,0,220,4,254,200,216,
[8*12*'談']: 0,200,42,236,20,226,8,234,44,200,212,226,
[8*12*'請']: 0,200,28,200,28,200,62,212,28,212,220,212,
[8*12*'諌']: 0,200,62,200,62,234,62,234,62,200,220,234,
[8*12*'諍']: 0,220,20,234,0,222,10,254,10,222,200,216,
[8*12*'諏']: 0,252,40,254,42,234,58,236,44,250,202,200,
[8*12*'諒']: 0,200,62,192,28,212,28,200,42,234,200,216,
[8*12*'論']: 0,200,20,226,28,192,62,234,62,234,170,234,
[8*12*'諚']: 0,196,30,210,14,196,4,214,20,212,212,238,
[8*12*'諛']: 0,208,46,234,62,234,42,254,8,200,212,226,
[8*12*'諜']: 0,234,62,234,46,224,62,200,62,220,234,200,
[8*12*'諞']: 0,222,0,222,18,222,16,222,42,254,170,234,
[8*12*'諠']: 0,196,30,214,0,222,18,222,18,222,192,222,
[8*12*'諡']: 0,212,34,220,16,220,4,204,0,220,220,254,
[8*12*'諢']: 0,254,34,200,62,200,62,234,62,200,254,200,
[8*12*'諤']: 0,214,22,214,0,204,0,222,8,238,162,230,
[8*12*'諦']: 0,200,62,212,20,254,42,200,62,234,170,232,
[8*12*'諧']: 0,228,54,228,36,246,8,222,18,222,210,222,
[8*12*'諫']: 0,200,62,200,62,254,42,254,8,220,234,200,
[8*12*'諭']: 0,200,20,226,28,192,58,234,58,234,186,234,
[8*12*'諮']: 0,200,46,214,4,212,42,192,30,210,210,222,
[8*12*'諱']: 0,196,30,202,62,210,30,196,30,212,254,196,
[8*12*'諳']: 0,200,62,212,20,254,0,220,20,220,212,220,
[8*12*'諷']: 0,254,38,250,42,254,42,234,62,234,238,218,
[8*12*'諸']: 0,200,10,220,8,254,16,222,50,222,210,222,
[8*12*'諺']: 0,200,62,212,20,254,36,232,36,234,196,216,
[8*12*'諾']: 0,212,62,212,8,254,16,222,50,210,210,222,
[8*12*'謀']: 0,212,62,212,28,212,28,200,62,220,234,200,
[8*12*'謁']: 0,222,18,222,18,222,8,222,58,210,218,198,
[8*12*'謂']: 0,254,42,254,42,254,20,220,20,220,212,212,
[8*12*'謄']: 0,228,182,164,254,172,178,236,160,174,170,174,
[8*12*'謇']: 0,16,254,170,124,40,254,68,186,0,124,124,
[8*12*'謌']: 0,222,2,222,22,222,2,254,22,222,194,198,
[8*12*'謎']: 0,196,54,212,4,222,36,236,54,228,224,222,
[8*12*'謐']: 0,208,8,210,52,216,18,238,0,220,220,254,
[8*12*'謔']: 0,196,6,196,30,212,16,214,20,222,212,230,
[8*12*'謖']: 0,254,42,254,42,254,20,230,12,212,200,246,
[8*12*'謗']: 0,200,62,212,62,226,8,254,16,222,210,230,
[8*12*'謙']: 0,212,62,212,62,214,62,214,62,212,246,212,
[8*12*'謚']: 0,212,34,192,28,192,20,226,0,220,220,254,
[8*12*'講']: 0,212,62,212,62,212,62,220,28,254,212,212,
[8*12*'謝']: 0,210,58,238,58,234,62,238,58,218,234,218,
[8*12*'謠']: 0,200,12,212,8,208,28,232,62,200,234,254,
[8*12*'謡']: 0,198,56,234,0,220,8,254,8,234,170,254,
[8*12*'謦']: 0,46,250,110,100,138,124,0,124,0,124,124,
[8*12*'謨']: 0,212,62,212,62,226,62,200,62,200,212,226,
[8*12*'謫']: 0,200,62,212,62,234,62,234,62,246,190,226,
[8*12*'謬']: 0,222,10,222,10,200,20,234,20,202,196,216,
[8*12*'謳']: 0,254,32,238,42,238,32,246,54,246,160,254,
[8*12*'謹']: 0,212,62,212,62,234,42,254,8,220,200,254,
[8*12*'謾']: 0,220,20,220,20,254,42,254,20,200,212,226,
[8*12*'譁']: 0,212,62,212,62,220,62,220,62,200,254,200,
[8*12*'證']: 0,250,20,226,28,192,62,226,62,212,212,254,
[8*12*'譌']: 0,220,42,192,60,212,30,226,62,194,234,198,
[8*12*'譎']: 0,220,4,254,26,232,62,230,58,234,186,230,
[8*12*'譏']: 0,218,44,218,44,254,4,254,20,214,212,234,
[8*12*'譖']: 0,212,62,252,62,212,42,220,20,220,212,220,
[8*12*'識']: 0,212,22,252,44,254,4,252,46,252,236,250,
[8*12*'譚']: 0,254,20,254,62,212,28,212,28,200,254,200,
[8*12*'譛']: 0,212,62,212,62,212,42,220,20,220,212,220,
[8*12*'譜']: 0,212,62,212,54,212,62,220,20,220,212,220,
[8*12*'譟']: 0,220,20,220,62,234,62,200,62,220,234,200,
[8*12*'警']: 0,84,246,122,140,106,254,0,124,0,124,124,
[8*12*'譫']: 0,204,20,254,26,208,22,208,22,208,238,206,
[8*12*'譬']: 0,100,110,202,100,124,0,124,0,124,68,124,
[8*12*'譯']: 0,254,42,254,8,220,62,212,62,200,254,200,
[8*12*'議']: 0,212,62,200,62,200,62,212,62,214,252,210,
[8*12*'譱']: 0,68,254,16,254,16,214,16,214,16,214,214,
[8*12*'譲']: 0,200,62,212,34,212,62,212,62,218,244,218,
[8*12*'譴']: 0,196,46,206,36,206,54,212,22,214,208,238,
[8*12*'護']: 0,212,62,212,30,244,30,212,30,212,200,246,
[8*12*'譽']: 0,86,154,206,170,254,68,186,0,124,68,124,
[8*12*'讀']: 0,200,62,200,62,246,62,212,28,212,220,226,
[8*12*'讃']: 0,212,62,212,42,220,20,220,20,220,192,226,
[8*12*'變']: 0,90,132,90,132,90,222,66,124,168,16,238,
[8*12*'讌']: 0,212,62,212,28,246,20,252,22,192,212,234,
[8*12*'讎']: 0,90,66,94,228,126,100,124,102,124,124,102,
[8*12*'讐']: 0,84,126,236,108,126,0,124,0,124,68,124,
[8*12*'讒']: 0,204,20,254,36,246,12,212,62,234,220,230,
[8*12*'讓']: 0,200,62,246,0,212,62,212,62,218,244,218,
[8*12*'讖']: 0,212,22,236,4,254,20,252,22,252,212,250,
[8*12*'讙']: 0,212,62,212,54,246,20,222,52,222,212,222,
[8*12*'讚']: 0,244,62,236,62,212,42,212,28,212,220,226,
[8*12*'谷']: 0,40,68,130,16,40,68,130,124,68,68,124,
[8*12*'谺']: 0,94,90,138,42,90,94,130,118,90,82,118,
[8*12*'谿']: 0,106,218,32,100,74,250,32,254,42,90,142,
[8*12*'豁']: 0,74,234,176,68,234,74,240,78,234,170,238,
[8*12*'豆']: 0,254,0,124,68,68,124,8,40,40,8,254,
[8*12*'豈']: 0,146,254,0,254,0,124,68,124,40,40,254,
[8*12*'豊']: 0,40,254,170,254,0,254,68,124,40,40,254,
[8*12*'豌']: 0,228,30,242,168,238,22,182,174,68,236,22,
[8*12*'豎']: 0,238,194,234,196,234,0,254,68,124,40,254,
[8*12*'豐']: 0,16,186,254,186,254,0,254,68,124,40,254,
[8*12*'豕']: 0,254,16,16,42,220,40,216,44,202,8,48,
[8*12*'豚']: 0,254,168,168,236,182,172,244,172,182,164,172,
[8*12*'象']: 0,56,72,252,84,124,210,44,216,44,202,48,
[8*12*'豢']: 0,84,146,124,40,254,68,186,80,42,204,50,
[8*12*'豪']: 0,16,254,68,124,254,130,124,218,44,202,48,
[8*12*'豫']: 0,236,52,62,106,126,232,86,108,84,102,216,
[8*12*'豬']: 0,228,68,78,100,190,108,190,106,174,42,206,
[8*12*'豸']: 0,12,112,40,28,104,20,108,20,100,4,24,
[8*12*'豹']: 0,40,206,178,66,178,106,170,98,162,34,108,
[8*12*'豺']: 0,36,196,190,68,166,100,172,116,164,36,108,
[8*12*'豼']: 0,52,212,180,94,180,116,180,116,180,60,86,
[8*12*'貂']: 0,62,202,170,74,182,96,174,106,170,42,110,
[8*12*'貅']: 0,52,212,190,84,180,126,190,126,180,52,84,
[8*12*'貉']: 0,40,206,170,84,164,106,176,110,170,42,110,
[8*12*'貊']: 0,62,200,168,94,178,114,190,114,178,50,94,
[8*12*'貌']: 0,40,222,178,94,178,114,190,108,172,44,86,
[8*12*'貍']: 0,46,206,174,78,174,110,164,110,164,36,94,
[8*12*'貎']: 0,40,214,178,90,178,114,190,108,172,44,86,
[8*12*'貔']: 0,40,222,182,90,182,126,164,118,164,36,118,
[8*12*'貘']: 0,42,222,170,94,178,126,164,126,164,42,82,
[8*12*'貝']: 0,124,68,124,68,124,68,68,124,0,68,130,
[8*12*'貞']: 0,16,30,16,124,68,124,68,124,68,124,130,
[8*12*'負']: 0,56,72,252,68,124,68,124,68,124,68,130,
[8*12*'財']: 0,228,164,254,164,230,164,172,244,4,164,172,
[8*12*'貢']: 0,124,16,254,68,124,68,124,68,124,68,130,
[8*12*'貧']: 0,40,68,254,36,76,124,68,124,68,124,130,
[8*12*'貨']: 0,40,74,204,74,126,68,124,68,124,68,130,
[8*12*'販']: 0,238,168,232,174,234,170,170,244,4,170,170,
[8*12*'貪']: 0,16,40,124,138,16,124,68,124,68,124,130,
[8*12*'貫']: 0,124,84,254,84,124,68,124,68,124,68,130,
[8*12*'責']: 0,16,124,16,124,16,254,68,124,68,124,130,
[8*12*'貭']: 0,6,120,72,126,72,92,84,92,84,92,162,
[8*12*'貮']: 0,106,8,254,4,116,84,116,84,116,2,138,
[8*12*'貯']: 0,228,190,242,160,238,164,164,228,4,164,172,
[8*12*'貰']: 0,84,254,84,92,64,126,68,124,68,124,130,
[8*12*'貲']: 0,36,182,164,254,68,124,68,124,68,124,130,
[8*12*'貳']: 0,10,254,4,116,4,252,84,116,84,114,138,
[8*12*'貴']: 0,16,124,84,254,68,124,68,124,68,124,130,
[8*12*'貶']: 0,226,172,228,190,226,164,164,244,24,184,166,
[8*12*'買']: 0,254,170,254,68,124,68,124,68,124,68,130,
[8*12*'貸']: 0,42,94,196,66,124,68,124,68,124,68,130,
[8*12*'費']: 0,40,254,42,254,168,126,198,124,68,124,130,
[8*12*'貼']: 0,232,168,232,174,232,168,190,242,18,178,190,
[8*12*'貽']: 0,228,164,232,170,254,160,174,234,10,170,174,
[8*12*'貿']: 0,94,138,146,252,68,124,68,124,68,124,130,
[8*12*'賀']: 0,64,254,90,190,68,124,68,124,68,124,130,
[8*12*'賁']: 0,16,124,16,68,238,124,68,124,68,124,130,
[8*12*'賂']: 0,232,174,234,180,228,170,176,238,10,170,174,
[8*12*'賃']: 0,36,88,200,126,72,124,68,124,68,124,130,
[8*12*'賄']: 0,228,164,254,168,238,186,174,234,14,170,170,
[8*12*'資']: 0,144,30,42,148,124,68,124,68,124,68,130,
[8*12*'賈']: 0,254,40,254,170,254,68,124,68,124,68,130,
[8*12*'賊']: 0,202,200,254,212,212,252,214,212,20,164,170,
[8*12*'賍']: 0,228,190,240,180,244,190,180,244,20,164,174,
[8*12*'賎']: 0,234,174,248,174,248,174,184,234,4,172,178,
[8*12*'賑']: 0,254,176,246,176,254,180,182,244,20,178,186,
[8*12*'賓']: 0,16,254,130,56,84,60,196,124,68,124,130,
[8*12*'賚']: 0,16,254,84,186,84,254,68,124,68,124,130,
[8*12*'賛']: 0,68,238,68,170,124,68,124,68,124,68,130,
[8*12*'賜']: 0,238,170,238,170,238,168,174,234,22,170,166,
[8*12*'賞']: 0,84,16,254,170,56,124,68,124,68,124,130,
[8*12*'賠']: 0,228,190,234,170,254,160,174,234,10,170,174,
[8*12*'賢']: 0,238,202,228,250,68,124,68,124,68,124,130,
[8*12*'賣']: 0,16,254,16,254,170,254,68,124,68,124,130,
[8*12*'賤']: 0,234,188,234,164,234,160,170,252,10,164,170,
[8*12*'賦']: 0,232,186,232,190,228,180,188,244,20,188,162,
[8*12*'質']: 0,108,72,110,180,36,124,68,124,68,124,130,
[8*12*'賭']: 0,228,164,238,164,254,168,190,234,14,170,174,
[8*12*'賺']: 0,202,254,212,254,214,254,214,254,20,182,148,
[8*12*'賻']: 0,234,190,232,190,234,190,170,228,30,180,172,
[8*12*'購']: 0,212,254,212,254,212,254,252,236,62,164,172,
[8*12*'賽']: 0,16,254,170,124,40,254,68,254,68,124,130,
[8*12*'贄']: 0,40,252,44,252,108,182,124,124,68,124,130,
[8*12*'贅']: 0,36,246,42,250,84,186,68,124,68,124,130,
[8*12*'贇']: 0,90,228,62,164,84,186,68,124,68,124,130,
[8*12*'贈']: 0,234,164,254,182,254,182,190,234,14,170,174,
[8*12*'贊']: 0,108,126,180,254,108,182,124,124,68,124,130,
[8*12*'贋']: 0,126,84,110,108,110,92,84,92,84,92,162,
[8*12*'贍']: 0,236,180,254,186,240,182,176,246,16,174,174,
[8*12*'贏']: 0,16,254,64,124,0,118,118,118,118,70,170,
[8*12*'贐']: 0,200,222,202,254,200,254,192,234,0,156,190,
[8*12*'贓']: 0,202,200,222,212,244,220,254,220,20,148,170,
[8*12*'贔']: 0,124,68,124,68,56,68,238,170,238,0,170,
[8*12*'贖']: 0,200,254,200,254,246,254,212,220,20,156,162,
[8*12*'赤']: 0,16,124,16,16,254,40,40,170,170,40,88,
[8*12*'赦']: 0,36,116,38,42,250,90,90,212,84,90,178,
[8*12*'赧']: 0,46,122,42,46,248,94,90,218,92,90,186,
[8*12*'赫']: 0,36,126,36,36,254,90,90,218,90,90,182,
[8*12*'赭']: 0,36,116,46,36,254,84,86,222,86,86,182,
[8*12*'走']: 0,16,124,16,16,254,16,92,80,80,112,158,
[8*12*'赱']: 0,16,124,16,16,254,4,40,8,80,96,158,
[8*12*'赳']: 0,34,122,42,42,250,42,110,114,98,96,158,
[8*12*'赴']: 0,36,116,36,36,246,36,100,116,100,96,158,
[8*12*'起']: 0,46,114,34,34,254,40,104,122,110,96,158,
[8*12*'趁']: 0,36,122,32,34,244,34,100,114,100,96,158,
[8*12*'超']: 0,46,118,38,42,246,32,110,122,110,96,158,
[8*12*'越']: 0,74,232,94,84,244,86,84,244,218,192,190,
[8*12*'趙']: 0,68,236,86,68,222,82,94,210,214,192,190,
[8*12*'趣']: 0,92,248,94,90,250,92,92,250,200,192,190,
[8*12*'趨']: 0,80,222,106,122,208,94,106,250,214,192,190,
[8*12*'足']: 0,124,68,68,124,16,16,92,80,80,112,158,
[8*12*'趺']: 0,228,164,174,228,68,94,228,196,202,234,210,
[8*12*'趾']: 0,228,164,164,244,86,84,244,212,212,244,222,
[8*12*'跂']: 0,228,164,190,228,78,66,234,196,196,234,210,
[8*12*'跋']: 0,234,168,190,232,74,74,236,212,196,234,210,
[8*12*'跌']: 0,228,180,190,244,68,94,228,196,196,234,210,
[8*12*'跏']: 0,208,190,186,218,90,90,218,234,234,206,216,
[8*12*'跖']: 0,254,168,168,232,78,90,234,202,202,202,238,
[8*12*'跚']: 0,254,186,186,250,90,126,218,218,218,242,214,
[8*12*'跛']: 0,228,190,182,244,94,82,250,212,212,234,210,
[8*12*'距']: 0,254,176,176,254,82,82,254,208,208,240,222,
[8*12*'跟']: 0,254,178,190,242,82,94,244,214,212,242,218,
[8*12*'跡']: 0,232,168,190,212,84,118,246,212,212,212,236,
[8*12*'跣']: 0,228,180,190,228,68,126,212,212,212,212,230,
[8*12*'跨']: 0,228,190,170,240,78,64,254,200,206,226,198,
[8*12*'跪']: 0,236,180,164,254,80,94,250,218,216,234,206,
[8*12*'跫']: 0,252,84,92,230,124,68,124,16,92,80,190,
[8*12*'路']: 0,232,174,170,244,68,74,240,206,202,234,206,
[8*12*'跳']: 0,244,180,182,244,84,84,246,212,212,212,230,
[8*12*'践']: 0,234,174,184,238,88,78,248,202,196,236,210,
[8*12*'跼']: 0,252,164,188,224,126,66,250,234,234,250,198,
[8*12*'跿']: 0,228,174,164,228,94,68,214,212,212,212,238,
[8*12*'踈']: 0,232,190,168,254,106,106,254,200,220,234,200,
[8*12*'踉']: 0,228,190,178,254,82,94,244,214,212,242,218,
[8*12*'踊']: 0,238,162,164,254,86,94,246,222,214,214,242,
[8*12*'踏']: 0,232,170,188,232,92,106,220,212,220,244,220,
[8*12*'踐']: 0,234,188,170,228,74,64,234,220,202,228,202,
[8*12*'踝']: 0,254,170,190,234,126,72,254,200,220,234,200,
[8*12*'踞']: 0,254,178,190,244,94,84,244,222,218,234,206,
[8*12*'踟']: 0,224,166,190,246,86,126,214,214,214,238,200,
[8*12*'踪']: 0,228,190,178,236,64,94,228,214,214,196,236,
[8*12*'踰']: 0,248,180,162,252,64,122,234,252,236,250,234,
[8*12*'踴']: 0,238,164,190,234,126,106,254,200,254,210,230,
[8*12*'踵']: 0,228,184,190,232,126,106,254,200,220,200,254,
[8*12*'蹂']: 0,236,164,190,234,88,72,254,200,220,234,200,
[8*12*'蹄']: 0,232,190,180,212,126,106,200,254,234,234,200,
[8*12*'蹇']: 0,16,254,170,124,40,254,124,198,124,80,190,
[8*12*'蹈']: 0,252,160,180,234,64,86,226,246,226,226,254,
[8*12*'蹉']: 0,234,190,164,238,68,94,232,206,212,228,222,
[8*12*'蹊']: 0,236,186,164,236,74,94,228,222,196,234,210,
[8*12*'蹌']: 0,228,170,190,224,78,74,238,200,206,218,238,
[8*12*'蹐']: 0,246,164,182,228,76,82,254,210,222,210,214,
[8*12*'蹕']: 0,254,170,190,234,126,84,254,200,254,200,200,
[8*12*'蹙']: 0,4,126,84,126,84,178,124,68,124,80,190,
[8*12*'蹟']: 0,232,188,168,220,72,126,212,220,212,220,226,
[8*12*'蹠']: 0,228,190,160,234,126,106,234,238,192,212,234,
[8*12*'蹣']: 0,244,190,180,252,72,126,234,254,254,234,234,
[8*12*'蹤']: 0,244,180,170,224,84,84,246,212,212,220,214,
[8*12*'蹲']: 0,244,162,190,212,126,118,254,196,254,212,204,
[8*12*'蹴']: 0,214,252,196,254,108,124,212,252,212,218,242,
[8*12*'蹶']: 0,254,160,168,254,90,108,252,212,212,228,202,
[8*12*'蹼']: 0,234,168,190,212,126,72,220,200,254,212,226,
[8*12*'躁']: 0,220,212,220,254,106,126,200,254,220,234,200,
[8*12*'躄']: 0,100,110,74,228,110,100,124,68,124,80,190,
[8*12*'躅']: 0,254,170,190,240,94,106,222,222,202,238,218,
[8*12*'躇']: 0,234,190,170,228,78,68,254,202,222,202,238,
[8*12*'躊']: 0,232,190,168,254,66,92,200,254,244,244,204,
[8*12*'躋']: 0,232,190,168,246,84,106,220,212,220,212,228,
[8*12*'躍']: 0,254,170,190,234,94,68,238,212,222,244,222,
[8*12*'躑']: 0,214,238,198,252,86,126,254,214,252,212,236,
[8*12*'躓']: 0,246,164,182,210,92,84,220,212,220,192,226,
[8*12*'躔']: 0,228,190,176,254,94,84,222,234,212,196,222,
[8*12*'躙']: 0,246,182,182,246,106,110,250,238,234,238,226,
[8*12*'躡']: 0,254,172,172,236,94,68,254,246,246,254,210,
[8*12*'躪']: 0,212,254,212,246,118,98,234,238,250,238,226,
[8*12*'身']: 0,16,124,68,124,68,124,70,252,12,52,204,
[8*12*'躬']: 0,46,114,82,126,88,120,94,242,50,82,182,
[8*12*'躯']: 0,46,120,90,122,92,124,90,250,56,88,190,
[8*12*'躰']: 0,68,228,190,228,164,236,182,228,110,164,100,
[8*12*'躱']: 0,92,236,174,234,182,228,190,228,108,182,100,
[8*12*'躾']: 0,74,254,164,238,164,254,164,254,100,170,114,
[8*12*'軅']: 0,94,240,180,246,180,238,172,238,108,172,110,
[8*12*'軆']: 0,84,254,182,254,160,254,178,254,108,172,126,
[8*12*'軈']: 0,68,254,180,246,172,238,172,238,112,178,110,
[8*12*'車']: 0,16,254,16,124,84,124,84,124,16,254,16,
[8*12*'軋']: 0,72,232,72,232,232,232,232,232,74,234,78,
[8*12*'軌']: 0,72,232,92,236,236,236,236,236,84,244,86,
[8*12*'軍']: 0,254,146,124,16,124,124,84,124,16,254,16,
[8*12*'軒']: 0,78,228,68,228,254,228,228,228,68,228,68,
[8*12*'軛']: 0,94,240,80,254,250,250,250,248,90,234,78,
[8*12*'軟']: 0,72,238,74,246,228,228,228,228,74,234,82,
[8*12*'転']: 0,78,224,64,254,228,228,232,232,74,242,94,
[8*12*'軣']: 0,16,254,84,124,84,254,146,68,40,68,130,
[8*12*'軫']: 0,68,234,80,228,232,226,228,232,66,228,88,
[8*12*'軸']: 0,72,200,126,234,234,254,234,234,106,234,126,
[8*12*'軻']: 0,94,226,94,246,246,246,246,254,66,226,70,
[8*12*'軼']: 0,68,236,78,244,228,254,228,228,68,234,82,
[8*12*'軽']: 0,92,196,84,200,212,234,200,220,72,200,126,
[8*12*'軾']: 0,74,200,126,196,196,252,212,212,84,250,66,
[8*12*'較']: 0,72,254,84,212,226,212,212,200,72,212,98,
[8*12*'輅']: 0,72,238,74,244,228,234,240,238,74,234,78,
[8*12*'載']: 0,40,122,40,254,36,252,118,116,116,252,42,
[8*12*'輊']: 0,126,200,80,212,250,200,200,220,72,200,126,
[8*12*'輌']: 0,126,200,72,254,234,234,254,254,126,226,102,
[8*12*'輒']: 0,126,212,116,212,212,244,212,212,116,212,86,
[8*12*'輓']: 0,76,212,68,254,234,234,254,212,84,212,102,
[8*12*'輔']: 0,74,254,72,254,234,254,234,254,106,234,106,
[8*12*'輕']: 0,94,234,74,244,234,234,224,254,68,228,94,
[8*12*'輙']: 0,124,216,94,218,218,218,220,220,122,202,72,
[8*12*'輛']: 0,126,200,72,254,234,234,254,254,126,234,106,
[8*12*'輜']: 0,74,234,84,234,234,254,246,254,86,246,94,
[8*12*'輝']: 0,62,162,168,62,232,126,106,126,104,126,136,
[8*12*'輟']: 0,94,202,106,212,234,192,222,202,106,212,106,
[8*12*'輦']: 0,68,238,68,170,16,254,84,124,84,254,16,
[8*12*'輩']: 0,40,238,40,238,40,254,84,124,84,254,16,
[8*12*'輪']: 0,72,212,98,220,192,254,234,254,106,234,106,
[8*12*'輯']: 0,92,212,92,192,254,212,220,212,94,244,68,
[8*12*'輳']: 0,72,220,72,254,212,254,226,220,126,212,98,
[8*12*'輸']: 0,72,212,98,220,192,250,234,250,106,250,106,
[8*12*'輹']: 0,72,238,90,238,234,238,232,238,90,228,90,
[8*12*'輻']: 0,94,192,94,210,222,192,254,234,126,234,126,
[8*12*'輾']: 0,94,210,94,212,222,212,222,212,118,212,90,
[8*12*'輿']: 0,86,186,214,186,214,186,146,254,0,68,130,
[8*12*'轂']: 0,46,250,42,240,158,42,250,100,100,250,42,
[8*12*'轄']: 0,72,254,106,220,200,220,200,254,92,212,92,
[8*12*'轅']: 0,72,220,72,254,220,212,220,218,116,212,90,
[8*12*'轆']: 0,72,222,84,222,214,222,228,246,100,228,118,
[8*12*'轉']: 0,72,254,92,220,220,250,196,254,68,212,76,
[8*12*'轌']: 0,92,200,126,234,212,192,220,196,126,196,92,
[8*12*'轍']: 0,84,252,86,234,250,202,250,236,124,234,106,
[8*12*'轎']: 0,92,200,126,212,226,220,212,254,118,254,98,
[8*12*'轗']: 0,68,254,100,252,238,236,250,192,84,242,110,
[8*12*'轜']: 0,92,200,126,234,192,254,200,254,106,234,106,
[8*12*'轟']: 0,16,254,84,124,84,254,108,108,108,254,36,
[8*12*'轡']: 0,90,132,90,132,90,254,90,0,124,68,124,
[8*12*'轢']: 0,90,236,90,236,246,200,254,200,92,234,72,
[8*12*'轣']: 0,126,224,106,116,254,244,224,228,86,212,126,
[8*12*'轤']: 0,68,230,68,222,212,214,214,208,108,204,94,
[8*12*'辛']: 0,16,124,40,40,254,16,16,254,16,16,16,
[8*12*'辜']: 0,16,254,16,124,68,254,40,254,16,254,16,
[8*12*'辞']: 0,36,222,74,74,254,68,68,254,164,164,228,
[8*12*'辟']: 0,100,126,106,106,126,68,228,126,100,100,100,
[8*12*'辣']: 0,68,254,164,190,246,86,94,228,76,86,132,
[8*12*'辧']: 0,68,254,186,186,222,92,108,238,76,92,132,
[8*12*'辨']: 0,68,238,170,170,238,108,108,206,76,84,132,
[8*12*'辭']: 0,116,174,10,106,46,244,180,254,212,180,212,
[8*12*'辮']: 0,84,214,170,186,214,108,116,214,124,84,148,
[8*12*'辯']: 0,84,238,186,170,254,68,116,206,116,116,180,
[8*12*'辰']: 0,126,64,92,64,126,84,86,84,84,90,178,
[8*12*'辱']: 0,126,64,92,64,126,84,154,8,254,40,24,
[8*12*'農']: 0,40,124,108,124,0,126,64,124,86,84,154,
[8*12*'辷']: 0,128,64,0,158,64,0,192,64,64,64,190,
[8*12*'辺']: 0,190,74,10,10,10,210,82,82,102,64,190,
[8*12*'辻']: 0,136,72,8,62,8,200,72,72,72,64,190,
[8*12*'込']: 0,152,72,8,8,8,212,84,84,98,64,190,
[8*12*'辿']: 0,136,72,8,42,42,234,106,106,126,64,190,
[8*12*'迂']: 0,156,72,8,62,8,200,72,72,88,64,190,
[8*12*'迄']: 0,144,94,16,44,4,200,80,82,78,64,190,
[8*12*'迅']: 0,188,84,20,20,60,212,84,84,82,64,190,
[8*12*'迎']: 0,144,94,42,42,42,234,106,120,104,72,190,
[8*12*'近']: 0,132,88,16,30,20,212,84,100,68,64,190,
[8*12*'返']: 0,158,80,16,30,18,218,84,100,90,64,190,
[8*12*'迚']: 0,136,8,62,170,42,62,200,72,72,64,190,
[8*12*'迢']: 0,190,74,10,150,32,30,210,82,94,64,190,
[8*12*'迥']: 0,190,34,62,182,54,54,254,98,102,64,190,
[8*12*'迦']: 0,144,22,58,26,26,218,106,78,88,64,190,
[8*12*'迩']: 0,144,30,36,4,20,214,102,68,76,64,190,
[8*12*'迪']: 0,136,62,42,170,62,42,234,106,126,64,190,
[8*12*'迫']: 0,136,94,18,18,30,210,82,82,94,64,190,
[8*12*'迭']: 0,168,62,40,72,62,200,72,84,98,64,190,
[8*12*'迯']: 0,148,20,28,172,46,28,204,84,100,64,190,
[8*12*'述']: 0,138,8,62,8,8,220,90,106,72,64,190,
[8*12*'迴']: 0,190,34,62,182,54,54,254,98,126,64,190,
[8*12*'迷']: 0,136,42,8,62,8,220,92,106,72,64,190,
[8*12*'迸']: 0,148,8,62,148,20,62,212,84,100,64,190,
[8*12*'迹']: 0,136,62,20,148,54,54,212,84,108,64,190,
[8*12*'迺']: 0,190,20,62,182,54,54,226,98,126,64,190,
[8*12*'追']: 0,136,94,18,30,16,222,82,82,94,64,190,
[8*12*'退']: 0,158,82,30,18,30,212,86,84,90,64,190,
[8*12*'送']: 0,148,8,62,8,8,254,72,84,98,64,190,
[8*12*'逃']: 0,148,20,54,20,20,246,84,84,102,64,190,
[8*12*'逅']: 0,130,92,16,158,80,30,218,106,78,64,190,
[8*12*'逆']: 0,148,62,8,42,42,254,72,72,80,64,190,
[8*12*'逋']: 0,138,62,8,190,42,62,234,126,106,64,190,
[8*12*'逍']: 0,140,86,4,158,82,30,210,82,86,64,190,
[8*12*'逎']: 0,190,20,62,182,54,34,254,98,126,64,190,
[8*12*'透']: 0,156,8,62,28,42,252,86,82,102,64,190,
[8*12*'逐']: 0,190,72,16,42,20,236,84,102,88,64,190,
[8*12*'逑']: 0,138,62,8,170,44,8,220,106,88,64,190,
[8*12*'逓']: 0,158,84,30,20,30,228,94,86,68,64,190,
[8*12*'途']: 0,136,20,34,28,8,254,72,106,88,64,190,
[8*12*'逕']: 0,158,74,10,148,74,30,196,68,94,64,190,
[8*12*'逖']: 0,172,20,52,158,28,52,212,84,106,64,190,
[8*12*'逗']: 0,190,64,62,34,62,212,84,84,126,64,190,
[8*12*'這']: 0,156,0,62,0,28,192,92,84,92,64,190,
[8*12*'通']: 0,190,4,62,42,62,234,126,106,106,64,190,
[8*12*'逝']: 0,146,20,60,20,22,246,90,82,114,64,190,
[8*12*'逞']: 0,158,82,30,128,94,4,206,68,94,64,190,
[8*12*'速']: 0,136,62,8,62,42,254,72,92,106,64,190,
[8*12*'造']: 0,148,94,20,36,30,192,94,82,94,64,190,
[8*12*'逡']: 0,136,18,62,148,38,12,212,76,114,64,190,
[8*12*'逢']: 0,140,84,8,54,8,220,72,126,72,64,190,
[8*12*'連']: 0,136,62,8,62,42,254,72,126,72,64,190,
[8*12*'逧']: 0,148,20,34,136,20,34,220,84,92,64,190,
[8*12*'逮']: 0,136,94,10,62,8,234,92,106,88,64,190,
[8*12*'週']: 0,190,34,42,62,42,254,98,122,90,64,190,
[8*12*'進']: 0,148,84,30,52,30,212,94,84,94,64,190,
[8*12*'逵']: 0,136,92,8,190,20,38,220,72,126,64,190,
[8*12*'逶']: 0,156,8,62,156,42,62,212,76,114,64,190,
[8*12*'逸']: 0,140,84,4,62,42,254,84,84,102,64,190,
[8*12*'逹']: 0,136,92,8,190,20,62,200,126,72,64,190,
[8*12*'逼']: 0,190,84,28,0,62,234,126,106,126,64,190,
[8*12*'逾']: 0,184,20,34,156,0,58,236,122,106,64,190,
[8*12*'遁']: 0,158,84,30,20,30,218,94,106,78,64,190,
[8*12*'遂']: 0,148,62,16,42,28,232,92,106,88,64,190,
[8*12*'遅']: 0,158,82,30,16,26,222,84,94,100,64,190,
[8*12*'遇']: 0,190,42,62,8,62,234,110,122,102,64,190,
[8*12*'遉']: 0,136,78,8,156,84,28,212,92,98,64,190,
[8*12*'遊']: 0,148,22,56,22,18,220,106,74,86,64,190,
[8*12*'運']: 0,190,42,28,8,28,220,72,126,72,64,190,
[8*12*'遍']: 0,190,82,30,16,30,234,126,106,106,64,190,
[8*12*'過']: 0,156,84,28,20,62,226,122,106,122,64,190,
[8*12*'遏']: 0,156,84,28,148,30,42,246,98,122,64,190,
[8*12*'遐']: 0,182,50,54,160,54,34,244,100,106,64,190,
[8*12*'遑']: 0,136,92,20,156,62,8,220,72,126,64,190,
[8*12*'遒']: 0,148,34,62,148,62,54,226,126,126,64,190,
[8*12*'道']: 0,148,62,8,20,28,212,92,84,92,64,190,
[8*12*'達']: 0,136,92,8,62,20,254,92,126,72,64,190,
[8*12*'違']: 0,132,94,10,62,18,222,84,126,68,64,190,
[8*12*'遖']: 0,136,62,8,190,34,54,234,126,106,64,190,
[8*12*'遘']: 0,148,62,20,190,8,28,220,126,84,64,190,
[8*12*'遙']: 0,140,84,8,156,40,30,200,106,126,64,190,
[8*12*'遜']: 0,178,28,20,40,52,218,84,94,116,64,190,
[8*12*'遞']: 0,130,60,38,188,54,48,236,76,86,64,190,
[8*12*'遠']: 0,136,92,8,62,0,220,86,92,106,64,190,
[8*12*'遡']: 0,174,26,126,10,42,254,90,90,106,64,190,
[8*12*'遣']: 0,136,62,42,62,28,212,94,82,94,64,190,
[8*12*'遥']: 0,134,56,42,62,8,254,72,106,126,64,190,
[8*12*'遨']: 0,148,62,26,186,26,60,220,106,90,64,190,
[8*12*'適']: 0,136,62,20,62,42,254,106,118,126,64,190,
[8*12*'遭']: 0,148,62,20,62,54,254,92,84,92,64,190,
[8*12*'遮']: 0,136,62,32,42,62,234,110,64,106,64,190,
[8*12*'遯']: 0,190,44,60,170,58,46,250,110,106,64,190,
[8*12*'遲']: 0,190,34,62,160,58,44,244,126,100,64,190,
[8*12*'遵']: 0,148,62,20,62,62,196,126,84,76,64,190,
[8*12*'遶']: 0,136,28,8,190,20,62,192,92,118,64,190,
[8*12*'遷']: 0,190,20,62,62,20,254,106,80,92,64,190,
[8*12*'選']: 0,182,18,54,36,62,212,126,64,98,64,190,
[8*12*'遺']: 0,136,62,42,62,20,220,84,92,98,64,190,
[8*12*'遼']: 0,136,62,42,20,62,212,92,106,88,64,190,
[8*12*'遽']: 0,136,78,8,190,40,54,236,86,108,64,190,
[8*12*'避']: 0,180,46,42,58,46,244,94,84,116,64,190,
[8*12*'邀']: 0,148,62,58,186,26,60,220,106,90,64,190,
[8*12*'邁']: 0,148,126,42,190,8,62,238,122,102,64,190,
[8*12*'邂']: 0,158,42,8,186,62,58,254,106,106,64,190,
[8*12*'邃']: 0,136,62,34,148,62,40,218,108,90,64,190,
[8*12*'還']: 0,190,42,62,0,62,220,86,92,106,64,190,
[8*12*'邇']: 0,190,28,42,190,42,54,234,118,106,64,190,
[8*12*'邉']: 0,136,92,20,156,62,42,220,118,92,64,190,
[8*12*'邊']: 0,136,92,20,156,62,42,220,84,108,64,190,
[8*12*'邏']: 0,190,42,62,148,46,52,222,116,94,64,190,
[8*12*'邑']: 0,124,68,124,0,254,146,146,254,128,130,126,
[8*12*'那']: 0,246,86,86,244,86,86,246,86,84,84,180,
[8*12*'邦']: 0,46,250,42,252,42,42,250,42,44,72,136,
[8*12*'邨']: 0,78,90,234,76,218,218,250,74,92,104,8,
[8*12*'邪']: 0,254,170,170,172,170,250,42,106,172,40,104,
[8*12*'邯']: 0,86,86,254,84,86,118,86,86,84,84,116,
[8*12*'邱']: 0,22,102,70,68,126,86,86,86,84,92,228,
[8*12*'邵']: 0,246,86,86,84,182,6,246,150,148,148,244,
[8*12*'邸']: 0,22,230,166,164,246,166,166,166,212,20,212,
[8*12*'郁']: 0,38,38,246,68,118,214,118,86,116,84,84,
[8*12*'郊']: 0,38,254,86,84,142,86,86,38,36,84,132,
[8*12*'郎']: 0,78,234,170,236,170,170,234,138,172,168,232,
[8*12*'郛']: 0,118,6,86,172,6,118,22,254,36,36,100,
[8*12*'郡']: 0,246,86,86,252,86,246,70,118,212,84,116,
[8*12*'郢']: 0,118,86,86,116,6,118,38,254,36,60,228,
[8*12*'郤']: 0,46,90,138,44,90,90,138,122,92,120,8,
[8*12*'部']: 0,38,254,86,84,254,6,118,86,84,84,116,
[8*12*'郭']: 0,46,250,122,92,122,10,122,26,252,40,104,
[8*12*'郵']: 0,30,106,42,252,106,250,106,250,44,56,200,
[8*12*'郷']: 0,70,126,174,188,110,190,166,238,60,68,132,
[8*12*'都']: 0,38,46,118,36,254,70,118,214,116,84,116,
[8*12*'鄂']: 0,190,186,186,12,106,10,250,74,108,40,104,
[8*12*'鄒']: 0,78,122,170,252,42,202,122,170,252,40,200,
[8*12*'鄙']: 0,118,86,118,36,254,6,246,246,212,244,244,
[8*12*'鄭']: 0,86,38,254,84,254,222,142,254,36,84,140,
[8*12*'鄰']: 0,174,38,254,116,174,6,86,126,180,124,148,
[8*12*'鄲']: 0,222,218,10,252,170,250,170,250,44,248,40,
[8*12*'酉']: 0,254,40,40,254,170,170,206,130,254,130,254,
[8*12*'酊']: 0,254,68,68,228,228,228,164,164,228,164,236,
[8*12*'酋']: 0,68,8,254,40,254,170,206,130,254,130,254,
[8*12*'酌']: 0,232,78,82,226,242,234,170,162,226,162,236,
[8*12*'配']: 0,238,66,66,226,238,232,168,168,234,170,238,
[8*12*'酎']: 0,228,68,94,228,228,244,172,164,228,164,236,
[8*12*'酒']: 0,190,84,20,190,118,54,54,98,126,162,190,
[8*12*'酔']: 0,232,92,76,244,230,232,168,190,232,168,232,
[8*12*'酖']: 0,232,94,90,234,232,236,172,172,244,180,230,
[8*12*'酘']: 0,238,74,74,224,238,226,170,164,228,170,242,
[8*12*'酢']: 0,232,78,88,232,238,232,168,174,232,168,232,
[8*12*'酣']: 0,234,74,94,234,234,238,170,170,234,170,238,
[8*12*'酥']: 0,226,76,68,228,254,228,164,172,246,164,228,
[8*12*'酩']: 0,232,78,82,234,228,232,190,170,234,170,238,
[8*12*'酪']: 0,232,78,74,244,228,234,176,174,234,170,238,
[8*12*'酬']: 0,234,74,74,254,254,254,170,170,234,170,234,
[8*12*'酲']: 0,238,74,74,238,226,236,164,190,228,164,238,
[8*12*'酳']: 0,228,72,68,234,254,224,174,170,238,170,234,
[8*12*'酵']: 0,228,78,68,254,232,246,162,164,254,164,236,
[8*12*'酷']: 0,244,94,84,228,254,224,174,170,234,170,238,
[8*12*'酸']: 0,232,82,94,234,242,232,174,186,228,172,242,
[8*12*'醂']: 0,234,74,94,234,234,254,190,190,234,170,234,
[8*12*'醇']: 0,228,94,78,234,238,224,174,162,254,164,236,
[8*12*'醉']: 0,232,94,84,244,234,232,168,190,232,168,232,
[8*12*'醋']: 0,234,94,74,234,254,224,174,170,238,170,238,
[8*12*'醍']: 0,238,74,78,234,238,224,190,164,246,180,238,
[8*12*'醐']: 0,214,86,126,214,214,254,238,238,238,250,234,
[8*12*'醒']: 0,238,74,78,234,238,228,174,180,238,164,254,
[8*12*'醗']: 0,248,106,84,226,192,254,212,254,212,212,230,
[8*12*'醜']: 0,232,94,90,254,250,254,172,174,238,180,230,
[8*12*'醢']: 0,232,94,72,238,250,238,160,172,236,172,254,
[8*12*'醤']: 0,94,234,68,126,212,76,254,124,108,68,124,
[8*12*'醪']: 0,254,74,94,234,228,234,180,162,228,162,236,
[8*12*'醫']: 0,254,202,240,174,212,250,0,254,108,68,124,
[8*12*'醯']: 0,228,94,72,254,224,234,170,160,236,172,254,
[8*12*'醴']: 0,234,94,90,254,224,254,178,190,236,172,254,
[8*12*'醵']: 0,228,70,68,254,244,246,172,180,236,182,236,
[8*12*'醸']: 0,200,126,84,226,212,254,212,254,218,244,218,
[8*12*'醺']: 0,226,76,94,228,238,238,174,164,254,160,234,
[8*12*'釀']: 0,200,126,118,192,212,254,212,254,218,244,218,
[8*12*'釁']: 0,44,84,108,254,186,108,124,68,186,40,88,
[8*12*'釆']: 0,12,112,84,84,16,254,16,56,84,146,16,
[8*12*'采']: 0,12,112,148,72,16,254,16,56,84,146,16,
[8*12*'釈']: 0,30,234,42,170,46,252,44,108,170,50,34,
[8*12*'釉']: 0,20,228,46,190,46,254,46,110,190,46,46,
[8*12*'釋']: 0,30,246,62,164,46,254,42,126,164,62,36,
[8*12*'里']: 0,124,84,124,84,84,124,16,124,16,16,254,
[8*12*'重']: 0,12,112,254,84,124,84,124,16,124,16,254,
[8*12*'野']: 0,254,178,250,180,190,246,36,116,36,52,204,
[8*12*'量']: 0,124,68,124,68,254,84,124,84,124,16,254,
[8*12*'釐']: 0,36,118,42,250,116,170,126,106,126,72,190,
[8*12*'金']: 0,16,40,68,186,16,124,16,84,84,16,254,
[8*12*'釖']: 0,94,170,10,234,74,234,74,234,202,106,214,
[8*12*'釘']: 0,94,164,4,228,68,228,68,228,196,100,204,
[8*12*'釛']: 0,72,168,30,234,74,234,74,234,202,106,214,
[8*12*'釜']: 0,40,68,170,16,40,124,146,124,16,84,254,
[8*12*'針']: 0,68,164,4,228,94,228,68,228,196,100,196,
[8*12*'釟']: 0,84,180,20,244,84,244,84,244,212,98,194,
[8*12*'釡']: 0,40,68,146,40,68,186,16,124,16,84,254,
[8*12*'釣']: 0,72,174,18,226,82,234,74,226,194,98,204,
[8*12*'釦']: 0,32,94,138,122,42,250,42,186,170,58,206,
[8*12*'釧']: 0,82,178,26,250,90,250,90,250,210,98,194,
[8*12*'釵']: 0,78,162,10,230,66,234,74,228,196,106,210,
[8*12*'釶']: 0,68,180,22,254,86,246,84,244,210,114,222,
[8*12*'釼']: 0,94,170,10,234,90,234,74,238,202,106,214,
[8*12*'釿']: 0,68,184,16,240,94,244,84,244,212,100,196,
[8*12*'鈍']: 0,72,174,24,232,74,234,94,232,200,106,206,
[8*12*'鈎']: 0,72,174,18,234,74,234,82,246,222,98,198,
[8*12*'鈑']: 0,94,176,16,254,82,250,90,244,196,106,210,
[8*12*'鈔']: 0,72,168,12,250,90,232,74,226,196,104,208,
[8*12*'鈕']: 0,94,170,10,234,74,254,74,234,202,106,222,
[8*12*'鈞']: 0,72,174,18,226,90,226,70,234,210,98,204,
[8*12*'鈩']: 0,94,160,14,234,74,234,78,232,200,104,208,
[8*12*'鈬']: 0,94,178,18,254,84,244,84,244,212,98,194,
[8*12*'鈴']: 0,72,180,2,236,64,254,74,234,202,104,200,
[8*12*'鈷']: 0,68,164,4,254,68,228,78,234,202,106,206,
[8*12*'鈿']: 0,94,182,22,246,86,254,86,246,214,118,222,
[8*12*'鉄']: 0,68,180,30,244,68,254,68,228,196,106,210,
[8*12*'鉅']: 0,94,176,16,254,82,242,94,240,208,112,222,
[8*12*'鉈']: 0,68,190,18,232,74,236,72,232,202,106,206,
[8*12*'鉉']: 0,68,164,30,228,72,250,68,228,200,114,222,
[8*12*'鉋']: 0,72,174,18,238,74,234,78,234,200,106,206,
[8*12*'鉐']: 0,94,168,8,232,78,234,90,234,202,106,206,
[8*12*'鉗']: 0,74,170,30,234,74,238,74,234,202,106,206,
[8*12*'鉚']: 0,80,182,38,246,118,246,118,246,212,84,228,
[8*12*'鉛']: 0,74,170,10,234,82,224,78,234,202,106,206,
[8*12*'鉞']: 0,70,164,30,244,84,244,86,244,220,100,202,
[8*12*'鉢']: 0,68,164,30,228,68,236,86,228,206,100,196,
[8*12*'鉤']: 0,72,174,18,238,74,234,74,238,194,98,198,
[8*12*'鉦']: 0,94,164,4,228,84,246,84,244,212,116,222,
[8*12*'鉱']: 0,68,190,16,244,84,244,84,232,202,106,206,
[8*12*'鉾']: 0,72,178,30,224,84,254,84,228,222,100,196,
[8*12*'銀']: 0,94,178,30,242,82,254,84,246,212,114,218,
[8*12*'銃']: 0,72,190,8,240,82,254,84,244,212,100,198,
[8*12*'銅']: 0,94,178,30,242,94,246,86,246,222,114,214,
[8*12*'銑']: 0,68,180,30,228,68,254,76,236,204,108,214,
[8*12*'銓']: 0,92,170,16,238,68,228,78,228,196,100,222,
[8*12*'銕']: 0,72,190,8,254,74,254,104,254,202,84,226,
[8*12*'銖']: 0,72,168,60,232,72,254,72,200,220,106,200,
[8*12*'銘']: 0,72,174,18,234,68,232,94,234,202,106,206,
[8*12*'銚']: 0,84,180,22,244,84,244,86,244,212,100,198,
[8*12*'銛']: 0,66,172,4,228,94,228,68,238,202,106,206,
[8*12*'銜']: 0,86,104,128,62,82,122,210,122,114,90,118,
[8*12*'銭']: 0,74,174,24,238,88,238,88,234,196,108,210,
[8*12*'銷']: 0,68,172,22,228,94,242,94,242,222,114,214,
[8*12*'銹']: 0,68,184,8,254,92,234,124,212,214,82,230,
[8*12*'鋏']: 0,72,190,8,220,92,220,106,200,200,84,226,
[8*12*'鋒']: 0,70,170,4,250,68,238,68,238,196,126,196,
[8*12*'鋤']: 0,68,188,46,254,110,238,126,238,234,114,198,
[8*12*'鋩']: 0,84,190,20,232,94,240,80,240,208,112,222,
[8*12*'鋪']: 0,74,190,8,254,106,254,106,254,234,106,234,
[8*12*'鋭']: 0,84,168,62,226,98,254,84,212,212,84,230,
[8*12*'鋲']: 0,68,184,16,254,84,244,94,224,212,84,226,
[8*12*'鋳']: 0,72,188,8,252,72,254,84,254,228,84,204,
[8*12*'鋸']: 0,94,178,30,244,94,244,84,254,218,106,206,
[8*12*'鋺']: 0,72,190,34,208,94,234,106,216,200,90,238,
[8*12*'鋼']: 0,126,162,54,234,126,234,106,254,254,98,230,
[8*12*'錆']: 0,68,174,4,238,68,254,74,238,202,110,202,
[8*12*'錏']: 0,126,180,20,246,98,226,118,212,212,84,254,
[8*12*'錐']: 0,84,180,30,244,94,244,84,254,212,116,222,
[8*12*'錘']: 0,68,184,8,254,84,254,84,254,200,72,254,
[8*12*'錙']: 0,74,170,20,234,74,254,86,254,214,118,222,
[8*12*'錚']: 0,92,180,42,192,94,202,126,202,222,72,216,
[8*12*'錠']: 0,68,190,18,238,68,228,86,244,212,84,238,
[8*12*'錢']: 0,74,188,10,228,74,224,74,252,202,100,202,
[8*12*'錣']: 0,94,170,10,212,106,192,94,202,234,84,234,
[8*12*'錦']: 0,72,188,20,220,84,220,72,254,234,106,200,
[8*12*'錨']: 0,84,190,20,192,126,234,126,234,234,106,254,
[8*12*'錫']: 0,94,178,30,242,94,232,78,234,214,106,214,
[8*12*'錬']: 0,72,190,8,254,106,254,106,254,200,92,234,
[8*12*'錮']: 0,126,162,42,254,106,254,118,246,254,98,254,
[8*12*'錯']: 0,74,190,10,234,94,224,78,234,206,106,206,
[8*12*'録']: 0,92,164,28,196,126,200,106,220,234,72,216,
[8*12*'錵']: 0,84,190,20,192,84,212,118,212,212,84,214,
[8*12*'錺']: 0,84,190,20,200,126,208,94,210,210,82,230,
[8*12*'錻']: 0,68,182,4,254,68,212,92,244,244,122,194,
[8*12*'鍄']: 0,72,190,0,220,84,220,72,234,234,72,216,
[8*12*'鍋']: 0,78,170,14,234,74,254,82,254,214,126,210,
[8*12*'鍍']: 0,68,190,42,254,106,238,96,238,234,100,218,
[8*12*'鍔']: 0,86,182,22,224,76,224,94,232,206,98,198,
[8*12*'鍖']: 0,84,190,20,220,84,220,84,254,246,96,254,
[8*12*'鍛']: 0,72,182,22,250,80,246,82,250,212,116,218,
[8*12*'鍜']: 0,118,178,50,246,96,246,98,234,244,100,234,
[8*12*'鍠']: 0,68,174,10,238,74,238,94,228,206,100,222,
[8*12*'鍬']: 0,84,180,20,254,92,244,84,244,212,122,218,
[8*12*'鍮']: 0,92,170,16,238,64,250,90,252,220,122,218,
[8*12*'鍵']: 0,90,174,10,246,90,238,74,254,202,104,214,
[8*12*'鍼']: 0,74,168,62,228,124,228,126,236,236,122,202,
[8*12*'鍾']: 0,66,172,30,228,94,246,94,228,206,100,222,
[8*12*'鎌']: 0,84,190,20,254,86,254,86,254,212,118,212,
[8*12*'鎔']: 0,72,190,34,212,98,200,84,226,220,84,220,
[8*12*'鎖']: 0,86,164,30,242,94,242,94,242,222,96,210,
[8*12*'鎗']: 0,68,170,30,224,78,234,78,232,222,106,206,
[8*12*'鎚']: 0,82,166,6,230,68,246,86,246,214,112,222,
[8*12*'鎧']: 0,90,190,0,238,64,254,82,254,204,108,222,
[8*12*'鎬']: 0,72,190,20,220,64,254,98,254,246,126,226,
[8*12*'鎭']: 0,72,174,8,238,70,246,86,240,222,96,210,
[8*12*'鎮']: 0,72,190,8,220,84,220,84,254,192,84,226,
[8*12*'鎰']: 0,84,162,0,220,64,212,98,192,220,92,254,
[8*12*'鎹']: 0,68,170,0,238,68,206,116,212,218,80,238,
[8*12*'鏃']: 0,84,182,56,212,86,220,94,236,236,74,218,
[8*12*'鏈']: 0,68,174,4,238,78,238,84,222,212,80,238,
[8*12*'鏐']: 0,94,170,30,234,68,234,84,226,196,98,204,
[8*12*'鏑']: 0,72,190,20,254,106,254,106,254,246,126,226,
[8*12*'鏖']: 0,8,126,84,126,100,118,72,84,126,92,190,
[8*12*'鏗']: 0,118,162,50,244,116,234,114,200,220,72,254,
[8*12*'鏘']: 0,84,182,58,244,88,222,114,250,242,82,214,
[8*12*'鏝']: 0,92,180,28,212,126,234,126,212,200,84,226,
[8*12*'鏡']: 0,72,190,20,254,82,254,82,254,212,84,230,
[8*12*'鏤']: 0,72,188,62,200,92,220,72,254,212,76,242,
[8*12*'鏥']: 0,72,190,34,222,100,238,106,238,234,106,238,
[8*12*'鏨']: 0,34,252,104,110,250,34,16,40,254,84,254,
[8*12*'鐃']: 0,72,188,8,254,84,254,64,254,212,84,230,
[8*12*'鐇']: 0,94,164,22,254,76,246,94,246,222,118,222,
[8*12*'鐐']: 0,72,190,8,234,84,254,84,220,200,106,216,
[8*12*'鐓']: 0,84,188,6,250,106,250,90,244,212,90,250,
[8*12*'鐔']: 0,94,172,30,254,74,238,74,238,196,126,196,
[8*12*'鐘']: 0,72,190,20,212,126,220,92,200,220,72,254,
[8*12*'鐙']: 0,122,180,34,220,64,254,98,254,212,84,254,
[8*12*'鐚']: 0,126,180,54,226,118,212,126,192,212,114,238,
[8*12*'鐡']: 0,86,188,20,254,68,252,110,252,212,90,242,
[8*12*'鐫']: 0,84,190,52,222,84,222,64,246,234,98,230,
[8*12*'鐵']: 0,86,188,20,254,108,252,86,252,212,90,242,
[8*12*'鐶']: 0,94,182,30,224,94,242,94,244,214,116,218,
[8*12*'鐸']: 0,126,170,62,200,92,254,84,254,200,126,200,
[8*12*'鐺']: 0,106,168,62,226,92,212,126,234,254,106,254,
[8*12*'鑁']: 0,118,170,54,226,126,212,102,204,212,72,246,
[8*12*'鑄']: 0,72,190,8,254,66,220,72,254,244,116,204,
[8*12*'鑑']: 0,68,188,22,248,86,248,64,236,204,108,222,
[8*12*'鑒']: 0,232,206,224,206,238,16,40,198,56,84,254,
[8*12*'鑓']: 0,84,174,14,228,78,230,84,246,214,112,222,
[8*12*'鑚']: 0,84,190,20,234,92,212,92,212,220,64,226,
[8*12*'鑛']: 0,68,190,44,254,108,254,108,236,236,64,210,
[8*12*'鑞']: 0,84,168,20,220,92,234,126,234,254,106,234,
[8*12*'鑠']: 0,90,172,26,236,118,200,126,200,220,106,200,
[8*12*'鑢']: 0,72,174,8,254,104,238,108,236,224,90,214,
[8*12*'鑪']: 0,68,166,4,254,84,246,86,224,204,108,222,
[8*12*'鑰']: 0,72,180,62,192,106,234,64,254,234,126,234,
[8*12*'鑵']: 0,84,190,20,246,118,212,94,244,222,84,222,
[8*12*'鑷']: 0,94,172,12,204,94,196,126,246,246,126,210,
[8*12*'鑼']: 0,126,170,62,212,110,212,110,244,222,116,222,
[8*12*'鑽']: 0,108,190,44,254,84,234,84,220,212,92,226,
[8*12*'鑾']: 0,90,132,90,132,222,90,16,40,254,84,254,
[8*12*'鑿']: 0,174,122,240,110,180,250,16,40,254,84,254,
[8*12*'钁']: 0,118,182,20,222,116,222,84,222,212,72,246,
[8*12*'長']: 0,60,32,56,32,56,32,254,40,42,36,114,
[8*12*'門']: 0,238,170,238,170,238,130,130,130,130,130,134,
[8*12*'閂']: 0,238,170,238,170,238,130,130,186,130,130,134,
[8*12*'閃']: 0,238,170,238,170,238,146,146,146,170,198,130,
[8*12*'閇']: 0,238,170,238,170,238,130,254,146,154,146,150,
[8*12*'閉']: 0,238,170,238,170,238,146,250,146,178,210,182,
[8*12*'閊']: 0,238,170,238,170,238,130,146,214,214,254,130,
[8*12*'開']: 0,238,170,238,170,238,130,254,170,254,170,202,
[8*12*'閏']: 0,238,170,238,170,238,130,186,146,186,146,186,
[8*12*'閑']: 0,238,170,238,170,238,146,254,146,186,214,146,
[8*12*'間']: 0,238,170,238,170,238,186,170,186,170,186,134,
[8*12*'閔']: 0,238,170,238,170,238,146,254,170,146,238,130,
[8*12*'閖']: 0,238,170,238,170,238,146,246,186,214,146,182,
[8*12*'閘']: 0,238,170,238,170,238,130,186,186,186,146,150,
[8*12*'閙']: 0,238,170,238,170,238,146,254,146,254,214,146,
[8*12*'閠']: 0,238,170,238,170,238,130,186,146,186,150,186,
[8*12*'関']: 0,238,170,238,170,238,130,170,146,186,146,170,
[8*12*'閣']: 0,238,170,238,170,238,154,170,146,254,170,186,
[8*12*'閤']: 0,238,170,238,170,238,146,186,198,186,170,186,
[8*12*'閥']: 0,238,170,238,170,238,130,174,186,238,170,182,
[8*12*'閧']: 0,238,170,238,130,170,254,170,254,130,170,198,
[8*12*'閨']: 0,238,170,238,146,170,254,146,254,186,254,130,
[8*12*'閭']: 0,238,170,238,170,254,170,186,146,186,170,186,
[8*12*'閲']: 0,238,170,238,170,238,170,186,170,186,206,130,
[8*12*'閹']: 0,238,170,238,146,254,170,198,186,186,146,154,
[8*12*'閻']: 0,238,170,238,154,170,138,174,198,238,198,254,
[8*12*'閼']: 0,238,170,238,130,170,246,170,182,218,150,186,
[8*12*'閾']: 0,238,170,238,138,254,138,234,234,138,230,130,
[8*12*'闃']: 0,238,170,238,170,254,170,186,150,254,146,170,
[8*12*'闇']: 0,238,170,238,170,238,146,254,170,254,170,186,
[8*12*'闊']: 0,238,170,238,130,222,138,222,138,214,222,130,
[8*12*'闌']: 0,238,170,238,170,238,146,254,186,186,214,146,
[8*12*'闍']: 0,238,170,238,146,186,150,254,178,218,154,134,
[8*12*'闔']: 0,238,170,238,146,186,254,170,246,186,254,130,
[8*12*'闕']: 0,238,170,238,130,210,190,238,170,170,214,130,
[8*12*'闖']: 0,238,170,238,186,178,186,178,190,134,214,130,
[8*12*'闘']: 0,238,170,238,130,230,142,246,214,166,246,130,
[8*12*'關']: 0,238,170,238,130,166,202,254,170,238,170,202,
[8*12*'闡']: 0,238,170,238,130,238,238,130,186,186,254,146,
[8*12*'闢']: 0,238,170,238,130,234,254,214,254,234,254,138,
[8*12*'闥']: 0,238,170,238,130,202,190,150,190,202,254,130,
[8*12*'阜']: 0,16,120,72,120,124,68,124,16,254,16,16,
[8*12*'阡']: 0,226,172,164,196,190,164,164,164,196,132,132,
[8*12*'阨']: 0,222,208,208,158,218,218,218,216,170,170,142,
[8*12*'阪']: 0,222,208,208,158,210,218,218,212,164,170,146,
[8*12*'阮']: 0,220,192,192,190,212,212,212,212,148,148,166,
[8*12*'阯']: 0,196,196,196,148,214,212,212,212,148,148,190,
[8*12*'防']: 0,228,164,190,200,168,174,170,170,202,138,150,
[8*12*'阻']: 0,220,212,212,156,212,212,220,212,148,148,190,
[8*12*'阿']: 0,222,194,222,150,214,214,214,222,130,130,134,
[8*12*'陀']: 0,228,190,162,200,170,172,168,168,202,138,142,
[8*12*'陂']: 0,196,222,214,148,222,210,218,212,164,170,146,
[8*12*'附']: 0,202,202,214,146,242,218,210,210,146,146,150,
[8*12*'陋']: 0,222,196,212,158,214,214,214,218,154,144,158,
[8*12*'陌']: 0,222,200,200,158,210,210,222,210,146,146,158,
[8*12*'降']: 0,206,202,212,132,218,196,222,212,190,132,132,
[8*12*'陏']: 0,228,164,190,200,174,186,174,170,206,138,138,
[8*12*'限']: 0,222,210,222,146,210,222,212,214,148,146,154,
[8*12*'陛']: 0,228,164,182,228,164,182,168,188,200,136,190,
[8*12*'陜']: 0,200,254,200,156,220,220,234,200,136,148,162,
[8*12*'陝']: 0,200,254,200,188,220,220,234,200,136,148,162,
[8*12*'陞']: 0,204,244,212,190,212,212,228,200,156,136,190,
[8*12*'陟']: 0,196,212,214,148,254,200,234,218,132,136,176,
[8*12*'院']: 0,200,254,226,156,192,254,212,212,148,148,166,
[8*12*'陣']: 0,232,190,168,254,170,190,170,190,200,190,136,
[8*12*'除']: 0,200,212,226,156,200,254,200,234,170,136,152,
[8*12*'陥']: 0,232,174,178,196,174,170,170,174,234,170,174,
[8*12*'陦']: 0,200,220,200,156,200,254,212,254,164,148,140,
[8*12*'陪']: 0,200,254,212,148,254,192,220,212,148,148,156,
[8*12*'陬']: 0,252,216,222,154,218,220,220,218,186,136,136,
[8*12*'陰']: 0,200,212,254,128,220,196,254,192,190,148,186,
[8*12*'陲']: 0,196,216,200,190,212,254,212,254,136,136,190,
[8*12*'陳']: 0,232,190,168,254,170,190,170,190,200,156,170,
[8*12*'陵']: 0,200,220,200,190,212,230,208,220,180,136,182,
[8*12*'陶']: 0,208,222,242,158,234,222,202,234,190,130,134,
[8*12*'陷']: 0,208,222,226,132,208,230,226,246,162,162,190,
[8*12*'陸']: 0,200,220,200,190,212,230,200,220,136,136,190,
[8*12*'険']: 0,232,180,190,200,190,170,170,190,200,148,162,
[8*12*'陽']: 0,220,212,220,148,254,208,222,234,150,170,150,
[8*12*'隅']: 0,254,170,190,234,190,168,190,170,238,186,166,
[8*12*'隆']: 0,232,172,180,200,182,168,188,168,220,136,190,
[8*12*'隈']: 0,254,170,190,234,190,160,190,168,234,164,178,
[8*12*'隊']: 0,212,200,254,136,208,234,212,236,148,166,152,
[8*12*'隋']: 0,200,254,208,158,228,222,210,222,146,146,150,
[8*12*'隍']: 0,200,220,212,156,212,220,254,200,156,136,190,
[8*12*'階']: 0,228,182,164,228,182,168,190,178,222,146,158,
[8*12*'随']: 0,244,174,164,200,174,170,174,170,218,144,174,
[8*12*'隔']: 0,254,160,188,212,188,160,190,182,226,190,170,
[8*12*'隕']: 0,222,210,222,128,222,210,222,210,158,128,146,
[8*12*'隗']: 0,200,254,234,190,234,254,216,220,158,152,174,
[8*12*'隘']: 0,212,226,192,156,192,212,226,192,156,156,190,
[8*12*'隙']: 0,228,182,164,206,170,174,170,174,196,150,140,
[8*12*'際']: 0,222,234,218,148,226,220,192,254,136,170,152,
[8*12*'障']: 0,200,254,212,190,212,220,212,220,136,190,136,
[8*12*'隠']: 0,198,248,234,132,222,194,222,192,148,178,174,
[8*12*'隣']: 0,234,168,190,220,170,160,180,190,236,158,164,
[8*12*'隧']: 0,236,210,224,156,202,212,236,246,172,160,190,
[8*12*'隨']: 0,228,190,168,206,180,174,170,174,218,144,174,
[8*12*'險']: 0,232,180,162,220,160,190,170,190,212,148,170,
[8*12*'隰']: 0,222,210,222,146,228,210,228,246,128,148,170,
[8*12*'隱']: 0,220,234,192,156,200,220,198,220,128,178,174,
[8*12*'隲']: 0,200,234,204,176,222,212,222,212,158,130,170,
[8*12*'隴']: 0,212,254,236,174,250,238,252,238,188,172,174,
[8*12*'隶']: 0,16,124,20,254,20,124,16,90,52,210,48,
[8*12*'隷']: 0,72,254,74,254,10,222,8,234,92,234,88,
[8*12*'隸']: 0,40,254,106,190,42,126,8,250,44,186,104,
[8*12*'隹']: 0,40,40,126,80,252,80,80,124,80,80,126,
[8*12*'隻']: 0,40,62,80,252,80,126,0,124,36,24,230,
[8*12*'隼']: 0,40,62,80,252,80,126,16,254,16,16,16,
[8*12*'雀']: 0,16,84,146,20,60,208,124,80,124,80,126,
[8*12*'雁']: 0,126,64,84,84,110,108,110,108,110,108,174,
[8*12*'雄']: 0,42,42,254,76,78,172,44,78,92,252,14,
[8*12*'雅']: 0,234,170,174,188,174,236,44,110,172,44,110,
[8*12*'集']: 0,40,62,80,252,80,126,16,254,56,84,146,
[8*12*'雇']: 0,254,0,126,66,126,84,94,116,94,84,158,
[8*12*'雉']: 0,74,74,126,172,46,252,44,46,92,76,142,
[8*12*'雋']: 0,40,62,80,252,80,126,0,238,170,186,134,
[8*12*'雌']: 0,84,84,94,212,254,212,212,222,212,244,222,
[8*12*'雍']: 0,16,254,0,84,158,84,190,212,94,84,158,
[8*12*'雎']: 0,122,90,94,124,94,92,124,94,92,92,238,
[8*12*'雑']: 0,74,250,94,92,158,44,252,46,124,172,46,
[8*12*'雕']: 0,250,138,174,252,174,252,172,222,252,140,158,
[8*12*'雖']: 0,234,170,254,84,254,180,180,254,84,116,222,
[8*12*'雙']: 0,84,126,236,126,108,126,0,124,36,24,230,
[8*12*'雛']: 0,74,122,174,252,46,204,124,174,252,44,206,
[8*12*'雜']: 0,42,250,94,92,174,44,252,46,124,172,46,
[8*12*'離']: 0,42,250,94,172,222,252,44,254,172,252,142,
[8*12*'難']: 0,84,244,94,252,174,252,44,254,44,92,142,
[8*12*'雨']: 0,254,16,16,254,146,218,182,218,182,146,150,
[8*12*'雪']: 0,124,16,254,146,182,0,124,4,124,4,124,
[8*12*'雫']: 0,124,16,254,146,182,0,254,16,24,20,16,
[8*12*'雰']: 0,124,16,254,146,182,40,68,190,20,36,76,
[8*12*'雲']: 0,124,16,254,146,182,124,0,254,16,36,250,
[8*12*'零']: 0,124,16,254,146,182,40,124,130,124,20,16,
[8*12*'雷']: 0,124,16,254,146,182,0,124,84,124,84,124,
[8*12*'雹']: 0,124,16,254,146,64,126,130,122,120,66,62,
[8*12*'電']: 0,124,16,254,146,124,84,124,84,124,18,30,
[8*12*'需']: 0,124,16,254,146,36,254,16,254,170,170,170,
[8*12*'霄']: 0,124,16,254,182,84,146,124,68,124,68,76,
[8*12*'霆']: 0,124,16,254,146,220,68,158,68,222,64,190,
[8*12*'震']: 0,124,16,254,146,182,0,126,64,126,84,154,
[8*12*'霈']: 0,124,16,254,182,0,190,8,190,42,170,170,
[8*12*'霊']: 0,124,16,254,146,182,0,254,40,170,40,254,
[8*12*'霍']: 0,124,16,254,146,182,40,126,208,124,80,126,
[8*12*'霎']: 0,124,16,254,182,16,124,40,254,36,56,198,
[8*12*'霏']: 0,124,16,254,182,40,238,40,238,40,238,72,
[8*12*'霑']: 0,124,16,254,182,8,142,8,190,34,162,190,
[8*12*'霓']: 0,124,16,254,182,108,68,108,68,124,42,206,
[8*12*'霖']: 0,124,16,254,146,182,36,254,36,108,182,36,
[8*12*'霙']: 0,124,16,254,146,182,40,254,84,254,16,238,
[8*12*'霜']: 0,124,16,254,146,182,32,254,42,126,170,46,
[8*12*'霞']: 0,124,16,254,146,182,238,162,238,138,228,138,
[8*12*'霤']: 0,124,16,254,182,32,222,138,214,124,84,124,
[8*12*'霧']: 0,124,16,254,146,54,234,36,234,94,202,86,
[8*12*'霪']: 0,124,16,254,182,0,156,42,128,62,136,190,
[8*12*'霰']: 0,124,16,254,182,84,246,90,250,84,116,90,
[8*12*'露']: 0,124,16,254,146,52,230,170,196,110,202,238,
[8*12*'霸']: 0,124,16,254,182,0,174,234,174,74,238,82,
[8*12*'霹']: 0,124,16,254,182,4,126,106,94,228,110,100,
[8*12*'霽']: 0,124,16,254,182,16,254,108,186,68,124,132,
[8*12*'霾']: 0,124,16,254,182,32,206,110,164,110,164,78,
[8*12*'靂']: 0,124,16,254,182,0,126,84,104,70,84,190,
[8*12*'靄']: 0,124,16,254,182,0,220,20,222,50,218,198,
[8*12*'靆']: 0,228,78,230,174,4,206,20,254,84,176,222,
[8*12*'靈']: 0,124,16,254,182,0,254,254,84,186,16,254,
[8*12*'靉']: 0,238,68,254,178,8,214,0,230,74,164,218,
[8*12*'青']: 0,16,124,16,124,16,254,68,124,68,124,68,
[8*12*'靖']: 0,68,78,228,46,164,190,170,78,106,206,10,
[8*12*'静']: 0,38,122,36,126,38,254,86,126,84,116,92,
[8*12*'靜']: 0,92,244,74,224,94,234,254,234,254,168,184,
[8*12*'非']: 0,40,40,238,40,238,40,40,110,168,40,72,
[8*12*'靠']: 0,80,124,144,254,68,124,40,238,40,238,72,
[8*12*'靡']: 0,8,126,84,126,126,84,118,84,118,84,164,
[8*12*'面']: 0,254,16,32,254,170,186,170,186,170,170,254,
[8*12*'靤']: 0,244,38,74,246,214,246,214,246,212,212,246,
[8*12*'靦']: 0,254,42,78,250,222,250,222,244,212,212,250,
[8*12*'靨']: 0,126,100,78,228,106,254,16,238,186,170,254,
[8*12*'革']: 0,40,254,40,16,124,84,124,16,254,16,16,
[8*12*'靫']: 0,174,226,170,230,66,234,234,68,228,74,82,
[8*12*'靭']: 0,190,234,170,234,90,238,234,74,234,74,86,
[8*12*'靱']: 0,190,234,170,234,90,234,234,78,234,74,86,
[8*12*'靴']: 0,172,236,180,244,86,244,244,84,244,84,86,
[8*12*'靹']: 0,172,228,190,246,86,246,250,82,242,82,86,
[8*12*'靺']: 0,164,228,190,228,68,238,228,68,236,86,68,
[8*12*'靼']: 0,174,234,170,238,74,234,234,78,224,64,94,
[8*12*'鞁']: 0,164,254,182,244,94,250,250,84,228,74,82,
[8*12*'鞄']: 0,168,238,170,242,90,234,250,86,240,82,94,
[8*12*'鞅']: 0,164,238,170,234,74,254,228,68,228,74,82,
[8*12*'鞆']: 0,174,228,164,254,86,246,246,90,242,82,86,
[8*12*'鞋']: 0,164,238,164,228,94,228,228,78,228,68,94,
[8*12*'鞍']: 0,168,254,162,232,126,212,212,88,200,84,98,
[8*12*'鞏']: 0,252,84,92,230,40,254,40,124,84,254,16,
[8*12*'鞐']: 0,168,238,168,254,64,254,232,76,234,72,72,
[8*12*'鞘']: 0,170,234,168,254,82,254,242,94,242,82,86,
[8*12*'鞜']: 0,168,234,188,232,92,234,220,84,252,84,92,
[8*12*'鞠']: 0,168,238,178,234,94,234,254,74,254,74,70,
[8*12*'鞣']: 0,172,228,190,234,88,232,254,72,220,106,72,
[8*12*'鞦']: 0,180,244,180,254,92,244,244,84,244,90,90,
[8*12*'鞨']: 0,174,234,174,234,78,232,238,90,246,90,70,
[8*12*'鞫']: 0,168,238,178,238,66,238,226,78,238,66,70,
[8*12*'鞭']: 0,174,244,190,254,94,244,244,92,244,84,90,
[8*12*'鞳']: 0,170,254,170,228,74,240,238,64,238,74,78,
[8*12*'鞴']: 0,180,254,212,254,80,222,234,126,234,126,106,
[8*12*'韃']: 0,164,238,164,254,74,254,228,94,244,80,94,
[8*12*'韆']: 0,174,244,174,238,84,234,230,84,246,80,94,
[8*12*'韈']: 0,170,254,170,238,78,254,244,84,246,84,74,
[8*12*'韋']: 0,16,124,36,254,68,124,16,124,80,254,16,
[8*12*'韓']: 0,68,254,74,254,178,254,164,254,84,254,68,
[8*12*'韜']: 0,76,224,116,234,160,246,82,250,210,242,94,
[8*12*'韭']: 0,40,40,238,40,238,40,40,238,40,40,254,
[8*12*'韮']: 0,40,254,40,40,238,40,238,40,238,40,254,
[8*12*'韲']: 0,16,254,108,186,40,238,40,238,40,40,254,
[8*12*'音']: 0,16,124,40,40,254,0,124,68,124,68,124,
[8*12*'韵']: 0,72,238,178,162,250,2,230,170,242,162,236,
[8*12*'韶']: 0,94,234,170,170,246,0,238,170,234,170,238,
[8*12*'韻']: 0,78,234,174,160,238,10,238,170,238,160,234,
[8*12*'響']: 0,118,182,102,180,124,40,254,68,124,68,124,
[8*12*'頁']: 0,254,16,124,68,124,68,124,68,124,68,130,
[8*12*'頂']: 0,30,232,94,82,94,82,94,82,94,192,18,
[8*12*'頃']: 0,158,136,190,210,158,146,158,178,254,0,18,
[8*12*'項']: 0,30,232,94,82,94,82,94,114,222,0,18,
[8*12*'順']: 0,94,84,126,122,126,122,126,122,94,80,154,
[8*12*'須']: 0,94,72,158,18,94,82,158,18,94,64,146,
[8*12*'頌']: 0,94,84,94,138,46,42,46,74,78,80,234,
[8*12*'頏']: 0,46,36,254,10,126,90,94,90,94,80,154,
[8*12*'預']: 0,238,36,206,74,238,106,78,74,78,64,202,
[8*12*'頑']: 0,238,4,14,250,110,106,110,106,190,128,10,
[8*12*'頒']: 0,94,84,94,154,14,250,94,90,94,80,186,
[8*12*'頓']: 0,46,52,238,42,174,170,254,42,46,48,10,
[8*12*'頗']: 0,46,244,174,170,254,154,222,170,174,80,138,
[8*12*'領']: 0,94,168,30,210,30,242,94,82,94,64,82,
[8*12*'頚']: 0,254,20,94,42,94,170,46,122,46,48,202,
[8*12*'頡']: 0,78,68,238,74,78,234,14,234,174,160,234,
[8*12*'頤']: 0,254,164,174,186,222,218,190,170,174,240,10,
[8*12*'頬']: 0,46,36,254,42,174,42,254,42,46,80,138,
[8*12*'頭']: 0,238,4,238,170,238,10,174,170,78,224,18,
[8*12*'頴']: 0,158,232,158,242,30,242,30,242,94,224,82,
[8*12*'頷']: 0,78,164,14,234,14,234,46,234,174,160,234,
[8*12*'頸']: 0,254,84,94,170,94,90,254,42,46,48,202,
[8*12*'頻']: 0,46,52,174,170,254,42,174,170,30,32,202,
[8*12*'頼']: 0,46,244,46,250,174,170,254,42,110,176,42,
[8*12*'頽']: 0,126,36,254,42,126,170,126,90,94,80,154,
[8*12*'顆']: 0,254,180,254,186,254,42,254,42,110,176,42,
[8*12*'顋']: 0,254,172,254,170,174,250,14,90,78,208,186,
[8*12*'題']: 0,238,164,238,170,238,10,238,64,106,192,190,
[8*12*'額']: 0,78,244,158,106,174,74,174,10,238,160,234,
[8*12*'顎']: 0,190,180,190,10,110,10,254,74,110,32,106,
[8*12*'顏']: 0,46,244,94,42,222,170,206,170,222,32,202,
[8*12*'顔']: 0,46,244,94,90,254,170,206,170,222,32,202,
[8*12*'顕']: 0,254,148,254,154,254,106,110,250,110,112,202,
[8*12*'願']: 0,238,132,254,218,254,218,254,170,46,176,106,
[8*12*'顛']: 0,46,244,46,122,94,122,94,250,14,80,138,
[8*12*'類']: 0,174,36,254,42,126,170,46,250,46,80,138,
[8*12*'顧']: 0,238,4,238,170,238,138,110,202,238,192,234,
[8*12*'顫']: 0,46,244,46,250,222,250,110,106,110,48,202,
[8*12*'顯']: 0,254,148,254,90,174,90,174,250,14,80,170,
[8*12*'顰']: 0,46,180,174,254,32,202,32,124,84,254,16,
[8*12*'顱']: 0,46,52,46,250,174,250,238,138,110,112,234,
[8*12*'顳']: 0,254,100,110,106,254,42,254,122,126,240,90,
[8*12*'顴']: 0,94,244,94,250,222,90,126,218,126,80,122,
[8*12*'風']: 0,124,76,116,84,124,84,84,124,84,92,182,
[8*12*'颪']: 0,254,24,16,124,84,124,84,124,84,92,182,
[8*12*'颯']: 0,126,102,250,42,190,170,170,126,106,238,58,
[8*12*'颱']: 0,228,164,168,234,238,224,174,170,174,208,142,
[8*12*'颶']: 0,238,170,174,234,238,234,190,160,170,208,142,
[8*12*'飃']: 0,238,164,174,238,224,238,164,182,172,208,142,
[8*12*'飄']: 0,254,82,246,254,30,126,22,246,62,178,98,
[8*12*'飆']: 0,94,242,86,94,190,30,86,246,94,82,162,
[8*12*'飛']: 0,252,20,86,212,82,252,86,84,86,84,146,
[8*12*'飜']: 0,252,84,246,84,178,80,254,180,246,180,242,
[8*12*'食']: 0,16,40,84,254,68,124,68,124,84,72,230,
[8*12*'飢']: 0,92,180,20,244,180,244,180,244,148,148,230,
[8*12*'飩']: 0,72,174,24,232,170,234,158,232,136,234,142,
[8*12*'飫']: 0,66,172,4,228,190,228,132,228,138,234,146,
[8*12*'飭']: 0,72,174,16,232,168,254,138,234,138,234,150,
[8*12*'飮']: 0,72,174,10,246,164,228,132,228,132,234,146,
[8*12*'飯']: 0,94,176,16,254,178,250,186,228,132,170,242,
[8*12*'飲']: 0,72,174,10,246,164,228,164,228,132,170,242,
[8*12*'飴']: 0,68,164,8,234,190,224,174,234,138,170,238,
[8*12*'飼']: 0,94,162,14,226,174,234,170,234,142,162,230,
[8*12*'飽']: 0,72,174,10,246,166,228,172,232,138,170,238,
[8*12*'飾']: 0,72,174,20,228,190,246,182,246,150,164,228,
[8*12*'餃']: 0,72,190,20,212,226,212,148,200,136,212,162,
[8*12*'餅']: 0,74,164,30,234,170,254,170,234,138,170,242,
[8*12*'餉']: 0,72,168,30,210,222,214,150,214,158,210,150,
[8*12*'養']: 0,68,254,16,254,40,84,186,40,52,40,118,
[8*12*'餌']: 0,94,170,14,234,170,238,170,234,158,162,226,
[8*12*'餐']: 0,46,50,106,172,82,168,124,170,56,40,118,
[8*12*'餒']: 0,76,160,20,234,192,200,190,212,152,204,178,
[8*12*'餓']: 0,76,182,20,254,180,244,188,246,148,188,242,
[8*12*'餔']: 0,74,190,8,222,218,222,154,222,154,218,150,
[8*12*'餘']: 0,68,170,0,238,164,254,132,214,150,196,140,
[8*12*'餝']: 0,84,190,20,200,254,208,158,210,146,210,166,
[8*12*'餞']: 0,74,188,10,228,170,224,138,252,138,228,138,
[8*12*'餠']: 0,74,180,30,234,170,238,154,234,138,234,146,
[8*12*'餡']: 0,72,174,18,228,184,246,146,218,146,210,158,
[8*12*'餤']: 0,68,182,20,228,186,228,150,212,132,202,146,
[8*12*'館']: 0,68,190,18,238,170,238,168,238,138,170,238,
[8*12*'餬']: 0,86,190,22,214,254,238,174,238,190,202,138,
[8*12*'餮']: 0,244,106,164,74,148,40,124,170,56,40,118,
[8*12*'餽']: 0,72,190,42,254,170,254,152,220,158,216,174,
[8*12*'餾']: 0,86,166,38,234,246,192,190,234,190,234,190,
[8*12*'饂']: 0,94,182,22,250,178,254,128,236,140,236,158,
[8*12*'饅']: 0,92,180,28,212,254,234,190,212,136,212,162,
[8*12*'饉']: 0,84,190,20,254,170,234,190,200,156,200,190,
[8*12*'饋']: 0,72,190,42,254,212,220,148,220,148,220,162,
[8*12*'饌']: 0,118,182,36,246,192,212,190,212,190,192,162,
[8*12*'饐']: 0,72,190,8,254,162,236,128,220,148,200,190,
[8*12*'饑']: 0,90,172,26,236,190,228,158,212,150,212,170,
[8*12*'饒']: 0,72,188,8,254,212,254,128,254,148,212,166,
[8*12*'饕']: 0,196,198,156,86,208,42,124,170,56,40,118,
[8*12*'饗']: 0,118,182,246,100,180,40,124,170,56,40,118,
[8*12*'首']: 0,68,8,254,16,124,68,124,68,124,68,124,
[8*12*'馗']: 0,74,94,228,106,110,106,110,106,110,160,190,
[8*12*'馘']: 0,166,4,254,68,244,180,246,180,228,180,234,
[8*12*'香']: 0,12,112,16,254,56,84,254,68,124,68,124,
[8*12*'馥']: 0,24,110,42,254,106,174,116,86,122,84,122,
[8*12*'馨']: 0,46,250,96,110,132,58,16,254,84,186,56,
[8*12*'馬']: 0,124,80,124,80,124,80,126,2,170,170,134,
[8*12*'馭']: 0,238,130,202,138,202,138,228,36,164,170,82,
[8*12*'馮']: 0,62,168,124,40,60,40,126,66,170,170,6,
[8*12*'馳']: 0,228,148,214,158,214,150,244,52,178,178,94,
[8*12*'馴']: 0,226,146,218,154,218,154,250,58,178,178,98,
[8*12*'馼']: 0,228,158,202,138,202,138,228,36,170,170,82,
[8*12*'駁']: 0,218,132,204,146,192,138,234,36,164,170,82,
[8*12*'駄']: 0,200,136,222,136,200,148,244,52,178,170,98,
[8*12*'駅']: 0,238,138,202,138,206,140,236,44,170,170,82,
[8*12*'駆']: 0,238,136,202,138,204,140,234,42,168,168,110,
[8*12*'駈']: 0,196,152,208,144,222,148,244,52,180,180,126,
[8*12*'駐']: 0,232,132,222,132,196,142,228,36,164,164,94,
[8*12*'駑']: 0,46,242,90,36,250,80,124,80,126,2,170,
[8*12*'駒']: 0,232,142,210,142,202,138,234,46,162,162,102,
[8*12*'駕']: 0,64,254,90,126,208,124,80,126,2,170,134,
[8*12*'駘']: 0,228,132,200,138,222,128,238,42,170,170,110,
[8*12*'駛']: 0,196,158,214,150,222,132,236,36,164,170,82,
[8*12*'駝']: 0,228,158,210,136,202,140,232,40,170,170,110,
[8*12*'駟']: 0,222,150,214,150,214,150,246,58,178,178,126,
[8*12*'駢']: 0,234,132,222,138,202,158,234,42,170,170,82,
[8*12*'駭']: 0,228,158,196,152,202,132,232,50,164,170,82,
[8*12*'駮']: 0,228,158,202,138,208,138,234,36,164,170,82,
[8*12*'駱']: 0,232,142,202,148,196,138,240,46,170,170,110,
[8*12*'駲']: 0,234,138,202,158,222,158,234,42,170,170,82,
[8*12*'駸']: 0,236,132,222,132,204,158,242,46,170,164,90,
[8*12*'駻']: 0,222,146,222,146,222,128,238,36,190,164,100,
[8*12*'駿']: 0,232,146,222,148,230,136,236,52,168,180,98,
[8*12*'騁']: 0,228,158,214,158,222,128,254,40,174,162,102,
[8*12*'騅']: 0,234,138,222,148,222,148,244,62,180,180,94,
[8*12*'騎']: 0,232,158,200,148,194,158,226,58,170,186,102,
[8*12*'騏']: 0,234,158,202,142,202,142,234,62,160,170,82,
[8*12*'騒']: 0,222,138,196,154,196,158,246,62,164,166,94,
[8*12*'験']: 0,200,148,254,200,254,234,234,62,168,180,98,
[8*12*'騙']: 0,238,128,206,138,206,136,238,46,190,174,106,
[8*12*'騨']: 0,218,132,222,150,222,150,254,36,190,164,100,
[8*12*'騫']: 0,16,254,170,124,40,254,124,210,126,2,170,
[8*12*'騰']: 0,228,182,164,254,172,178,236,172,174,162,182,
[8*12*'騷']: 0,222,138,196,154,196,158,246,62,164,166,94,
[8*12*'騾']: 0,222,154,222,154,222,144,234,62,168,170,104,
[8*12*'驀']: 0,40,254,124,68,254,84,250,80,126,2,170,
[8*12*'驂']: 0,200,144,218,164,246,156,234,36,170,164,120,
[8*12*'驃']: 0,222,140,222,158,192,140,224,62,164,182,108,
[8*12*'驅']: 0,222,144,214,150,214,144,250,58,186,176,94,
[8*12*'驍']: 0,200,156,200,190,212,190,224,62,180,180,102,
[8*12*'驕']: 0,220,136,254,212,226,220,244,62,182,190,98,
[8*12*'驗']: 0,200,148,226,156,192,190,234,62,180,180,106,
[8*12*'驚']: 0,86,250,116,186,126,80,124,80,126,2,170,
[8*12*'驛']: 0,222,150,222,132,206,158,234,62,164,190,100,
[8*12*'驟']: 0,216,158,218,154,220,138,236,54,172,182,100,
[8*12*'驢']: 0,228,134,196,158,212,150,246,48,172,172,94,
[8*12*'驤']: 0,232,158,214,128,212,158,244,62,186,180,90,
[8*12*'驥']: 0,212,182,212,182,220,156,254,52,190,160,82,
[8*12*'驩']: 0,212,190,212,182,246,148,254,52,190,180,94,
[8*12*'驪']: 0,246,246,234,200,254,236,254,36,182,164,118,
[8*12*'驫']: 0,124,80,124,80,126,170,0,126,108,18,182,
[8*12*'骨']: 0,124,68,92,84,254,130,124,68,124,68,76,
[8*12*'骭']: 0,126,84,116,84,254,148,116,84,116,84,84,
[8*12*'骰']: 0,126,90,122,80,254,154,122,84,116,90,90,
[8*12*'骸']: 0,116,94,116,88,250,148,120,82,116,90,82,
[8*12*'骼']: 0,116,86,122,84,244,154,112,86,118,86,86,
[8*12*'髀']: 0,104,126,106,126,234,190,116,100,126,100,100,
[8*12*'髄']: 0,116,110,100,104,246,150,118,86,118,80,94,
[8*12*'髏']: 0,100,110,126,100,238,174,100,126,106,100,122,
[8*12*'髑']: 0,126,106,126,112,254,170,126,126,106,110,90,
[8*12*'髓']: 0,116,110,116,110,244,158,118,86,118,80,94,
[8*12*'體']: 0,106,126,122,126,224,190,114,126,108,108,94,
[8*12*'高']: 0,16,254,68,124,0,254,130,186,170,186,134,
[8*12*'髞']: 0,92,244,28,254,234,62,232,254,252,234,168,
[8*12*'髟']: 0,114,66,116,64,114,68,240,34,66,84,232,
[8*12*'髢']: 0,114,68,114,68,242,68,110,58,232,34,62,
[8*12*'髣']: 0,114,68,114,68,242,68,254,32,62,66,142,
[8*12*'髦']: 0,114,68,114,68,242,68,126,240,30,240,30,
[8*12*'髪']: 0,114,68,114,68,242,68,254,60,84,136,118,
[8*12*'髫']: 0,114,68,114,68,242,68,254,34,124,164,60,
[8*12*'髭']: 0,114,68,114,68,242,68,112,36,182,164,246,
[8*12*'髮']: 0,114,68,114,68,242,68,254,36,52,72,182,
[8*12*'髯']: 0,114,68,114,68,242,68,124,84,254,68,76,
[8*12*'髱']: 0,114,68,114,68,242,68,126,202,120,66,62,
[8*12*'髴']: 0,114,68,114,68,254,42,254,168,254,42,200,
[8*12*'髷']: 0,114,68,114,68,242,36,254,170,254,170,254,
[8*12*'髻']: 0,114,68,114,68,242,68,254,16,254,68,124,
[8*12*'鬆']: 0,114,68,114,68,240,74,250,32,116,170,46,
[8*12*'鬘']: 0,114,68,114,68,252,68,254,254,40,16,238,
[8*12*'鬚']: 0,114,68,114,68,242,94,132,94,158,64,146,
[8*12*'鬟']: 0,114,68,114,68,242,124,84,254,68,120,182,
[8*12*'鬢']: 0,114,68,114,68,254,154,80,252,68,124,130,
[8*12*'鬣']: 0,114,68,114,68,242,44,68,124,84,92,246,
[8*12*'鬥']: 0,238,198,238,198,238,130,130,130,130,130,134,
[8*12*'鬧']: 0,238,198,238,198,238,146,254,146,254,214,146,
[8*12*'鬨']: 0,238,198,238,130,170,254,170,254,130,170,198,
[8*12*'鬩']: 0,238,198,238,130,174,198,238,198,254,170,206,
[8*12*'鬪']: 0,238,198,238,130,230,142,246,214,166,246,130,
[8*12*'鬮']: 0,238,198,238,154,170,186,254,174,234,190,130,
[8*12*'鬯']: 0,214,170,214,170,214,254,64,76,112,66,62,
[8*12*'鬱']: 0,84,238,84,254,162,212,242,132,224,146,244,
[8*12*'鬲']: 0,254,0,124,68,124,0,254,170,206,186,146,
[8*12*'鬻']: 0,214,122,214,188,214,122,254,170,206,186,146,
[8*12*'鬼']: 0,16,124,84,124,84,124,42,44,46,72,142,
[8*12*'魁']: 0,84,236,164,244,172,228,102,124,100,96,190,
[8*12*'魂']: 0,8,254,42,62,234,126,76,174,238,20,38,
[8*12*'魃']: 0,74,232,190,232,170,244,100,106,114,96,190,
[8*12*'魄']: 0,72,126,234,190,170,254,172,174,238,20,38,
[8*12*'魅']: 0,68,238,164,228,190,228,108,118,100,96,190,
[8*12*'魍']: 0,126,226,182,234,190,242,114,110,98,64,190,
[8*12*'魎']: 0,94,232,190,234,170,254,126,106,106,64,190,
[8*12*'魏']: 0,116,46,250,46,122,174,244,86,102,44,214,
[8*12*'魑']: 0,68,254,170,238,164,254,90,94,82,64,190,
[8*12*'魔']: 0,8,126,84,126,84,126,106,126,92,90,174,
[8*12*'魘']: 0,126,116,78,116,116,138,124,84,124,50,222,
[8*12*'魚']: 0,56,40,72,252,84,124,84,124,0,84,170,
[8*12*'魯']: 0,56,72,252,84,124,170,124,68,124,68,124,
[8*12*'魴']: 0,100,164,62,232,168,238,170,234,10,170,182,
[8*12*'鮃']: 0,126,164,44,246,164,228,190,228,4,164,164,
[8*12*'鮎']: 0,104,168,40,238,168,232,190,242,18,178,190,
[8*12*'鮑']: 0,104,174,50,238,170,234,174,234,8,170,174,
[8*12*'鮒']: 0,106,170,54,242,178,250,178,242,18,178,182,
[8*12*'鮓']: 0,104,174,56,232,174,232,168,238,8,168,168,
[8*12*'鮖']: 0,126,168,40,232,174,234,186,234,10,170,174,
[8*12*'鮗']: 0,100,166,42,228,170,240,164,226,0,172,162,
[8*12*'鮟']: 0,100,190,50,228,190,234,170,236,4,170,178,
[8*12*'鮠']: 0,108,180,36,254,176,254,186,250,24,170,174,
[8*12*'鮨']: 0,104,170,44,234,174,224,174,234,14,170,174,
[8*12*'鮪']: 0,100,164,62,232,174,250,174,234,14,170,170,
[8*12*'鮫']: 0,100,190,42,234,176,234,170,228,4,170,178,
[8*12*'鮭']: 0,100,174,36,228,190,228,164,238,4,164,190,
[8*12*'鮮']: 0,106,164,62,228,164,238,164,228,30,164,164,
[8*12*'鮴']: 0,116,180,62,244,180,254,190,254,20,180,180,
[8*12*'鮹']: 0,100,172,54,228,174,234,174,234,14,170,170,
[8*12*'鯀']: 0,110,164,40,236,164,234,190,228,20,182,164,
[8*12*'鯆']: 0,106,190,40,254,170,254,170,254,42,170,170,
[8*12*'鯉']: 0,126,170,42,254,170,254,168,252,8,168,190,
[8*12*'鯊']: 0,136,42,154,4,184,72,252,84,124,0,170,
[8*12*'鯏']: 0,106,186,46,238,190,238,170,250,26,170,170,
[8*12*'鯑']: 0,114,172,50,232,190,244,164,254,22,182,164,
[8*12*'鯒']: 0,110,162,36,254,170,254,170,254,42,170,170,
[8*12*'鯔']: 0,106,170,52,234,160,254,170,254,42,170,190,
[8*12*'鯖']: 0,100,174,36,238,164,254,170,238,10,174,170,
[8*12*'鯛']: 0,126,162,42,254,170,254,162,254,54,190,162,
[8*12*'鯡']: 0,212,84,118,212,246,212,212,246,20,148,164,
[8*12*'鯢']: 0,104,182,50,250,178,242,190,244,20,180,166,
[8*12*'鯣']: 0,110,170,46,234,174,232,190,234,22,170,166,
[8*12*'鯤']: 0,126,162,62,226,190,228,164,246,36,164,182,
[8*12*'鯨']: 0,100,190,32,238,170,238,164,246,22,164,172,
[8*12*'鯰']: 0,104,180,34,236,160,254,164,224,20,178,174,
[8*12*'鯱']: 0,100,166,36,254,180,246,176,244,20,180,166,
[8*12*'鯲']: 0,212,90,122,208,212,210,218,232,44,138,154,
[8*12*'鯵']: 0,100,170,62,228,190,234,180,226,12,162,172,
[8*12*'鰄']: 0,106,168,62,228,188,236,190,244,60,172,178,
[8*12*'鰆']: 0,100,174,36,254,172,254,178,236,12,172,172,
[8*12*'鰈']: 0,106,190,42,238,160,254,164,254,12,182,164,
[8*12*'鰉']: 0,100,174,42,238,170,238,190,228,14,164,190,
[8*12*'鰊']: 0,104,190,40,254,190,234,190,232,28,170,168,
[8*12*'鰌']: 0,108,178,32,254,172,254,186,242,30,178,190,
[8*12*'鰍']: 0,100,180,36,238,188,236,164,244,52,170,170,
[8*12*'鰐']: 0,118,182,54,224,172,224,190,232,14,162,166,
[8*12*'鰒']: 0,104,174,58,238,170,238,168,238,26,164,186,
[8*12*'鰓']: 0,126,170,62,234,170,254,160,244,16,178,174,
[8*12*'鰔']: 0,106,168,62,228,188,228,190,236,44,186,170,
[8*12*'鰕']: 0,118,178,50,246,160,246,162,234,52,164,170,
[8*12*'鰛']: 0,110,170,46,234,174,224,172,236,12,172,190,
[8*12*'鰡']: 0,104,182,54,246,186,224,190,234,62,170,190,
[8*12*'鰤']: 0,110,164,52,254,190,238,190,254,52,180,164,
[8*12*'鰥']: 0,126,182,62,228,172,246,164,236,22,164,164,
[8*12*'鰭']: 0,100,174,36,254,172,246,174,234,14,170,174,
[8*12*'鰮']: 0,126,182,54,250,178,254,160,236,12,172,190,
[8*12*'鰯']: 0,246,82,118,228,246,210,246,210,54,146,182,
[8*12*'鰰']: 0,196,116,78,250,218,222,250,250,62,148,148,
[8*12*'鰲']: 0,36,246,42,250,84,186,72,252,84,124,170,
[8*12*'鰹']: 0,118,162,50,244,180,234,178,232,28,136,190,
[8*12*'鰺']: 0,200,80,90,228,246,220,234,196,10,164,184,
[8*12*'鰻']: 0,110,170,46,234,190,246,190,234,4,170,178,
[8*12*'鰾']: 0,126,172,62,254,160,236,160,254,4,182,172,
[8*12*'鱆']: 0,100,190,42,254,170,238,170,238,4,190,164,
[8*12*'鱇']: 0,100,190,52,254,182,254,164,246,12,182,172,
[8*12*'鱈']: 0,110,164,62,246,182,224,174,226,14,162,174,
[8*12*'鱒']: 0,106,190,42,254,186,242,190,228,30,180,172,
[8*12*'鱗']: 0,106,168,62,252,170,224,180,254,44,150,164,
[8*12*'鱚']: 0,104,190,40,254,178,254,180,254,30,178,190,
[8*12*'鱠']: 0,100,170,62,224,190,246,190,234,14,170,174,
[8*12*'鱧']: 0,106,190,58,254,160,254,178,254,12,172,190,
[8*12*'鱶']: 0,212,126,72,254,212,234,220,212,30,148,186,
[8*12*'鱸']: 0,100,166,36,254,180,246,182,224,12,172,190,
[8*12*'鳥']: 0,16,124,68,124,68,126,64,126,2,170,134,
[8*12*'鳧']: 0,16,124,68,126,64,126,170,0,124,68,134,
[8*12*'鳩']: 0,68,78,234,110,106,110,104,174,178,138,22,
[8*12*'鳫']: 0,126,72,92,84,92,84,94,80,94,66,170,
[8*12*'鳬']: 0,16,124,68,126,64,126,2,56,40,74,142,
[8*12*'鳰']: 0,8,222,82,94,82,94,80,190,130,170,38,
[8*12*'鳳']: 0,124,68,124,84,124,108,124,100,124,76,174,
[8*12*'鳴']: 0,4,238,170,174,170,174,168,238,2,42,38,
[8*12*'鳶']: 0,10,254,20,126,68,124,68,126,2,170,134,
[8*12*'鴃']: 0,68,238,166,230,166,254,132,228,36,170,114,
[8*12*'鴆']: 0,68,254,218,222,74,110,104,110,162,170,182,
[8*12*'鴇']: 0,132,174,202,142,234,78,72,238,66,74,86,
[8*12*'鴈']: 0,126,64,84,110,106,110,104,110,98,106,166,
[8*12*'鴉']: 0,244,174,170,174,170,254,40,110,162,42,102,
[8*12*'鴎']: 0,228,142,218,222,170,174,216,222,130,234,22,
[8*12*'鴒']: 0,72,190,18,222,18,254,80,94,66,74,86,
[8*12*'鴕']: 0,68,254,178,232,170,236,136,232,42,170,110,
[8*12*'鴛']: 0,64,126,218,40,206,124,124,64,126,2,170,
[8*12*'鴟']: 0,20,238,170,174,250,174,168,174,210,10,230,
[8*12*'鴣']: 0,68,78,234,78,74,238,168,174,162,234,22,
[8*12*'鴦']: 0,16,124,84,254,68,146,124,68,126,2,170,
[8*12*'鴨']: 0,244,174,170,254,170,174,168,254,34,42,38,
[8*12*'鴪']: 0,36,254,138,142,90,94,88,94,82,74,150,
[8*12*'鴫']: 0,4,238,234,238,234,238,232,238,226,234,22,
[8*12*'鴬']: 0,84,8,254,146,124,68,126,64,126,2,170,
[8*12*'鴻']: 0,132,126,42,174,42,46,40,190,226,138,150,
[8*12*'鴾']: 0,68,158,250,14,170,254,168,46,242,42,38,
[8*12*'鴿']: 0,68,174,10,238,10,14,232,174,162,234,22,
[8*12*'鵁']: 0,36,254,90,94,138,94,88,46,34,82,150,
[8*12*'鵄']: 0,244,46,74,94,250,46,120,46,50,202,22,
[8*12*'鵆']: 0,86,120,168,62,106,122,226,122,74,106,90,
[8*12*'鵈']: 0,244,94,122,94,90,126,88,94,114,218,22,
[8*12*'鵐']: 0,244,46,42,126,122,126,168,46,50,202,6,
[8*12*'鵑']: 0,228,174,234,14,234,174,232,174,226,170,182,
[8*12*'鵙']: 0,228,174,234,174,234,174,168,238,2,170,182,
[8*12*'鵜']: 0,84,46,250,46,250,174,248,46,98,170,38,
[8*12*'鵝']: 0,52,222,90,254,90,94,120,222,82,90,214,
[8*12*'鵞']: 0,26,104,254,36,252,34,124,68,126,2,170,
[8*12*'鵠']: 0,164,254,170,46,250,14,232,174,162,170,246,
[8*12*'鵡']: 0,20,222,26,254,26,94,120,222,210,234,198,
[8*12*'鵤']: 0,100,174,42,238,170,238,168,238,162,170,182,
[8*12*'鵬']: 0,244,190,186,254,186,190,248,190,178,186,182,
[8*12*'鵯']: 0,68,254,170,254,170,254,104,174,242,42,38,
[8*12*'鵲']: 0,84,254,90,94,250,14,120,94,114,90,118,
[8*12*'鵺']: 0,36,254,74,126,90,126,216,110,98,82,86,
[8*12*'鶇']: 0,36,254,42,254,170,254,168,254,34,114,170,
[8*12*'鶉']: 0,36,254,122,94,122,14,120,30,242,42,102,
[8*12*'鶏']: 0,52,206,90,46,122,46,248,46,34,82,134,
[8*12*'鶚']: 0,180,190,186,14,106,14,248,78,98,42,102,
[8*12*'鶤']: 0,244,158,42,254,42,254,168,254,34,250,38,
[8*12*'鶩']: 0,116,22,250,106,164,42,124,68,126,2,170,
[8*12*'鶫']: 0,36,254,42,254,250,174,248,46,114,170,38,
[8*12*'鶯']: 0,68,238,68,170,254,146,124,68,126,2,170,
[8*12*'鶲']: 0,84,142,42,94,250,14,248,94,178,90,182,
[8*12*'鶴']: 0,36,254,170,46,122,238,120,110,114,106,118,
[8*12*'鶸']: 0,244,94,250,174,250,94,248,94,242,90,246,
[8*12*'鶺']: 0,180,46,186,46,122,222,120,94,114,90,86,
[8*12*'鶻']: 0,100,110,106,110,250,158,104,110,98,106,102,
[8*12*'鷁']: 0,84,142,10,110,10,94,136,110,98,106,246,
[8*12*'鷂']: 0,68,110,170,78,138,126,168,254,34,170,246,
[8*12*'鷄']: 0,116,222,42,110,90,254,40,254,34,82,134,
[8*12*'鷆']: 0,68,110,74,126,58,190,184,142,242,10,150,
[8*12*'鷏']: 0,36,254,42,126,90,126,88,254,2,82,142,
[8*12*'鷓']: 0,36,254,138,222,250,222,216,126,2,170,170,
[8*12*'鷙']: 0,40,252,44,252,108,182,124,68,126,2,170,
[8*12*'鷦']: 0,84,94,122,238,122,110,104,126,2,170,170,
[8*12*'鷭']: 0,116,46,170,254,122,174,248,174,242,170,246,
[8*12*'鷯']: 0,36,254,42,174,90,254,88,126,34,170,102,
[8*12*'鷲']: 0,36,254,84,116,170,124,68,126,2,170,134,
[8*12*'鷸']: 0,100,46,250,110,170,254,152,222,210,218,182,
[8*12*'鷹']: 0,8,126,84,110,108,110,92,88,94,66,170,
[8*12*'鷺']: 0,230,170,228,78,234,206,124,68,126,2,170,
[8*12*'鷽']: 0,44,84,108,84,254,146,124,68,126,2,170,
[8*12*'鸚']: 0,212,222,218,222,10,174,248,94,98,42,214,
[8*12*'鸛']: 0,84,254,90,254,218,94,120,238,114,106,118,
[8*12*'鸞']: 0,90,132,90,132,222,90,124,68,126,2,170,
[8*12*'鹵']: 0,16,30,16,254,198,170,214,170,198,146,254,
[8*12*'鹸']: 0,68,106,78,244,222,186,218,190,212,148,250,
[8*12*'鹹']: 0,74,104,94,244,188,244,190,188,252,188,234,
[8*12*'鹽']: 0,232,206,246,164,238,202,238,0,124,84,254,
[8*12*'鹿']: 0,8,126,84,126,86,126,100,118,100,100,182,
[8*12*'麁']: 0,60,52,72,254,84,124,100,118,100,100,182,
[8*12*'麈']: 0,8,126,84,126,100,118,92,72,92,72,190,
[8*12*'麋']: 0,8,126,84,126,100,182,0,84,254,56,214,
[8*12*'麌']: 0,8,126,84,126,100,182,92,84,254,16,238,
[8*12*'麑']: 0,8,126,84,126,100,182,44,68,124,40,206,
[8*12*'麒']: 0,74,254,202,238,170,238,202,254,192,234,146,
[8*12*'麓']: 0,68,238,68,238,126,84,126,100,118,100,182,
[8*12*'麕']: 0,8,126,84,126,164,54,254,178,186,214,254,
[8*12*'麗']: 0,238,170,170,16,126,84,126,100,118,100,182,
[8*12*'麝']: 0,8,126,84,126,164,54,114,94,242,90,182,
[8*12*'麟']: 0,74,232,222,252,170,224,212,222,236,214,164,
[8*12*'麥']: 0,16,254,84,186,40,68,186,104,16,40,196,
[8*12*'麦']: 0,16,124,16,124,16,254,32,124,164,24,230,
[8*12*'麩']: 0,68,238,68,164,78,164,100,170,106,64,190,
[8*12*'麪']: 0,94,228,68,182,86,190,98,162,102,64,190,
[8*12*'麭']: 0,72,238,82,174,74,174,106,168,110,64,190,
[8*12*'麸']: 0,68,238,68,228,78,228,68,106,170,64,190,
[8*12*'麹']: 0,80,254,82,234,94,234,94,106,182,64,190,
[8*12*'麺']: 0,94,232,94,246,94,246,94,118,190,64,190,
[8*12*'麻']: 0,8,126,64,84,126,84,84,124,126,84,148,
[8*12*'麼']: 0,8,126,84,126,126,84,72,80,72,82,190,
[8*12*'麾']: 0,8,126,84,126,126,84,78,120,78,120,142,
[8*12*'麿']: 0,8,126,84,126,84,126,98,92,126,98,190,
[8*12*'黄']: 0,40,124,40,254,16,124,84,124,84,124,130,
[8*12*'黌']: 0,44,84,108,254,170,124,40,254,84,124,130,
[8*12*'黍']: 0,124,16,254,56,214,40,214,84,56,214,48,
[8*12*'黎']: 0,116,38,250,118,170,16,40,214,56,214,48,
[8*12*'黏']: 0,116,36,244,102,180,36,94,170,122,170,110,
[8*12*'黐']: 0,116,46,240,106,190,46,84,174,126,170,106,
[8*12*'黒']: 0,124,84,124,84,124,16,124,16,254,0,170,
[8*12*'黔']: 0,232,244,226,236,224,64,254,66,228,4,168,
[8*12*'默']: 0,232,234,232,254,232,72,232,84,244,20,162,
[8*12*'黙']: 0,234,232,254,232,72,232,84,226,0,84,170,
[8*12*'黛']: 0,42,94,196,66,124,84,124,16,254,0,170,
[8*12*'黜']: 0,228,246,246,246,254,68,228,86,246,22,190,
[8*12*'黝']: 0,212,212,238,230,214,86,214,102,234,58,134,
[8*12*'點']: 0,232,232,232,238,232,72,254,82,242,18,190,
[8*12*'黠']: 0,228,228,254,228,228,78,224,78,234,10,174,
[8*12*'黥']: 0,228,254,224,238,234,78,228,86,246,4,172,
[8*12*'黨']: 0,84,16,254,170,56,124,124,16,254,0,170,
[8*12*'黯']: 0,228,254,234,234,254,64,238,74,238,10,174,
[8*12*'黴']: 0,84,84,190,6,126,126,214,124,68,106,66,
[8*12*'黶']: 0,126,116,78,116,190,124,124,16,254,0,170,
[8*12*'黷']: 0,232,254,232,254,246,94,244,92,244,28,162,
[8*12*'黹']: 0,170,40,254,84,146,124,84,124,124,84,84,
[8*12*'黻']: 0,170,72,254,72,170,74,236,244,228,170,178,
[8*12*'黼']: 0,170,94,232,126,170,126,234,254,234,170,170,
[8*12*'黽']: 0,254,170,254,40,238,170,238,170,238,40,62,
[8*12*'鼇']: 0,36,246,42,250,84,186,238,170,238,40,62,
[8*12*'鼈']: 0,84,174,250,252,170,40,238,170,238,40,62,
[8*12*'鼎']: 0,56,170,186,170,186,238,40,238,42,106,170,
[8*12*'鼓']: 0,36,244,46,244,14,242,154,244,84,90,242,
[8*12*'鼕']: 0,68,238,68,170,100,218,40,56,214,8,112,
[8*12*'鼠']: 0,44,68,108,68,124,116,92,116,92,116,218,
[8*12*'鼡']: 0,84,84,8,124,84,124,84,124,84,84,150,
[8*12*'鼬']: 0,68,180,158,214,150,254,182,246,190,240,174,
[8*12*'鼻']: 0,16,124,68,124,254,146,254,68,254,68,132,
[8*12*'鼾']: 0,46,116,84,116,254,180,244,4,244,84,148,
[8*12*'齊']: 0,16,254,40,214,84,146,124,68,124,68,132,
[8*12*'齋']: 0,16,254,40,214,84,186,68,124,84,124,148,
[8*12*'齎']: 0,16,254,40,214,84,186,124,108,124,68,172,
[8*12*'齏']: 0,16,254,40,214,84,186,84,124,84,124,132,
[8*12*'齒']: 0,16,92,80,254,170,214,254,130,170,214,254,
[8*12*'齔']: 0,40,184,168,250,188,216,248,152,184,218,254,
[8*12*'齟']: 0,46,186,170,254,186,218,254,154,186,218,254,
[8*12*'齠']: 0,46,182,166,246,186,208,254,154,186,218,254,
[8*12*'齡']: 0,36,186,160,246,176,222,246,150,180,212,244,
[8*12*'齢']: 0,36,186,160,246,0,190,214,182,244,180,244,
[8*12*'齣']: 0,36,182,170,242,190,214,246,158,178,210,246,
[8*12*'齦']: 0,46,186,174,250,186,222,252,158,188,218,250,
[8*12*'齧']: 0,78,230,70,234,80,28,80,254,170,214,254,
[8*12*'齪']: 0,46,186,170,254,180,212,246,148,180,220,246,
[8*12*'齬']: 0,46,180,174,246,182,222,240,158,186,218,254,
[8*12*'齲']: 0,34,188,164,254,186,222,244,158,190,222,250,
[8*12*'齶']: 0,42,186,170,240,182,208,254,148,182,210,246,
[8*12*'齷']: 0,46,186,174,248,190,216,254,148,190,212,254,
[8*12*'龍']: 0,36,246,84,86,242,86,116,86,116,84,86,
[8*12*'龕']: 0,16,40,254,68,124,246,84,242,86,116,86,
[8*12*'龜']: 0,56,72,252,108,40,254,110,238,126,232,62,
[8*12*'龝']: 0,44,212,126,118,212,126,86,246,222,116,94,
[8*12*'龠']: 0,16,40,254,0,254,170,254,0,254,254,170,
[8*12*'！']: 0,0,0,0,16,16,16,16,16,0,0,16,
[8*12*'＂']: 0,0,0,0,0,40,40,0,0,0,0,0,
[8*12*'＃']: 0,0,0,0,20,20,126,40,40,252,80,80,
[8*12*'＄']: 0,0,0,0,16,124,144,124,18,146,124,16,
[8*12*'％']: 0,0,0,0,0,66,164,72,16,36,74,132,
[8*12*'＆']: 0,0,0,0,48,72,80,32,84,148,136,118,
[8*12*'＇']: 0,0,0,0,0,16,16,0,0,0,0,0,
[8*12*'（']: 0,0,0,0,2,4,8,8,8,8,4,2,
[8*12*'）']: 0,0,0,0,128,64,32,32,32,32,64,128,
[8*12*'＊']: 0,0,0,0,0,16,146,84,56,84,146,16,
[8*12*'＋']: 0,0,0,0,0,16,16,16,254,16,16,16,
[8*12*'，']: 0,0,0,0,0,0,0,0,0,192,64,128,
[8*12*'－']: 0,0,0,0,0,0,0,0,254,0,0,0,
[8*12*'．']: 0,0,0,0,0,0,0,0,0,0,192,192,
[8*12*'／']: 0,0,0,0,0,2,4,8,16,32,64,128,
[8*12*'０']: 0,0,0,0,60,66,70,74,82,98,66,60,
[8*12*'１']: 0,0,0,0,16,112,16,16,16,16,16,124,
[8*12*'２']: 0,0,0,0,60,66,2,4,24,32,64,126,
[8*12*'３']: 0,0,0,0,60,66,2,28,2,2,66,60,
[8*12*'４']: 0,0,0,0,4,12,20,36,68,126,4,4,
[8*12*'５']: 0,0,0,0,126,64,120,68,2,2,68,56,
[8*12*'６']: 0,0,0,0,28,32,64,124,66,66,66,60,
[8*12*'７']: 0,0,0,0,126,2,4,8,8,16,16,16,
[8*12*'８']: 0,0,0,0,60,66,66,60,66,66,66,60,
[8*12*'９']: 0,0,0,0,60,66,66,66,62,2,4,56,
[8*12*'：']: 0,0,0,0,0,0,24,24,0,0,24,24,
[8*12*'；']: 0,0,0,0,0,24,24,0,0,24,8,16,
[8*12*'＜']: 0,0,0,0,0,6,24,96,128,96,24,6,
[8*12*'＝']: 0,0,0,0,0,0,0,254,0,254,0,0,
[8*12*'＞']: 0,0,0,0,0,192,48,12,2,12,48,192,
[8*12*'？']: 0,0,0,0,60,66,2,12,16,0,0,16,
[8*12*'＠']: 0,0,0,0,56,68,154,170,170,148,64,56,
[8*12*'Ａ']: 0,0,0,0,16,16,40,40,68,124,130,130,
[8*12*'Ｂ']: 0,0,0,0,124,66,66,124,66,66,66,124,
[8*12*'Ｃ']: 0,0,0,0,28,34,64,64,64,64,34,28,
[8*12*'Ｄ']: 0,0,0,0,120,68,66,66,66,66,68,120,
[8*12*'Ｅ']: 0,0,0,0,126,64,64,124,64,64,64,126,
[8*12*'Ｆ']: 0,0,0,0,126,64,64,124,64,64,64,64,
[8*12*'Ｇ']: 0,0,0,0,28,34,64,64,78,66,34,28,
[8*12*'Ｈ']: 0,0,0,0,66,66,66,126,66,66,66,66,
[8*12*'Ｉ']: 0,0,0,0,56,16,16,16,16,16,16,56,
[8*12*'Ｊ']: 0,0,0,0,2,2,2,2,2,66,66,60,
[8*12*'Ｋ']: 0,0,0,0,66,68,72,80,112,72,68,66,
[8*12*'Ｌ']: 0,0,0,0,64,64,64,64,64,64,64,126,
[8*12*'Ｍ']: 0,0,0,0,130,198,198,170,170,146,146,130,
[8*12*'Ｎ']: 0,0,0,0,66,98,82,82,74,74,70,66,
[8*12*'Ｏ']: 0,0,0,0,60,66,66,66,66,66,66,60,
[8*12*'Ｐ']: 0,0,0,0,124,66,66,66,124,64,64,64,
[8*12*'Ｑ']: 0,0,0,0,60,66,66,66,66,90,100,58,
[8*12*'Ｒ']: 0,0,0,0,124,66,66,66,124,72,68,66,
[8*12*'Ｓ']: 0,0,0,0,60,66,64,60,2,2,66,60,
[8*12*'Ｔ']: 0,0,0,0,254,16,16,16,16,16,16,16,
[8*12*'Ｕ']: 0,0,0,0,66,66,66,66,66,66,66,60,
[8*12*'Ｖ']: 0,0,0,0,130,130,68,68,40,40,16,16,
[8*12*'Ｗ']: 0,0,0,0,130,146,146,170,170,170,68,68,
[8*12*'Ｘ']: 0,0,0,0,130,68,40,16,16,40,68,130,
[8*12*'Ｙ']: 0,0,0,0,130,68,68,40,16,16,16,16,
[8*12*'Ｚ']: 0,0,0,0,126,2,4,8,16,32,64,126,
[8*12*'［']: 0,0,0,0,14,8,8,8,8,8,8,14,
[8*12*'＼']: 0,0,0,0,0,128,64,32,16,8,4,2,
[8*12*'］']: 0,0,0,0,224,32,32,32,32,32,32,224,
[8*12*'＾']: 0,0,0,0,0,16,40,68,0,0,0,0,
[8*12*'＿']: 0,0,0,0,0,0,0,0,0,0,0,254,
[8*12*'｀']: 0,0,0,0,0,32,16,0,0,0,0,0,
[8*12*'ａ']: 0,0,0,0,0,0,0,56,4,60,68,60,
[8*12*'ｂ']: 0,0,0,0,64,64,64,88,100,68,68,120,
[8*12*'ｃ']: 0,0,0,0,0,0,0,56,68,64,68,56,
[8*12*'ｄ']: 0,0,0,0,4,4,4,52,76,68,68,60,
[8*12*'ｅ']: 0,0,0,0,0,0,0,56,68,124,64,56,
[8*12*'ｆ']: 0,0,0,0,12,16,16,60,16,16,16,16,
[8*12*'ｇ']: 0,0,0,0,0,0,0,60,68,60,4,56,
[8*12*'ｈ']: 0,0,0,0,64,64,64,88,100,68,68,68,
[8*12*'ｉ']: 0,0,0,0,16,0,0,16,16,16,16,16,
[8*12*'ｊ']: 0,0,0,0,8,0,0,8,8,8,72,48,
[8*12*'ｋ']: 0,0,0,0,64,64,64,72,80,112,72,68,
[8*12*'ｌ']: 0,0,0,0,48,16,16,16,16,16,16,16,
[8*12*'ｍ']: 0,0,0,0,0,0,0,236,146,146,146,146,
[8*12*'ｎ']: 0,0,0,0,0,0,0,88,100,68,68,68,
[8*12*'ｏ']: 0,0,0,0,0,0,0,56,68,68,68,56,
[8*12*'ｐ']: 0,0,0,0,0,0,0,120,68,120,64,64,
[8*12*'ｑ']: 0,0,0,0,0,0,0,60,68,60,4,4,
[8*12*'ｒ']: 0,0,0,0,0,0,0,88,100,64,64,64,
[8*12*'ｓ']: 0,0,0,0,0,0,0,56,64,56,4,120,
[8*12*'ｔ']: 0,0,0,0,0,32,32,120,32,32,36,24,
[8*12*'ｕ']: 0,0,0,0,0,0,0,68,68,68,76,52,
[8*12*'ｖ']: 0,0,0,0,0,0,0,68,68,40,40,16,
[8*12*'ｗ']: 0,0,0,0,0,0,0,146,146,170,68,68,
[8*12*'ｘ']: 0,0,0,0,0,0,0,68,40,16,40,68,
[8*12*'ｙ']: 0,0,0,0,0,0,0,68,40,40,16,96,
[8*12*'ｚ']: 0,0,0,0,0,0,0,124,8,16,32,124,
[8*12*'｛']: 0,0,0,0,6,8,8,16,8,8,8,6,
[8*12*'｜']: 0,0,0,0,16,16,16,16,16,16,16,16,
[8*12*'｝']: 0,0,0,0,192,32,32,16,32,32,32,192,
[8*12*'～']: 0,0,0,0,0,0,0,96,146,12,0,0,
[8*12*'｡']: 0,0,0,0,0,0,0,0,0,64,160,64,
[8*12*'｢']: 0,0,0,0,0,224,128,128,128,128,0,0,
[8*12*'｣']: 0,0,0,0,0,0,0,32,32,32,32,224,
[8*12*'､']: 0,0,0,0,0,0,0,0,0,0,128,64,
[8*12*'･']: 0,0,0,0,0,0,0,0,64,0,0,0,
[8*12*'ｦ']: 0,0,0,0,0,224,32,224,32,32,64,128,
[8*12*'ｧ']: 0,0,0,0,0,0,0,224,96,64,64,128,
[8*12*'ｨ']: 0,0,0,0,0,0,0,32,64,192,64,64,
[8*12*'ｩ']: 0,0,0,0,0,0,0,64,224,160,32,64,
[8*12*'ｪ']: 0,0,0,0,0,0,0,0,224,64,64,224,
[8*12*'ｫ']: 0,0,0,0,0,0,0,32,224,96,160,96,
[8*12*'ｬ']: 0,0,0,0,0,0,0,64,224,96,64,64,
[8*12*'ｭ']: 0,0,0,0,0,0,0,0,192,64,64,224,
[8*12*'ｮ']: 0,0,0,0,0,0,0,224,32,96,32,224,
[8*12*'ｯ']: 0,0,0,0,0,0,0,224,224,32,64,128,
[8*12*'ｰ']: 0,0,0,0,0,0,0,0,128,96,0,0,
[8*12*'ｱ']: 0,0,0,0,0,224,32,96,64,64,64,128,
[8*12*'ｲ']: 0,0,0,0,32,32,64,192,64,64,64,64,
[8*12*'ｳ']: 0,0,0,0,64,224,160,160,32,32,64,128,
[8*12*'ｴ']: 0,0,0,0,0,0,224,64,64,64,64,224,
[8*12*'ｵ']: 0,0,0,0,32,224,32,96,96,160,32,96,
[8*12*'ｶ']: 0,0,0,0,64,224,96,96,160,160,32,96,
[8*12*'ｷ']: 0,0,0,0,64,224,64,64,224,64,64,64,
[8*12*'ｸ']: 0,0,0,0,64,96,160,32,32,32,64,128,
[8*12*'ｹ']: 0,0,0,0,128,224,192,192,64,64,64,128,
[8*12*'ｺ']: 0,0,0,0,0,0,224,32,32,32,32,224,
[8*12*'ｻ']: 0,0,0,0,160,224,160,160,160,32,64,128,
[8*12*'ｼ']: 0,0,0,0,128,64,128,64,0,32,64,128,
[8*12*'ｽ']: 0,0,0,0,0,224,32,32,64,64,160,160,
[8*12*'ｾ']: 0,0,0,0,128,224,160,160,160,128,128,224,
[8*12*'ｿ']: 0,0,0,0,160,160,96,96,32,32,64,128,
[8*12*'ﾀ']: 0,0,0,0,64,96,160,160,96,32,64,128,
[8*12*'ﾁ']: 0,0,0,0,32,192,64,224,64,64,64,128,
[8*12*'ﾂ']: 0,0,0,0,0,224,224,224,32,32,64,128,
[8*12*'ﾃ']: 0,0,0,0,0,224,0,224,64,64,64,128,
[8*12*'ﾄ']: 0,0,0,0,128,128,128,192,160,128,128,128,
[8*12*'ﾅ']: 0,0,0,0,64,64,224,64,64,64,64,128,
[8*12*'ﾆ']: 0,0,0,0,0,0,224,0,0,0,0,224,
[8*12*'ﾇ']: 0,0,0,0,0,224,32,160,64,64,160,160,
[8*12*'ﾈ']: 0,0,0,0,64,224,32,64,64,224,64,64,
[8*12*'ﾉ']: 0,0,0,0,32,32,32,32,32,64,64,128,
[8*12*'ﾊ']: 0,0,0,0,64,32,32,160,160,160,160,160,
[8*12*'ﾋ']: 0,0,0,0,128,128,224,128,128,128,128,96,
[8*12*'ﾌ']: 0,0,0,0,0,224,32,32,32,64,64,128,
[8*12*'ﾍ']: 0,0,0,0,0,0,64,64,160,160,32,32,
[8*12*'ﾎ']: 0,0,0,0,64,224,64,64,224,224,64,64,
[8*12*'ﾏ']: 0,0,0,0,0,224,32,32,160,64,64,32,
[8*12*'ﾐ']: 0,0,0,0,192,32,0,64,32,0,192,32,
[8*12*'ﾑ']: 0,0,0,0,64,64,64,128,128,160,224,32,
[8*12*'ﾒ']: 0,0,0,0,32,32,160,64,64,160,128,128,
[8*12*'ﾓ']: 0,0,0,0,0,224,64,224,64,64,64,96,
[8*12*'ﾔ']: 0,0,0,0,64,224,96,96,64,64,64,64,
[8*12*'ﾕ']: 0,0,0,0,0,0,192,64,64,64,64,224,
[8*12*'ﾖ']: 0,0,0,0,0,224,32,32,96,32,32,224,
[8*12*'ﾗ']: 0,0,0,0,0,224,0,224,32,32,64,128,
[8*12*'ﾘ']: 0,0,0,0,160,160,160,160,32,32,32,64,
[8*12*'ﾙ']: 0,0,0,0,64,64,192,192,192,192,224,192,
[8*12*'ﾚ']: 0,0,0,0,128,128,128,128,160,160,192,128,
[8*12*'ﾛ']: 0,0,0,0,0,224,160,160,160,160,160,224,
[8*12*'ﾜ']: 0,0,0,0,0,224,160,32,32,32,64,128,
[8*12*'ﾝ']: 0,0,0,0,0,128,64,0,0,32,64,128,
[8*12*'ﾞ']: 0,0,0,0,0,160,160,0,0,0,0,0,
[8*12*'ﾟ']: 0,0,0,0,0,64,160,64,0,0,0,0,
[8*12*'￠']: 0,0,0,0,8,60,74,72,80,82,60,16,
[8*12*'￡']: 0,0,0,0,56,68,64,248,32,96,162,92,
[8*12*'￢']: 0,0,0,0,0,0,0,0,254,2,2,0,
[8*12*'￣']: 0,0,0,0,0,254,0,0,0,0,0,0,
[8*12*'￤']: 0,0,0,0,16,16,16,0,0,16,16,16,
[8*12*'￥']: 0,0,0,0,130,68,40,254,16,254,16,16,
};
